dataset,case,kind,volume_id,row_id,mutation_active,sampling_status,paired_QA,source_aware_geometry,legacy_full_grid,file_status,sampling_status_agreement,coverage_status_agreement,reuse_decision_agreement,component_checks_agreement,coverage_status,sampling_reuse_decision,max_corner_error_mm,max_intensity_error,nominal_mismatched_intensity_voxels,nominal_mismatched_roi_voxels,ambiguous_intensity_voxels,ambiguous_roi_voxels,violating_intensity_voxels,violating_roi_voxels,candidate_roi_voxels,source_roi_voxels,source_roi_outside_candidate_fov,source_roi_definitely_outside_candidate_fov,source_roi_centres_near_fov_boundary,missing_roi_voxels,exact_roi_preserved,producer_seconds,witness_seconds,file_io_seconds,file_witness_seconds,file_unavailable_elapsed_seconds,drift_vs_source_roi_voxels,drift_vs_source_occupied_volume_mm3,drift_vs_source_mean,drift_vs_source_population_variance,drift_vs_correct_operation_roi_voxels,drift_vs_correct_operation_occupied_volume_mm3,drift_vs_correct_operation_mean,drift_vs_correct_operation_population_variance
synthetic,crop_roi_margin,valid_control,synthetic_31000,"[""synthetic"",""synthetic_31000"",""crop_roi_margin""]",,satisfied,satisfied,satisfied,not_applicable,satisfied,True,True,True,True,satisfied,input_roi_preserved,0.0,0.0,0,0,0,0,0,0,2566,2566,0,0,0,0,True,0.0008218999992095632,0.002631499999552034,0.03716389999863168,0.0023809999984223396,,0,0.0,0.0,0.0,0,0.0,0.0,0.0
synthetic,crop_roi_margin,valid_control,synthetic_31001,"[""synthetic"",""synthetic_31001"",""crop_roi_margin""]",,satisfied,satisfied,satisfied,not_applicable,satisfied,True,True,True,True,satisfied,input_roi_preserved,3.7470027081099033e-16,0.0,0,0,0,0,0,0,1831,1831,0,0,0,0,True,0.0003797000008489704,0.0018023000011453405,0.03281470000001718,0.0019350000002305023,,0,0.0,0.0,0.0,0,0.0,0.0,0.0
synthetic,crop_roi_margin,valid_control,synthetic_31002,"[""synthetic"",""synthetic_31002"",""crop_roi_margin""]",,satisfied,satisfied,satisfied,not_applicable,satisfied,True,True,True,True,satisfied,input_roi_preserved,0.0,0.0,0,0,0,0,0,0,1961,1961,0,0,0,0,True,0.0003876999999192776,0.0017898000005516224,0.036230100000466336,0.002220800000941381,,0,0.0,0.0,0.0,0,0.0,0.0,0.0
synthetic,crop_roi_margin,valid_control,synthetic_31003,"[""synthetic"",""synthetic_31003"",""crop_roi_margin""]",,satisfied,satisfied,satisfied,not_applicable,satisfied,True,True,True,True,satisfied,input_roi_preserved,3.552713678800501e-15,0.0,0,0,0,0,0,0,2643,2643,0,0,0,0,True,0.00039230000038514845,0.0046844999997119885,0.05782369999906223,0.00611400000161666,,0,0.0,0.0,0.0,0,0.0,0.0,0.0
synthetic,crop_roi_margin,valid_control,synthetic_31004,"[""synthetic"",""synthetic_31004"",""crop_roi_margin""]",,satisfied,satisfied,satisfied,not_applicable,satisfied,True,True,True,True,satisfied,input_roi_preserved,0.0,0.0,0,0,0,0,0,0,2076,2076,0,0,0,0,True,0.0007665999983146321,0.003819100000328035,0.04946400000153517,0.0035045000004174653,,0,0.0,0.0,0.0,0,0.0,0.0,0.0
synthetic,crop_roi_margin,valid_control,synthetic_31005,"[""synthetic"",""synthetic_31005"",""crop_roi_margin""]",,satisfied,satisfied,satisfied,not_applicable,satisfied,True,True,True,True,satisfied,input_roi_preserved,0.0,0.0,0,0,0,0,0,0,3376,3376,0,0,0,0,True,0.0006164999995235121,0.004267700000127661,0.04932080000071437,0.004427800000485149,,0,0.0,0.0,0.0,0,0.0,0.0,0.0
synthetic,crop_roi_margin,valid_control,synthetic_31006,"[""synthetic"",""synthetic_31006"",""crop_roi_margin""]",,satisfied,satisfied,satisfied,not_applicable,satisfied,True,True,True,True,satisfied,input_roi_preserved,7.944109290391274e-15,0.0,0,0,0,0,0,0,1718,1718,0,0,0,0,True,0.0009408999994775513,0.004063300000780146,0.0579730000008567,0.0041013000009115785,,0,0.0,0.0,0.0,0,0.0,0.0,0.0
synthetic,crop_roi_margin,valid_control,synthetic_31007,"[""synthetic"",""synthetic_31007"",""crop_roi_margin""]",,satisfied,satisfied,satisfied,not_applicable,satisfied,True,True,True,True,satisfied,input_roi_preserved,1.4210854715202004e-14,0.0,0,0,0,0,0,0,2920,2920,0,0,0,0,True,0.000587200000154553,0.004066199999215314,0.04907209999873885,0.004363399999419926,,0,0.0,0.0,0.0,0,0.0,0.0,0.0
synthetic,crop_roi_margin,valid_control,synthetic_31008,"[""synthetic"",""synthetic_31008"",""crop_roi_margin""]",,satisfied,satisfied,satisfied,not_applicable,satisfied,True,True,True,True,satisfied,input_roi_preserved,0.0,0.0,0,0,0,0,0,0,1529,1529,0,0,0,0,True,0.0005507000005309237,0.00269289999960165,0.0500661999994918,0.003884900001139613,,0,0.0,0.0,0.0,0,0.0,0.0,0.0
synthetic,crop_roi_margin,valid_control,synthetic_31009,"[""synthetic"",""synthetic_31009"",""crop_roi_margin""]",,satisfied,satisfied,satisfied,not_applicable,satisfied,True,True,True,True,satisfied,input_roi_preserved,0.0,0.0,0,0,0,0,0,0,2217,2217,0,0,0,0,True,0.000693199999659555,0.004680699999880744,0.06268830000044545,0.004557100000965875,,0,0.0,0.0,0.0,0,0.0,0.0,0.0
synthetic,crop_roi_margin,valid_control,synthetic_31010,"[""synthetic"",""synthetic_31010"",""crop_roi_margin""]",,satisfied,satisfied,satisfied,not_applicable,satisfied,True,True,True,True,satisfied,input_roi_preserved,0.0,0.0,0,0,0,0,0,0,2099,2099,0,0,0,0,True,0.000574199999391567,0.003806000000622589,0.05570079999961308,0.0036331999999674736,,0,0.0,0.0,0.0,0,0.0,0.0,0.0
synthetic,crop_roi_margin,valid_control,synthetic_31011,"[""synthetic"",""synthetic_31011"",""crop_roi_margin""]",,satisfied,satisfied,satisfied,not_applicable,satisfied,True,True,True,True,satisfied,input_roi_preserved,7.105427357601002e-15,0.0,0,0,0,0,0,0,2356,2356,0,0,0,0,True,0.0006217999998625601,0.004149999998844578,0.06057920000057493,0.005445599999802653,,0,0.0,0.0,0.0,0,0.0,0.0,0.0
synthetic,crop_roi_margin,valid_control,synthetic_31012,"[""synthetic"",""synthetic_31012"",""crop_roi_margin""]",,satisfied,satisfied,satisfied,not_applicable,satisfied,True,True,True,True,satisfied,input_roi_preserved,1.0048591735576161e-14,0.0,0,0,0,0,0,0,2963,2963,0,0,0,0,True,0.0006020000000717118,0.004177299999355455,0.05377520000001823,0.004186000000117929,,0,0.0,0.0,0.0,0,0.0,0.0,0.0
synthetic,crop_roi_margin,valid_control,synthetic_31013,"[""synthetic"",""synthetic_31013"",""crop_roi_margin""]",,satisfied,satisfied,satisfied,not_applicable,satisfied,True,True,True,True,satisfied,input_roi_preserved,0.0,0.0,0,0,0,0,0,0,1839,1839,0,0,0,0,True,0.0009417000001121778,0.004009700000096927,0.059179500000027474,0.00431150000076741,,0,0.0,0.0,0.0,0,0.0,0.0,0.0
synthetic,crop_roi_margin,valid_control,synthetic_31014,"[""synthetic"",""synthetic_31014"",""crop_roi_margin""]",,satisfied,satisfied,satisfied,not_applicable,satisfied,True,True,True,True,satisfied,input_roi_preserved,0.0,0.0,0,0,0,0,0,0,3072,3072,0,0,0,0,True,0.0010671000000002095,0.0061683000003540656,0.06798280000111845,0.006217599999217782,,0,0.0,0.0,0.0,0,0.0,0.0,0.0
synthetic,crop_roi_margin,valid_control,synthetic_31015,"[""synthetic"",""synthetic_31015"",""crop_roi_margin""]",,satisfied,satisfied,satisfied,not_applicable,satisfied,True,True,True,True,satisfied,input_roi_preserved,0.0,0.0,0,0,0,0,0,0,2074,2074,0,0,0,0,True,0.0009128999990934972,0.004263500000888598,0.05786470000020927,0.004917600001135725,,0,0.0,0.0,0.0,0,0.0,0.0,0.0
synthetic,crop_roi_margin,valid_control,synthetic_31016,"[""synthetic"",""synthetic_31016"",""crop_roi_margin""]",,satisfied,satisfied,satisfied,not_applicable,satisfied,True,True,True,True,satisfied,input_roi_preserved,0.0,0.0,0,0,0,0,0,0,1631,1631,0,0,0,0,True,0.0010946000002149958,0.004711899999165325,0.06166740000116988,0.0038475000001199078,,0,0.0,0.0,0.0,0,0.0,0.0,0.0
synthetic,crop_roi_margin,valid_control,synthetic_31017,"[""synthetic"",""synthetic_31017"",""crop_roi_margin""]",,satisfied,satisfied,satisfied,not_applicable,satisfied,True,True,True,True,satisfied,input_roi_preserved,0.0,0.0,0,0,0,0,0,0,3317,3317,0,0,0,0,True,0.0006045999998605112,0.004306300001189811,0.05969610000101966,0.006188999999722,,0,0.0,0.0,0.0,0,0.0,0.0,0.0
synthetic,crop_roi_margin,valid_control,synthetic_31018,"[""synthetic"",""synthetic_31018"",""crop_roi_margin""]",,satisfied,satisfied,satisfied,not_applicable,satisfied,True,True,True,True,satisfied,input_roi_preserved,0.0,0.0,0,0,0,0,0,0,1757,1757,0,0,0,0,True,0.0009919000003719702,0.004354099999545724,0.055988000000070315,0.004490900000746478,,0,0.0,0.0,0.0,0,0.0,0.0,0.0
synthetic,crop_roi_margin,valid_control,synthetic_31019,"[""synthetic"",""synthetic_31019"",""crop_roi_margin""]",,satisfied,satisfied,satisfied,not_applicable,satisfied,True,True,True,True,satisfied,input_roi_preserved,0.0,0.0,0,0,0,0,0,0,1860,1860,0,0,0,0,True,0.0009804000001167879,0.0036129999989498174,0.05757079999966663,0.004038900000523427,,0,0.0,0.0,0.0,0,0.0,0.0,0.0
synthetic,crop_roi_margin,valid_control,synthetic_31020,"[""synthetic"",""synthetic_31020"",""crop_roi_margin""]",,satisfied,satisfied,satisfied,not_applicable,satisfied,True,True,True,True,satisfied,input_roi_preserved,1.4229165934570493e-14,0.0,0,0,0,0,0,0,1662,1662,0,0,0,0,True,0.000680600000123377,0.0030242000011639902,0.05483259999891743,0.004300699998566415,,0,0.0,0.0,0.0,0,0.0,0.0,0.0
synthetic,crop_roi_margin,valid_control,synthetic_31021,"[""synthetic"",""synthetic_31021"",""crop_roi_margin""]",,satisfied,satisfied,satisfied,not_applicable,satisfied,True,True,True,True,satisfied,input_roi_preserved,7.216449660063518e-16,0.0,0,0,0,0,0,0,2063,2063,0,0,0,0,True,0.0008561000013287412,0.0042167999999946915,0.05589250000048196,0.0048790000000735745,,0,0.0,0.0,0.0,0,0.0,0.0,0.0
synthetic,crop_roi_margin,valid_control,synthetic_31022,"[""synthetic"",""synthetic_31022"",""crop_roi_margin""]",,satisfied,satisfied,satisfied,not_applicable,satisfied,True,True,True,True,satisfied,input_roi_preserved,0.0,0.0,0,0,0,0,0,0,2057,2057,0,0,0,0,True,0.0007877000007283641,0.004033400000480469,0.06480069999997795,0.004256300000633928,,0,0.0,0.0,0.0,0,0.0,0.0,0.0
synthetic,crop_roi_margin,valid_control,synthetic_31023,"[""synthetic"",""synthetic_31023"",""crop_roi_margin""]",,satisfied,satisfied,satisfied,not_applicable,satisfied,True,True,True,True,satisfied,input_roi_preserved,0.0,0.0,0,0,0,0,0,0,2396,2396,0,0,0,0,True,0.0009847000001173,0.005108299999847077,0.057604599998740014,0.005727799998567207,,0,0.0,0.0,0.0,0,0.0,0.0,0.0
synthetic,crop_roi_margin,valid_control,synthetic_31024,"[""synthetic"",""synthetic_31024"",""crop_roi_margin""]",,satisfied,satisfied,satisfied,not_applicable,satisfied,True,True,True,True,satisfied,input_roi_preserved,0.0,0.0,0,0,0,0,0,0,1909,1909,0,0,0,0,True,0.0008729999990464421,0.004484999999476713,0.05563299999994342,0.00454370000079507,,0,0.0,0.0,0.0,0,0.0,0.0,0.0
synthetic,crop_roi_margin,valid_control,synthetic_31025,"[""synthetic"",""synthetic_31025"",""crop_roi_margin""]",,satisfied,satisfied,satisfied,not_applicable,satisfied,True,True,True,True,satisfied,input_roi_preserved,2.886579864025407e-15,0.0,0,0,0,0,0,0,1822,1822,0,0,0,0,True,0.0006848000011814293,0.00380589999986114,0.05650749999949767,0.004376299999421462,,0,0.0,0.0,0.0,0,0.0,0.0,0.0
synthetic,crop_roi_margin,valid_control,synthetic_31026,"[""synthetic"",""synthetic_31026"",""crop_roi_margin""]",,satisfied,satisfied,satisfied,not_applicable,satisfied,True,True,True,True,satisfied,input_roi_preserved,0.0,0.0,0,0,0,0,0,0,2773,2773,0,0,0,0,True,0.0006493000000773463,0.0060742000005120644,0.05862140000135696,0.005789599999843631,,0,0.0,0.0,0.0,0,0.0,0.0,0.0
synthetic,crop_roi_margin,valid_control,synthetic_31027,"[""synthetic"",""synthetic_31027"",""crop_roi_margin""]",,satisfied,satisfied,satisfied,not_applicable,satisfied,True,True,True,True,satisfied,input_roi_preserved,0.0,0.0,0,0,0,0,0,0,2566,2566,0,0,0,0,True,0.0006290999990596902,0.003520800000842428,0.05972020000081102,0.005372400000851485,,0,0.0,0.0,0.0,0,0.0,0.0,0.0
synthetic,crop_roi_margin,valid_control,synthetic_31028,"[""synthetic"",""synthetic_31028"",""crop_roi_margin""]",,satisfied,satisfied,satisfied,not_applicable,satisfied,True,True,True,True,satisfied,input_roi_preserved,0.0,0.0,0,0,0,0,0,0,3590,3590,0,0,0,0,True,0.000631200000498211,0.004839199998968979,0.05856579999999667,0.006260000000111177,,0,0.0,0.0,0.0,0,0.0,0.0,0.0
synthetic,crop_roi_margin,valid_control,synthetic_31029,"[""synthetic"",""synthetic_31029"",""crop_roi_margin""]",,satisfied,satisfied,satisfied,not_applicable,satisfied,True,True,True,True,satisfied,input_roi_preserved,3.552713678800501e-15,0.0,0,0,0,0,0,0,2527,2527,0,0,0,0,True,0.000636500000837259,0.005269199999020202,0.057418200000029174,0.0056370999991486315,,0,0.0,0.0,0.0,0,0.0,0.0,0.0
synthetic,crop_roi_margin,valid_control,synthetic_31030,"[""synthetic"",""synthetic_31030"",""crop_roi_margin""]",,satisfied,satisfied,satisfied,not_applicable,satisfied,True,True,True,True,satisfied,input_roi_preserved,8.604228440844963e-16,0.0,0,0,0,0,0,0,2123,2123,0,0,0,0,True,0.001088299999537412,0.005032299999584211,0.05748880000101053,0.0050771000005624956,,0,0.0,0.0,0.0,0,0.0,0.0,0.0
synthetic,crop_roi_margin,valid_control,synthetic_31031,"[""synthetic"",""synthetic_31031"",""crop_roi_margin""]",,satisfied,satisfied,satisfied,not_applicable,satisfied,True,True,True,True,satisfied,input_roi_preserved,3.552713678800501e-15,0.0,0,0,0,0,0,0,3323,3323,0,0,0,0,True,0.0010758000007626833,0.00641639999957988,0.05653370000072755,0.005709299999580253,,0,0.0,0.0,0.0,0,0.0,0.0,0.0
synthetic,half_voxel_sampling_displacement,own_wrapper_mutation,synthetic_31000,"[""synthetic"",""synthetic_31000"",""half_voxel_sampling_displacement""]",True,violated,satisfied,satisfied,not_applicable,violated,True,True,True,True,satisfied,blocked,1.3838569274968834e-14,10.475921911743622,125128,2604,0,0,125128,2604,14288,2566,0,0,0,,,0.0033046999997168314,0.02985170000101789,0.05908799999997427,0.027479200000016135,,11722,120.59645201653984,-0.8688074117935816,-1.811131091932566,0,0.0,-1.3738886962534849,20.359085169898265
synthetic,half_voxel_sampling_displacement,own_wrapper_mutation,synthetic_31001,"[""synthetic"",""synthetic_31001"",""half_voxel_sampling_displacement""]",True,violated,satisfied,satisfied,not_applicable,violated,True,True,True,True,satisfied,blocked,8.243405957841787e-15,10.280463743850401,59198,399,0,0,59198,399,6184,1831,0,0,0,,,0.0020244999996066326,0.012234300000272924,0.045243100001243874,0.012434400001438917,,4353,2.0873046133710886,0.1386862086352918,-12.621055121919653,7,3.5839999999998327,0.6649670824145435,11.169238294553224
synthetic,half_voxel_sampling_displacement,own_wrapper_mutation,synthetic_31002,"[""synthetic"",""synthetic_31002"",""half_voxel_sampling_displacement""]",True,violated,satisfied,satisfied,not_applicable,violated,True,True,True,True,satisfied,blocked,1.2262939759522038e-14,11.776651912187383,84083,1210,0,0,84083,1210,8631,1961,0,0,0,,,0.0025936000001820503,0.018133300000044983,0.04723240000021178,0.018297499998880085,,6670,-23.26551195679349,-0.684234414872108,-13.437247362095718,-314,-160.76800000000003,-1.1560997362938399,10.249742405013137
synthetic,half_voxel_sampling_displacement,own_wrapper_mutation,synthetic_31003,"[""synthetic"",""synthetic_31003"",""half_voxel_sampling_displacement""]",True,violated,satisfied,satisfied,not_applicable,violated,True,True,True,True,satisfied,blocked,3.441730831452987e-15,9.53666527812124,184330,1789,0,0,184330,1789,19909,2643,0,0,0,,,0.007115099999282393,0.06771459999981744,0.11740400000053342,0.0643158000002586,,17266,162.5269365771892,-0.5519017187776041,-17.79244216926196,99,50.6880000000001,-0.3217549350711737,-1.0748584006959163
synthetic,half_voxel_sampling_displacement,own_wrapper_mutation,synthetic_31004,"[""synthetic"",""synthetic_31004"",""half_voxel_sampling_displacement""]",True,violated,satisfied,satisfied,not_applicable,violated,True,True,True,True,satisfied,blocked,5.930087692484439e-15,11.198780346847924,114113,1080,0,0,114113,1080,12357,2076,0,0,0,,,0.004677599999922677,0.03842869999971299,0.09176229999866337,0.038004000000000815,,10281,-55.2743512632087,-0.13946275946413178,-30.91902437785967,-278,-142.33599999999933,-0.06801681401396076,-28.774968045923856
synthetic,half_voxel_sampling_displacement,own_wrapper_mutation,synthetic_31005,"[""synthetic"",""synthetic_31005"",""half_voxel_sampling_displacement""]",True,violated,satisfied,satisfied,not_applicable,violated,True,True,True,True,satisfied,blocked,2.420470799416091e-15,11.298321923022241,203108,2257,0,0,203108,2257,25261,3376,0,0,0,,,0.008643799999845214,0.07390320000013162,0.125602499998422,0.07763080000040645,,21885,-22.23578283189636,0.1790450818929603,-14.154856582565287,79,40.44800000000032,0.34162028681502643,1.5883797560350672
synthetic,half_voxel_sampling_displacement,own_wrapper_mutation,synthetic_31006,"[""synthetic"",""synthetic_31006"",""half_voxel_sampling_displacement""]",True,violated,satisfied,satisfied,not_applicable,violated,True,True,True,True,satisfied,blocked,1.2412670766236366e-15,9.921549352945355,93596,977,0,0,93596,977,9573,1718,0,0,0,,,0.004874500000369153,0.03406179999910819,0.07621860000108427,0.030927499999961583,,7855,137.30852510900877,-0.6119130816578471,-22.994650320706114,-11,-5.631999999999607,-0.3762907224403287,1.7595089793478564
synthetic,half_voxel_sampling_displacement,own_wrapper_mutation,synthetic_31007,"[""synthetic"",""synthetic_31007"",""half_voxel_sampling_displacement""]",True,violated,satisfied,satisfied,not_applicable,violated,True,True,True,True,satisfied,blocked,9.85214447083364e-15,10.308673356582613,129684,1603,0,0,129684,1603,14955,2920,0,0,0,,,0.005806200000733952,0.047265799999877345,0.10239019999971788,0.05303939999976137,,12035,-97.62175844548983,-0.5804969918622134,-16.221513094628733,153,78.33600000000024,-1.2113818195690857,8.785712403074626
synthetic,half_voxel_sampling_displacement,own_wrapper_mutation,synthetic_31008,"[""synthetic"",""synthetic_31008"",""half_voxel_sampling_displacement""]",True,violated,satisfied,satisfied,not_applicable,violated,True,True,True,True,satisfied,blocked,5.5749338175931256e-15,12.354731573475556,71860,844,0,0,71860,844,6916,1529,0,0,0,,,0.004086999999344698,0.027975500001048204,0.06527439999990747,0.02590550000059011,,5387,27.55095771173319,-0.2503144712235865,-9.907231308352152,86,44.0319999999997,0.1951337825648447,7.536331541684831
synthetic,half_voxel_sampling_displacement,own_wrapper_mutation,synthetic_31009,"[""synthetic"",""synthetic_31009"",""half_voxel_sampling_displacement""]",True,violated,satisfied,satisfied,not_applicable,violated,True,True,True,True,satisfied,blocked,1.156551889201422e-14,13.238966564339172,149198,1655,0,0,149198,1655,16509,2217,0,0,0,,,0.005737499999668216,0.05597990000023856,0.1030083999994531,0.06006090000119002,,14292,94.46965340914176,-0.029440287453081693,-23.235827954404044,151,77.3119999999999,-0.24884840619516813,-16.315302549703517
synthetic,half_voxel_sampling_displacement,own_wrapper_mutation,synthetic_31010,"[""synthetic"",""synthetic_31010"",""half_voxel_sampling_displacement""]",True,violated,satisfied,satisfied,not_applicable,violated,True,True,True,True,satisfied,blocked,7.123834950823988e-15,12.275825796836212,97607,422,0,0,97607,422,9801,2099,0,0,0,,,0.006869099999676109,0.04211609999947541,0.09672620000128518,0.0426365999992413,,7702,-66.55681536803968,0.8527451599293917,-26.377007821061056,-96,-49.152000000000044,1.1469107303298176,-22.92969046262641
synthetic,half_voxel_sampling_displacement,own_wrapper_mutation,synthetic_31011,"[""synthetic"",""synthetic_31011"",""half_voxel_sampling_displacement""]",True,violated,satisfied,satisfied,not_applicable,violated,True,True,True,True,satisfied,blocked,9.431057068836283e-15,9.894985789141376,109821,1182,0,0,109821,1182,11409,2356,0,0,0,,,0.007156599998779711,0.054129899999679765,0.10180899999977555,0.05109939999965718,,9053,-44.67589413014775,-0.31498980437926516,-15.080559683802562,-300,-153.59999999999945,-0.6318682365010637,11.879096927696196
synthetic,half_voxel_sampling_displacement,own_wrapper_mutation,synthetic_31012,"[""synthetic"",""synthetic_31012"",""half_voxel_sampling_displacement""]",True,violated,satisfied,satisfied,not_applicable,violated,True,True,True,True,satisfied,blocked,9.880984919163893e-15,10.784259821930693,106387,473,0,0,106387,473,12929,2963,0,0,0,,,0.005024900001444621,0.04602169999998296,0.09172860000035143,0.03971619999902032,,9966,-35.37959193941333,0.3176930333484773,-13.851329806010767,-203,-103.9359999999997,1.1266664369991861,-3.623787268741296
synthetic,half_voxel_sampling_displacement,own_wrapper_mutation,synthetic_31013,"[""synthetic"",""synthetic_31013"",""half_voxel_sampling_displacement""]",True,violated,satisfied,satisfied,not_applicable,violated,True,True,True,True,satisfied,blocked,6.255050120200123e-15,9.807496997200047,91137,1238,0,0,91137,1238,9857,1839,0,0,0,,,0.004430500001035398,0.04210120000061579,0.08010339999964344,0.03463989999909245,,8018,8.403437164311981,-0.5179016862134767,-21.403519602851645,54,27.64800000000014,-0.7263649018127352,-0.9014225451903144
synthetic,half_voxel_sampling_displacement,own_wrapper_mutation,synthetic_31014,"[""synthetic"",""synthetic_31014"",""half_voxel_sampling_displacement""]",True,violated,satisfied,satisfied,not_applicable,violated,True,True,True,True,satisfied,blocked,4.256749850387367e-15,10.152991378625366,145649,2622,0,0,145649,2622,17574,3072,0,0,0,,,0.00884330000008049,0.06597510000028706,0.11330940000152623,0.06875099999888334,,14502,229.03403791134588,-0.6555142068463984,-0.14543745425697807,830,424.96000000000095,-0.474835249348752,32.86586819795701
synthetic,half_voxel_sampling_displacement,own_wrapper_mutation,synthetic_31015,"[""synthetic"",""synthetic_31015"",""half_voxel_sampling_displacement""]",True,violated,satisfied,satisfied,not_applicable,violated,True,True,True,True,satisfied,blocked,1.1401968842178308e-14,11.80290900443367,142503,1682,0,0,142503,1682,15434,2074,0,0,0,,,0.009689700000308221,0.06855260000156704,0.12279750000016065,0.0648682999999437,,13360,174.22208089000833,0.20886071496482228,-20.89557787758588,22,11.264000000000124,0.6852101331383493,-1.0187515423091327
synthetic,half_voxel_sampling_displacement,own_wrapper_mutation,synthetic_31016,"[""synthetic"",""synthetic_31016"",""half_voxel_sampling_displacement""]",True,violated,satisfied,satisfied,not_applicable,violated,True,True,True,True,satisfied,blocked,5.213321721819273e-15,11.266020919983525,75850,1065,0,0,75850,1065,6742,1631,0,0,0,,,0.006320999998933985,0.03466360000129498,0.08516840000083903,0.03262100000029022,,5111,-159.85586079588347,-0.10554258995120014,-13.687466536618444,-629,-322.04800000000023,-0.1668025324864888,-2.9736989030550944
synthetic,half_voxel_sampling_displacement,own_wrapper_mutation,synthetic_31017,"[""synthetic"",""synthetic_31017"",""half_voxel_sampling_displacement""]",True,violated,satisfied,satisfied,not_applicable,violated,True,True,True,True,satisfied,blocked,3.835193889658539e-15,8.944319279284588,154654,1311,0,0,154654,1311,19465,3317,0,0,0,,,0.00990300000012212,0.0870762000013201,0.1232534000009764,0.08330610000120942,,16148,80.75883668886854,-0.22021706614403036,-12.567482360360657,-209,-107.00799999999981,0.04808448551697375,-2.8955253100905907
synthetic,half_voxel_sampling_displacement,own_wrapper_mutation,synthetic_31018,"[""synthetic"",""synthetic_31018"",""half_voxel_sampling_displacement""]",True,violated,satisfied,satisfied,not_applicable,violated,True,True,True,True,satisfied,blocked,5.620504062164855e-15,11.290925497568496,149727,1620,0,0,149727,1620,14329,1757,0,0,0,,,0.006132900000011432,0.07953049999923678,0.11253279999982624,0.0842568999996729,,12572,-49.740582222476405,0.2366129987493666,-29.25025990412803,-208,-106.49599999999919,0.12789694522668427,-14.472203791231266
synthetic,half_voxel_sampling_displacement,own_wrapper_mutation,synthetic_31019,"[""synthetic"",""synthetic_31019"",""half_voxel_sampling_displacement""]",True,violated,satisfied,satisfied,not_applicable,violated,True,True,True,True,satisfied,blocked,5.4566360461576204e-15,10.46096008435632,127646,1355,0,0,127646,1355,12800,1860,0,0,0,,,0.005703799999537296,0.05781320000096457,0.10445910000089498,0.0670031999998173,,10940,-220.62481269507498,0.40340681904345543,-31.30978224647521,-1355,-693.7600000000002,0.5261208007894231,-18.814688011098895
synthetic,half_voxel_sampling_displacement,own_wrapper_mutation,synthetic_31020,"[""synthetic"",""synthetic_31020"",""half_voxel_sampling_displacement""]",True,violated,satisfied,satisfied,not_applicable,violated,True,True,True,True,satisfied,blocked,1.1171403689612729e-14,10.07389418602625,109190,1112,0,0,109190,1112,11118,1662,0,0,0,,,0.004752700000608456,0.04179170000134036,0.10194659999979194,0.04527530000086699,,9456,-75.3787071831166,-0.24774930267734963,-19.757836229744044,18,9.21600000000035,-0.636788257750305,1.6815747287854492
synthetic,half_voxel_sampling_displacement,own_wrapper_mutation,synthetic_31021,"[""synthetic"",""synthetic_31021"",""half_voxel_sampling_displacement""]",True,violated,satisfied,satisfied,not_applicable,violated,True,True,True,True,satisfied,blocked,1.214852748185467e-15,9.237627971486873,66960,587,0,0,66960,587,7380,2063,0,0,0,,,0.0038925000008021016,0.03002060000108031,0.07955629999923985,0.031948299998475704,,5317,-22.542377626382404,0.31221593436250994,-21.131782738484674,-17,-8.704000000000178,0.6709055803312063,-3.0897410180280076
synthetic,half_voxel_sampling_displacement,own_wrapper_mutation,synthetic_31022,"[""synthetic"",""synthetic_31022"",""half_voxel_sampling_displacement""]",True,violated,satisfied,satisfied,not_applicable,violated,True,True,True,True,satisfied,blocked,1.1404671114776845e-14,10.19249633295759,117445,2534,0,0,117445,2534,13158,2057,0,0,0,,,0.008023800000955816,0.05378290000044217,0.10587450000093668,0.05438929999945685,,11101,-36.381558716971995,-1.248679447234323,-2.5257883745098297,0,0.0,-1.5064130424039832,15.692128047312622
synthetic,half_voxel_sampling_displacement,own_wrapper_mutation,synthetic_31023,"[""synthetic"",""synthetic_31023"",""half_voxel_sampling_displacement""]",True,violated,satisfied,satisfied,not_applicable,violated,True,True,True,True,satisfied,blocked,2.8089410453346345e-15,9.552728642163801,166312,1578,0,0,166312,1578,17956,2396,0,0,0,,,0.010322099999029888,0.07695229999990261,0.11426659999960975,0.07783939999899303,,15560,132.20972931904362,-0.10196715317400784,-15.354559916647588,206,105.47199999999975,0.0436172064985314,6.937465138652385
synthetic,half_voxel_sampling_displacement,own_wrapper_mutation,synthetic_31024,"[""synthetic"",""synthetic_31024"",""half_voxel_sampling_displacement""]",True,violated,satisfied,satisfied,not_applicable,violated,True,True,True,True,satisfied,blocked,1.0642842806564202e-14,11.630262716867321,99261,674,0,0,99261,674,10365,1909,0,0,0,,,0.006512599999041413,0.04681470000105037,0.08785480000005919,0.04422359999989567,,8456,-27.110811455525436,0.48719133648522295,-14.62233724766105,-38,-19.45600000000013,1.0334240028380377,6.488868073746289
synthetic,half_voxel_sampling_displacement,own_wrapper_mutation,synthetic_31025,"[""synthetic"",""synthetic_31025"",""half_voxel_sampling_displacement""]",True,violated,satisfied,satisfied,not_applicable,violated,True,True,True,True,satisfied,blocked,6.806400609299186e-15,11.10100931317345,82078,834,0,0,82078,834,8091,1822,0,0,0,,,0.004389199999422999,0.03541340000083437,0.08580639999854611,0.036356200000227545,,6269,-32.92237049864798,0.5375046480583019,-20.948007468501714,102,52.223999999999705,0.8286946220673208,3.7674073003450417
synthetic,half_voxel_sampling_displacement,own_wrapper_mutation,synthetic_31026,"[""synthetic"",""synthetic_31026"",""half_voxel_sampling_displacement""]",True,violated,satisfied,satisfied,not_applicable,violated,True,True,True,True,satisfied,blocked,1.0657454352904748e-14,9.802540276345546,105006,1014,0,0,105006,1014,12159,2773,0,0,0,,,0.005807999999888125,0.04620070000055421,0.09688569999889296,0.04536469999948167,,9386,-39.46958436386558,-0.2594749795452582,-21.873966235979537,-138,-70.65599999999995,-0.08309619399874846,-13.792387700890515
synthetic,half_voxel_sampling_displacement,own_wrapper_mutation,synthetic_31027,"[""synthetic"",""synthetic_31027"",""half_voxel_sampling_displacement""]",True,violated,satisfied,satisfied,not_applicable,violated,True,True,True,True,satisfied,blocked,6.9875729656372966e-15,11.012648872673498,136396,1444,0,0,136396,1444,17339,2566,0,0,0,,,0.005369399999835878,0.05030529999930877,0.10757270000067365,0.06391849999999977,,14773,83.76359473877346,-0.1296436885894956,-15.985735160165234,124,63.487999999999374,-0.2772894061442406,2.602548677455843
synthetic,half_voxel_sampling_displacement,own_wrapper_mutation,synthetic_31028,"[""synthetic"",""synthetic_31028"",""half_voxel_sampling_displacement""]",True,violated,satisfied,satisfied,not_applicable,violated,True,True,True,True,satisfied,blocked,1.609823385706477e-15,9.01061292284006,192138,944,0,0,192138,944,25314,3590,0,0,0,,,0.01189410000006319,0.0909988000003068,0.1494762999991508,0.07306600000083563,,21724,105.65943317444362,0.2033736444269727,-12.488300725823478,72,36.8640000000014,0.5790928549332297,-2.448315093806741
synthetic,half_voxel_sampling_displacement,own_wrapper_mutation,synthetic_31029,"[""synthetic"",""synthetic_31029"",""half_voxel_sampling_displacement""]",True,violated,satisfied,satisfied,not_applicable,violated,True,True,True,True,satisfied,blocked,7.735506809067399e-15,10.43580125547048,133767,989,0,0,133767,989,14356,2527,0,0,0,,,0.005412800001067808,0.05058730000018841,0.11843090000002121,0.05562790000112727,,11829,-162.34301459693506,0.2956414235598952,-12.519094790631868,-695,-355.84000000000015,1.1712210675003558,1.3149614113907546
synthetic,half_voxel_sampling_displacement,own_wrapper_mutation,synthetic_31030,"[""synthetic"",""synthetic_31030"",""half_voxel_sampling_displacement""]",True,violated,satisfied,satisfied,not_applicable,violated,True,True,True,True,satisfied,blocked,0.0,9.645121847351323,109428,1040,0,0,109428,1040,10802,2123,0,0,0,,,0.007854600000428036,0.04166840000107186,0.09118209999905957,0.043595099999947706,,8679,-107.81751527340475,-0.19977957409250835,-10.496255202053078,-298,-152.57600000000002,-0.09776945845996776,15.166891473258374
synthetic,half_voxel_sampling_displacement,own_wrapper_mutation,synthetic_31031,"[""synthetic"",""synthetic_31031"",""half_voxel_sampling_displacement""]",True,violated,satisfied,satisfied,not_applicable,violated,True,True,True,True,satisfied,blocked,6.674335893081555e-15,10.427866142263557,157430,1703,0,0,157430,1703,18686,3323,0,0,0,,,0.009943299999576993,0.06631999999990512,0.1160994000001665,0.06906309999976656,,15363,-314.20995811537796,0.014399088995665332,-21.29170184585263,-1691,-865.7920000000013,0.4694720651449922,-13.56361898314833
synthetic,identity,valid_control,synthetic_31000,"[""synthetic"",""synthetic_31000"",""identity""]",,satisfied,satisfied,satisfied,satisfied,satisfied,True,True,True,True,satisfied,input_roi_preserved,0.0,0.0,0,0,0,0,0,0,2566,2566,0,0,0,0,True,0.0,0.002182800000809948,0.023061000001689536,0.0022315999995043967,,0,0.0,0.0,0.0,0,0.0,0.0,0.0
synthetic,identity,valid_control,synthetic_31001,"[""synthetic"",""synthetic_31001"",""identity""]",,satisfied,satisfied,satisfied,satisfied,satisfied,True,True,True,True,satisfied,input_roi_preserved,0.0,0.0,0,0,0,0,0,0,1831,1831,0,0,0,0,True,0.0,0.00170080000134476,0.02451429999928223,0.0019792000002780696,,0,0.0,0.0,0.0,0,0.0,0.0,0.0
synthetic,identity,valid_control,synthetic_31002,"[""synthetic"",""synthetic_31002"",""identity""]",,satisfied,satisfied,satisfied,satisfied,satisfied,True,True,True,True,satisfied,input_roi_preserved,0.0,0.0,0,0,0,0,0,0,1961,1961,0,0,0,0,True,0.0,0.0019388000000617467,0.02637470000081521,0.0021510000005946495,,0,0.0,0.0,0.0,0,0.0,0.0,0.0
synthetic,identity,valid_control,synthetic_31003,"[""synthetic"",""synthetic_31003"",""identity""]",,satisfied,satisfied,satisfied,satisfied,satisfied,True,True,True,True,satisfied,input_roi_preserved,0.0,0.0,0,0,0,0,0,0,2643,2643,0,0,0,0,True,0.0,0.004638700000214158,0.03443849999894155,0.004274099999747705,,0,0.0,0.0,0.0,0,0.0,0.0,0.0
synthetic,identity,valid_control,synthetic_31004,"[""synthetic"",""synthetic_31004"",""identity""]",,satisfied,satisfied,satisfied,satisfied,satisfied,True,True,True,True,satisfied,input_roi_preserved,0.0,0.0,0,0,0,0,0,0,2076,2076,0,0,0,0,True,0.0,0.0034099000004061963,0.03667390000009618,0.003485799999907613,,0,0.0,0.0,0.0,0,0.0,0.0,0.0
synthetic,identity,valid_control,synthetic_31005,"[""synthetic"",""synthetic_31005"",""identity""]",,satisfied,satisfied,satisfied,satisfied,satisfied,True,True,True,True,satisfied,input_roi_preserved,0.0,0.0,0,0,0,0,0,0,3376,3376,0,0,0,0,True,0.0,0.004080099999555387,0.04014569999890227,0.0047689000002719695,,0,0.0,0.0,0.0,0,0.0,0.0,0.0
synthetic,identity,valid_control,synthetic_31006,"[""synthetic"",""synthetic_31006"",""identity""]",,satisfied,satisfied,satisfied,satisfied,satisfied,True,True,True,True,satisfied,input_roi_preserved,0.0,0.0,0,0,0,0,0,0,1718,1718,0,0,0,0,True,0.0,0.002551199999288656,0.035574600000472856,0.0029571000013675075,,0,0.0,0.0,0.0,0,0.0,0.0,0.0
synthetic,identity,valid_control,synthetic_31007,"[""synthetic"",""synthetic_31007"",""identity""]",,satisfied,satisfied,satisfied,satisfied,satisfied,True,True,True,True,satisfied,input_roi_preserved,0.0,0.0,0,0,0,0,0,0,2920,2920,0,0,0,0,True,0.0,0.004274799999620882,0.04055610000068555,0.004582999999911408,,0,0.0,0.0,0.0,0,0.0,0.0,0.0
synthetic,identity,valid_control,synthetic_31008,"[""synthetic"",""synthetic_31008"",""identity""]",,satisfied,satisfied,satisfied,satisfied,satisfied,True,True,True,True,satisfied,input_roi_preserved,0.0,0.0,0,0,0,0,0,0,1529,1529,0,0,0,0,True,0.0,0.0028872999992017867,0.03584279999995488,0.0029634999991685618,,0,0.0,0.0,0.0,0,0.0,0.0,0.0
synthetic,identity,valid_control,synthetic_31009,"[""synthetic"",""synthetic_31009"",""identity""]",,satisfied,satisfied,satisfied,satisfied,satisfied,True,True,True,True,satisfied,input_roi_preserved,0.0,0.0,0,0,0,0,0,0,2217,2217,0,0,0,0,True,0.0,0.003211600000213366,0.037202999999863096,0.004420600000230479,,0,0.0,0.0,0.0,0,0.0,0.0,0.0
synthetic,identity,valid_control,synthetic_31010,"[""synthetic"",""synthetic_31010"",""identity""]",,satisfied,satisfied,satisfied,satisfied,satisfied,True,True,True,True,satisfied,input_roi_preserved,0.0,0.0,0,0,0,0,0,0,2099,2099,0,0,0,0,True,0.0,0.0031211000004987,0.03680940000049304,0.003525600001012208,,0,0.0,0.0,0.0,0,0.0,0.0,0.0
synthetic,identity,valid_control,synthetic_31011,"[""synthetic"",""synthetic_31011"",""identity""]",,satisfied,satisfied,satisfied,satisfied,satisfied,True,True,True,True,satisfied,input_roi_preserved,0.0,0.0,0,0,0,0,0,0,2356,2356,0,0,0,0,True,0.0,0.004886900000201422,0.04204080000090471,0.005384300000514486,,0,0.0,0.0,0.0,0,0.0,0.0,0.0
synthetic,identity,valid_control,synthetic_31012,"[""synthetic"",""synthetic_31012"",""identity""]",,satisfied,satisfied,satisfied,satisfied,satisfied,True,True,True,True,satisfied,input_roi_preserved,0.0,0.0,0,0,0,0,0,0,2963,2963,0,0,0,0,True,0.0,0.0036688000000140164,0.04643260000011651,0.004199300001346273,,0,0.0,0.0,0.0,0,0.0,0.0,0.0
synthetic,identity,valid_control,synthetic_31013,"[""synthetic"",""synthetic_31013"",""identity""]",,satisfied,satisfied,satisfied,satisfied,satisfied,True,True,True,True,satisfied,input_roi_preserved,0.0,0.0,0,0,0,0,0,0,1839,1839,0,0,0,0,True,0.0,0.004109400000743335,0.043909900001381175,0.0048467000015079975,,0,0.0,0.0,0.0,0,0.0,0.0,0.0
synthetic,identity,valid_control,synthetic_31014,"[""synthetic"",""synthetic_31014"",""identity""]",,satisfied,satisfied,satisfied,satisfied,satisfied,True,True,True,True,satisfied,input_roi_preserved,0.0,0.0,0,0,0,0,0,0,3072,3072,0,0,0,0,True,0.0,0.004297199999200529,0.040640900000653346,0.0054519000004802365,,0,0.0,0.0,0.0,0,0.0,0.0,0.0
synthetic,identity,valid_control,synthetic_31015,"[""synthetic"",""synthetic_31015"",""identity""]",,satisfied,satisfied,satisfied,satisfied,satisfied,True,True,True,True,satisfied,input_roi_preserved,0.0,0.0,0,0,0,0,0,0,2074,2074,0,0,0,0,True,0.0,0.0033457999998063315,0.04079759999876842,0.004247299999406096,,0,0.0,0.0,0.0,0,0.0,0.0,0.0
synthetic,identity,valid_control,synthetic_31016,"[""synthetic"",""synthetic_31016"",""identity""]",,satisfied,satisfied,satisfied,satisfied,satisfied,True,True,True,True,satisfied,input_roi_preserved,0.0,0.0,0,0,0,0,0,0,1631,1631,0,0,0,0,True,0.0,0.004343500000686618,0.04782999999952153,0.004929700000502635,,0,0.0,0.0,0.0,0,0.0,0.0,0.0
synthetic,identity,valid_control,synthetic_31017,"[""synthetic"",""synthetic_31017"",""identity""]",,satisfied,satisfied,satisfied,satisfied,satisfied,True,True,True,True,satisfied,input_roi_preserved,0.0,0.0,0,0,0,0,0,0,3317,3317,0,0,0,0,True,0.0,0.00598580000041693,0.045131800001399824,0.006554999999934807,,0,0.0,0.0,0.0,0,0.0,0.0,0.0
synthetic,identity,valid_control,synthetic_31018,"[""synthetic"",""synthetic_31018"",""identity""]",,satisfied,satisfied,satisfied,satisfied,satisfied,True,True,True,True,satisfied,input_roi_preserved,0.0,0.0,0,0,0,0,0,0,1757,1757,0,0,0,0,True,0.0,0.004368899999462883,0.045714899999438785,0.004314199999498669,,0,0.0,0.0,0.0,0,0.0,0.0,0.0
synthetic,identity,valid_control,synthetic_31019,"[""synthetic"",""synthetic_31019"",""identity""]",,satisfied,satisfied,satisfied,satisfied,satisfied,True,True,True,True,satisfied,input_roi_preserved,0.0,0.0,0,0,0,0,0,0,1860,1860,0,0,0,0,True,0.0,0.004485199999180622,0.046182199999748264,0.005104899999423651,,0,0.0,0.0,0.0,0,0.0,0.0,0.0
synthetic,identity,valid_control,synthetic_31020,"[""synthetic"",""synthetic_31020"",""identity""]",,satisfied,satisfied,satisfied,satisfied,satisfied,True,True,True,True,satisfied,input_roi_preserved,0.0,0.0,0,0,0,0,0,0,1662,1662,0,0,0,0,True,0.0,0.003047500000320724,0.04258500000105414,0.004617700000380864,,0,0.0,0.0,0.0,0,0.0,0.0,0.0
synthetic,identity,valid_control,synthetic_31021,"[""synthetic"",""synthetic_31021"",""identity""]",,satisfied,satisfied,satisfied,satisfied,satisfied,True,True,True,True,satisfied,input_roi_preserved,0.0,0.0,0,0,0,0,0,0,2063,2063,0,0,0,0,True,0.0,0.004754900000989437,0.044173799999043695,0.00453410000045551,,0,0.0,0.0,0.0,0,0.0,0.0,0.0
synthetic,identity,valid_control,synthetic_31022,"[""synthetic"",""synthetic_31022"",""identity""]",,satisfied,satisfied,satisfied,satisfied,satisfied,True,True,True,True,satisfied,input_roi_preserved,0.0,0.0,0,0,0,0,0,0,2057,2057,0,0,0,0,True,0.0,0.0032439999995403923,0.048615899999276735,0.004685399999289075,,0,0.0,0.0,0.0,0,0.0,0.0,0.0
synthetic,identity,valid_control,synthetic_31023,"[""synthetic"",""synthetic_31023"",""identity""]",,satisfied,satisfied,satisfied,satisfied,satisfied,True,True,True,True,satisfied,input_roi_preserved,0.0,0.0,0,0,0,0,0,0,2396,2396,0,0,0,0,True,0.0,0.004853899999943678,0.04400100000020757,0.005479199999172124,,0,0.0,0.0,0.0,0,0.0,0.0,0.0
synthetic,identity,valid_control,synthetic_31024,"[""synthetic"",""synthetic_31024"",""identity""]",,satisfied,satisfied,satisfied,satisfied,satisfied,True,True,True,True,satisfied,input_roi_preserved,0.0,0.0,0,0,0,0,0,0,1909,1909,0,0,0,0,True,0.0,0.005179300000236253,0.0442879999991419,0.005525000000488944,,0,0.0,0.0,0.0,0,0.0,0.0,0.0
synthetic,identity,valid_control,synthetic_31025,"[""synthetic"",""synthetic_31025"",""identity""]",,satisfied,satisfied,satisfied,satisfied,satisfied,True,True,True,True,satisfied,input_roi_preserved,0.0,0.0,0,0,0,0,0,0,1822,1822,0,0,0,0,True,0.0,0.0036404000002221437,0.046912399999200716,0.003426200000831159,,0,0.0,0.0,0.0,0,0.0,0.0,0.0
synthetic,identity,valid_control,synthetic_31026,"[""synthetic"",""synthetic_31026"",""identity""]",,satisfied,satisfied,satisfied,satisfied,satisfied,True,True,True,True,satisfied,input_roi_preserved,0.0,0.0,0,0,0,0,0,0,2773,2773,0,0,0,0,True,0.0,0.005115699999805656,0.0441768000000593,0.005663899999490241,,0,0.0,0.0,0.0,0,0.0,0.0,0.0
synthetic,identity,valid_control,synthetic_31027,"[""synthetic"",""synthetic_31027"",""identity""]",,satisfied,satisfied,satisfied,satisfied,satisfied,True,True,True,True,satisfied,input_roi_preserved,0.0,0.0,0,0,0,0,0,0,2566,2566,0,0,0,0,True,0.0,0.004910100000415696,0.045165200001065386,0.004496600000493345,,0,0.0,0.0,0.0,0,0.0,0.0,0.0
synthetic,identity,valid_control,synthetic_31028,"[""synthetic"",""synthetic_31028"",""identity""]",,satisfied,satisfied,satisfied,satisfied,satisfied,True,True,True,True,satisfied,input_roi_preserved,0.0,0.0,0,0,0,0,0,0,3590,3590,0,0,0,0,True,0.0,0.006300699998973869,0.04490740000073856,0.0060611000008066185,,0,0.0,0.0,0.0,0,0.0,0.0,0.0
synthetic,identity,valid_control,synthetic_31029,"[""synthetic"",""synthetic_31029"",""identity""]",,satisfied,satisfied,satisfied,satisfied,satisfied,True,True,True,True,satisfied,input_roi_preserved,0.0,0.0,0,0,0,0,0,0,2527,2527,0,0,0,0,True,0.0,0.005348499998945044,0.044923499999640626,0.005789400000139722,,0,0.0,0.0,0.0,0,0.0,0.0,0.0
synthetic,identity,valid_control,synthetic_31030,"[""synthetic"",""synthetic_31030"",""identity""]",,satisfied,satisfied,satisfied,satisfied,satisfied,True,True,True,True,satisfied,input_roi_preserved,0.0,0.0,0,0,0,0,0,0,2123,2123,0,0,0,0,True,0.0,0.005207800000789575,0.04598660000010568,0.005565900000874535,,0,0.0,0.0,0.0,0,0.0,0.0,0.0
synthetic,identity,valid_control,synthetic_31031,"[""synthetic"",""synthetic_31031"",""identity""]",,satisfied,satisfied,satisfied,satisfied,satisfied,True,True,True,True,satisfied,input_roi_preserved,0.0,0.0,0,0,0,0,0,0,3323,3323,0,0,0,0,True,0.0,0.006485300000349525,0.052158200000121724,0.007180399999924703,,0,0.0,0.0,0.0,0,0.0,0.0,0.0
synthetic,isotropic_0p8mm,valid_control,synthetic_31000,"[""synthetic"",""synthetic_31000"",""isotropic_0p8mm""]",,satisfied,satisfied,satisfied,not_applicable,satisfied,True,True,True,True,satisfied,requires_reextraction,1.3838569274968834e-14,6.039613253960852e-13,0,0,0,0,0,0,14288,2566,0,0,0,,,0.0035581000011006836,0.028050799999618903,0.05889179999940097,0.02838979999978619,,11722,120.59645201653984,0.5050812844599033,-22.17021626183083,0,0.0,0.0,0.0
synthetic,isotropic_0p8mm,valid_control,synthetic_31001,"[""synthetic"",""synthetic_31001"",""isotropic_0p8mm""]",,satisfied,satisfied,satisfied,not_applicable,satisfied,True,True,True,True,satisfied,requires_reextraction,8.243405957841787e-15,3.552713678800501e-13,0,0,0,0,0,0,6177,1831,0,0,0,,,0.002092199998514843,0.011793499999839696,0.04242869999870891,0.012705999999525375,,4346,-1.496695386628744,-0.5262808737792517,-23.790293416472878,0,0.0,0.0,0.0
synthetic,isotropic_0p8mm,valid_control,synthetic_31002,"[""synthetic"",""synthetic_31002"",""isotropic_0p8mm""]",,satisfied,satisfied,satisfied,not_applicable,satisfied,True,True,True,True,satisfied,requires_reextraction,1.2262939759522038e-14,4.583000645652646e-13,0,0,0,0,0,0,8945,1961,0,0,0,,,0.0026211000003968365,0.017721700000038254,0.05217829999855894,0.018611800000144285,,6984,137.50248804320654,0.4718653214217319,-23.686989767108855,0,0.0,0.0,0.0
synthetic,isotropic_0p8mm,valid_control,synthetic_31003,"[""synthetic"",""synthetic_31003"",""isotropic_0p8mm""]",,satisfied,satisfied,satisfied,not_applicable,satisfied,True,True,True,True,satisfied,requires_reextraction,3.441730831452987e-15,3.197442310920451e-13,0,0,0,0,0,0,19810,2643,0,0,0,,,0.00704559999940102,0.06564150000122027,0.13069370000084746,0.0654525999998441,,17167,111.83893657718909,-0.23014678370643038,-16.717583768566044,0,0.0,0.0,0.0
synthetic,isotropic_0p8mm,valid_control,synthetic_31004,"[""synthetic"",""synthetic_31004"",""isotropic_0p8mm""]",,satisfied,satisfied,satisfied,not_applicable,satisfied,True,True,True,True,satisfied,requires_reextraction,5.930087692484439e-15,4.583000645652646e-13,0,0,0,0,0,0,12635,2076,0,0,0,,,0.004698900000221329,0.0394694000005984,0.09258740000041144,0.04052369999953953,,10559,87.06164873679063,-0.07144594545017102,-2.144056331935815,0,0.0,0.0,0.0
synthetic,isotropic_0p8mm,valid_control,synthetic_31005,"[""synthetic"",""synthetic_31005"",""isotropic_0p8mm""]",,satisfied,satisfied,satisfied,not_applicable,satisfied,True,True,True,True,satisfied,requires_reextraction,2.420470799416091e-15,3.481659405224491e-13,0,0,0,0,0,0,25182,3376,0,0,0,,,0.0073815999985527014,0.07069620000038412,0.1209952000008343,0.07113580000077491,,21806,-62.68378283189668,-0.16257520492206612,-15.743236338600354,0,0.0,0.0,0.0
synthetic,isotropic_0p8mm,valid_control,synthetic_31006,"[""synthetic"",""synthetic_31006"",""isotropic_0p8mm""]",,satisfied,satisfied,satisfied,not_applicable,satisfied,True,True,True,True,satisfied,requires_reextraction,1.2412670766236366e-15,3.2507330161024584e-13,0,0,0,0,0,0,9584,1718,0,0,0,,,0.004786999999851105,0.029817100001309882,0.07670500000131142,0.029354000000239466,,7866,142.94052510900838,-0.2356223592175184,-24.75415930005397,0,0.0,0.0,0.0
synthetic,isotropic_0p8mm,valid_control,synthetic_31007,"[""synthetic"",""synthetic_31007"",""isotropic_0p8mm""]",,satisfied,satisfied,satisfied,not_applicable,satisfied,True,True,True,True,satisfied,requires_reextraction,9.85214447083364e-15,5.293543381412746e-13,0,0,0,0,0,0,14802,2920,0,0,0,,,0.005651000001307693,0.04902539999966393,0.10167090000140888,0.04904780000106257,,11882,-175.95775844549007,0.6308848277068723,-25.00722549770336,0,0.0,0.0,0.0
synthetic,isotropic_0p8mm,valid_control,synthetic_31008,"[""synthetic"",""synthetic_31008"",""isotropic_0p8mm""]",,satisfied,satisfied,satisfied,not_applicable,satisfied,True,True,True,True,satisfied,requires_reextraction,5.5749338175931256e-15,3.3661962106634746e-13,0,0,0,0,0,0,6830,1529,0,0,0,,,0.0035081999994872604,0.023705599998720572,0.06440900000052352,0.02268960000037623,,5301,-16.481042288266508,-0.4454482537884312,-17.443562850036983,0,0.0,0.0,0.0
synthetic,isotropic_0p8mm,valid_control,synthetic_31009,"[""synthetic"",""synthetic_31009"",""isotropic_0p8mm""]",,satisfied,satisfied,satisfied,not_applicable,satisfied,True,True,True,True,satisfied,requires_reextraction,1.156551889201422e-14,4.263256414560601e-13,0,0,0,0,0,0,16358,2217,0,0,0,,,0.007174700000177836,0.0606606000001193,0.10142129999985627,0.05648720000135654,,14141,17.157653409141858,0.21940811874208643,-6.920525404700527,0,0.0,0.0,0.0
synthetic,isotropic_0p8mm,valid_control,synthetic_31010,"[""synthetic"",""synthetic_31010"",""isotropic_0p8mm""]",,satisfied,satisfied,satisfied,not_applicable,satisfied,True,True,True,True,satisfied,requires_reextraction,7.123834950823988e-15,5.311306949806749e-13,0,0,0,0,0,0,9897,2099,0,0,0,,,0.004888100000243867,0.03345679999983986,0.08841600000050676,0.0396268999993481,,7798,-17.404815368039635,-0.2941655704004258,-3.4473173584346455,0,0.0,0.0,0.0
synthetic,isotropic_0p8mm,valid_control,synthetic_31011,"[""synthetic"",""synthetic_31011"",""isotropic_0p8mm""]",,satisfied,satisfied,satisfied,not_applicable,satisfied,True,True,True,True,satisfied,requires_reextraction,9.431057068836283e-15,3.1441516057384433e-13,0,0,0,0,0,0,11709,2356,0,0,0,,,0.0045935999987705145,0.04583049999928335,0.09958879999976489,0.039736499998980435,,9353,108.9241058698517,0.31687843212179856,-26.959656611498758,0,0.0,0.0,0.0
synthetic,isotropic_0p8mm,valid_control,synthetic_31012,"[""synthetic"",""synthetic_31012"",""isotropic_0p8mm""]",,satisfied,satisfied,satisfied,not_applicable,satisfied,True,True,True,True,satisfied,requires_reextraction,9.880984919163893e-15,4.476419235288631e-13,0,0,0,0,0,0,13132,2963,0,0,0,,,0.008035900000322727,0.044836799999757204,0.09305029999995895,0.04721659999995609,,10169,68.55640806058636,-0.8089734036507088,-10.227542537269471,0,0.0,0.0,0.0
synthetic,isotropic_0p8mm,valid_control,synthetic_31013,"[""synthetic"",""synthetic_31013"",""isotropic_0p8mm""]",,satisfied,satisfied,satisfied,not_applicable,satisfied,True,True,True,True,satisfied,requires_reextraction,6.255050120200123e-15,3.1441516057384433e-13,0,0,0,0,0,0,9803,1839,0,0,0,,,0.006994299999860232,0.03749679999964428,0.0898801999992429,0.033385000000635046,,7964,-19.244562835688157,0.2084632155992585,-20.50209705766133,0,0.0,0.0,0.0
synthetic,isotropic_0p8mm,valid_control,synthetic_31014,"[""synthetic"",""synthetic_31014"",""isotropic_0p8mm""]",,satisfied,satisfied,satisfied,not_applicable,satisfied,True,True,True,True,satisfied,requires_reextraction,4.256749850387367e-15,2.8421709430404007e-13,0,0,0,0,0,0,16744,3072,0,0,0,,,0.006284099999902537,0.05508939999890572,0.11158649999924819,0.056181699999797274,,13672,-195.92596208865507,-0.1806789574976464,-33.01130565221399,0,0.0,0.0,0.0
synthetic,isotropic_0p8mm,valid_control,synthetic_31015,"[""synthetic"",""synthetic_31015"",""isotropic_0p8mm""]",,satisfied,satisfied,satisfied,not_applicable,satisfied,True,True,True,True,satisfied,requires_reextraction,1.1401968842178308e-14,2.948752353404416e-13,0,0,0,0,0,0,15412,2074,0,0,0,,,0.009314699998867582,0.06843769999977667,0.11513949999971373,0.06733189999977185,,13338,162.9580808900082,-0.47634941817352705,-19.876826335276746,0,0.0,0.0,0.0
synthetic,isotropic_0p8mm,valid_control,synthetic_31016,"[""synthetic"",""synthetic_31016"",""isotropic_0p8mm""]",,satisfied,satisfied,satisfied,not_applicable,satisfied,True,True,True,True,satisfied,requires_reextraction,5.213321721819273e-15,6.856737400084967e-13,0,0,0,0,0,0,7371,1631,0,0,0,,,0.006631299998844042,0.03440930000033404,0.08657420000054117,0.030219899999792688,,5740,162.19213920411676,0.06125994253528866,-10.71376763356335,0,0.0,0.0,0.0
synthetic,isotropic_0p8mm,valid_control,synthetic_31017,"[""synthetic"",""synthetic_31017"",""isotropic_0p8mm""]",,satisfied,satisfied,satisfied,not_applicable,satisfied,True,True,True,True,satisfied,requires_reextraction,3.835193889658539e-15,2.5579538487363607e-13,0,0,0,0,0,0,19674,3317,0,0,0,,,0.009886600000754697,0.0707566000000952,0.11858630000097037,0.07438009999896167,,16357,187.76683668886835,-0.2683015516610041,-9.671957050270066,0,0.0,0.0,0.0
synthetic,isotropic_0p8mm,valid_control,synthetic_31018,"[""synthetic"",""synthetic_31018"",""isotropic_0p8mm""]",,satisfied,satisfied,satisfied,not_applicable,satisfied,True,True,True,True,satisfied,requires_reextraction,5.620504062164855e-15,2.4158453015843406e-13,0,0,0,0,0,0,14537,1757,0,0,0,,,0.006195899999511312,0.05866349999996601,0.1264338000000862,0.07717740000043705,,12780,56.75541777752278,0.10871605352268232,-14.778056112896763,0,0.0,0.0,0.0
synthetic,isotropic_0p8mm,valid_control,synthetic_31019,"[""synthetic"",""synthetic_31019"",""isotropic_0p8mm""]",,satisfied,satisfied,satisfied,not_applicable,satisfied,True,True,True,True,satisfied,requires_reextraction,5.4566360461576204e-15,3.410605131648481e-13,0,0,0,0,0,0,14155,1860,0,0,0,,,0.00852149999991525,0.06326760000047216,0.0965436000005866,0.0614796000008937,,12295,473.13518730492524,-0.1227139817459677,-12.495094235376314,0,0.0,0.0,0.0
synthetic,isotropic_0p8mm,valid_control,synthetic_31020,"[""synthetic"",""synthetic_31020"",""isotropic_0p8mm""]",,satisfied,satisfied,satisfied,not_applicable,satisfied,True,True,True,True,satisfied,requires_reextraction,1.1171403689612729e-14,3.3573144264664734e-13,0,0,0,0,0,0,11100,1662,0,0,0,,,0.005620600000838749,0.05679969999982859,0.09761539999999513,0.05808140000044659,,9438,-84.59470718311695,0.3890389550729554,-21.439410958529493,0,0.0,0.0,0.0
synthetic,isotropic_0p8mm,valid_control,synthetic_31021,"[""synthetic"",""synthetic_31021"",""isotropic_0p8mm""]",,satisfied,satisfied,satisfied,not_applicable,satisfied,True,True,True,True,satisfied,requires_reextraction,1.214852748185467e-15,2.6290081223123707e-13,0,0,0,0,0,0,7397,2063,0,0,0,,,0.005452199999126606,0.02851569999984349,0.08574240000052669,0.030387700000574114,,5334,-13.838377626382226,-0.35868964596869635,-18.042041720456666,0,0.0,0.0,0.0
synthetic,isotropic_0p8mm,valid_control,synthetic_31022,"[""synthetic"",""synthetic_31022"",""isotropic_0p8mm""]",,satisfied,satisfied,satisfied,not_applicable,satisfied,True,True,True,True,satisfied,requires_reextraction,1.1404671114776845e-14,2.7711166694643907e-13,0,0,0,0,0,0,13158,2057,0,0,0,,,0.008131000000503263,0.05355939999935799,0.0986283000002004,0.055097700000260375,,11101,-36.381558716971995,0.2577335951696602,-18.21791642182245,0,0.0,0.0,0.0
synthetic,isotropic_0p8mm,valid_control,synthetic_31023,"[""synthetic"",""synthetic_31023"",""isotropic_0p8mm""]",,satisfied,satisfied,satisfied,not_applicable,satisfied,True,True,True,True,satisfied,requires_reextraction,2.8089410453346345e-15,3.126388037344441e-13,0,0,0,0,0,0,17750,2396,0,0,0,,,0.008152500000505825,0.0755871000001207,0.130482700000357,0.07529760000034003,,15354,26.737729319043865,-0.14558435967253924,-22.292025055299973,0,0.0,0.0,0.0
synthetic,isotropic_0p8mm,valid_control,synthetic_31024,"[""synthetic"",""synthetic_31024"",""isotropic_0p8mm""]",,satisfied,satisfied,satisfied,not_applicable,satisfied,True,True,True,True,satisfied,requires_reextraction,1.0642842806564202e-14,3.5349501104064984e-13,0,0,0,0,0,0,10403,1909,0,0,0,,,0.0075575999999273336,0.05794409999907657,0.09100159999979951,0.060308899999654386,,8494,-7.654811455525305,-0.5462326663528148,-21.11120532140734,0,0.0,0.0,0.0
synthetic,isotropic_0p8mm,valid_control,synthetic_31025,"[""synthetic"",""synthetic_31025"",""isotropic_0p8mm""]",,satisfied,satisfied,satisfied,not_applicable,satisfied,True,True,True,True,satisfied,requires_reextraction,6.806400609299186e-15,4.902744876744691e-13,0,0,0,0,0,0,7989,1822,0,0,0,,,0.003864399999656598,0.031776499999978114,0.08207350000157021,0.04427650000070571,,6167,-85.14637049864768,-0.2911899740090189,-24.715414768846756,0,0.0,0.0,0.0
synthetic,isotropic_0p8mm,valid_control,synthetic_31026,"[""synthetic"",""synthetic_31026"",""isotropic_0p8mm""]",,satisfied,satisfied,satisfied,not_applicable,satisfied,True,True,True,True,satisfied,requires_reextraction,1.0657454352904748e-14,4.618527782440651e-13,0,0,0,0,0,0,12297,2773,0,0,0,,,0.007767599998260266,0.045734299999821815,0.09331010000096285,0.048318199998902855,,9524,31.18641563613437,-0.17637878554650976,-8.081578535089022,0,0.0,0.0,0.0
synthetic,isotropic_0p8mm,valid_control,synthetic_31027,"[""synthetic"",""synthetic_31027"",""isotropic_0p8mm""]",,satisfied,satisfied,satisfied,not_applicable,satisfied,True,True,True,True,satisfied,requires_reextraction,6.9875729656372966e-15,3.126388037344441e-13,0,0,0,0,0,0,17215,2566,0,0,0,,,0.009654800000134856,0.056803200001013465,0.11451060000035795,0.05419609999989916,,14649,20.27559473877409,0.14764571755474498,-18.588283837621077,0,0.0,0.0,0.0
synthetic,isotropic_0p8mm,valid_control,synthetic_31028,"[""synthetic"",""synthetic_31028"",""isotropic_0p8mm""]",,satisfied,satisfied,satisfied,not_applicable,satisfied,True,True,True,True,satisfied,requires_reextraction,1.609823385706477e-15,2.398081733190338e-13,0,0,0,0,0,0,25242,3590,0,0,0,,,0.012128500000471831,0.07539530000030936,0.1289372999999614,0.07641860000148881,,21652,68.79543317444222,-0.375719210506257,-10.039985632016737,0,0.0,0.0,0.0
synthetic,isotropic_0p8mm,valid_control,synthetic_31029,"[""synthetic"",""synthetic_31029"",""isotropic_0p8mm""]",,satisfied,satisfied,satisfied,not_applicable,satisfied,True,True,True,True,satisfied,requires_reextraction,7.735506809067399e-15,3.410605131648481e-13,0,0,0,0,0,0,15051,2527,0,0,0,,,0.009309600000051432,0.05802129999938188,0.10158620000038354,0.051069200000711135,,12524,193.49698540306508,-0.8755796439404606,-13.834056202022623,0,0.0,0.0,0.0
synthetic,isotropic_0p8mm,valid_control,synthetic_31030,"[""synthetic"",""synthetic_31030"",""isotropic_0p8mm""]",,satisfied,satisfied,satisfied,not_applicable,satisfied,True,True,True,True,satisfied,requires_reextraction,0.0,3.694822225952521e-13,0,0,0,0,0,0,11100,2123,0,0,0,,,0.005014899999878253,0.037231899999824236,0.09301970000160509,0.04038390000096115,,8977,44.75848472659527,-0.10201011563254059,-25.663146675311452,0,0.0,0.0,0.0
synthetic,isotropic_0p8mm,valid_control,synthetic_31031,"[""synthetic"",""synthetic_31031"",""isotropic_0p8mm""]",,satisfied,satisfied,satisfied,not_applicable,satisfied,True,True,True,True,satisfied,requires_reextraction,6.674335893081555e-15,5.044853423896711e-13,0,0,0,0,0,0,20377,3323,0,0,0,,,0.0060684999989462085,0.0663191999992705,0.11488049999934447,0.07176129999970726,,17054,551.5820418846233,-0.45507297614932685,-7.728082862704298,0,0.0,0.0,0.0
synthetic,isotropic_1mm,valid_control,synthetic_31000,"[""synthetic"",""synthetic_31000"",""isotropic_1mm""]",,satisfied,satisfied,satisfied,not_applicable,satisfied,True,True,True,True,satisfied,requires_reextraction,3.942464333787022e-15,5.115907697472721e-13,0,0,0,0,0,0,7033,2566,0,0,0,,,0.0022255999992921716,0.015703900000517024,0.04530269999850134,0.014025300000866991,,4467,-161.85954798346484,0.1567153078020116,-19.23670199903688,0,0.0,0.0,0.0
synthetic,isotropic_1mm,valid_control,synthetic_31001,"[""synthetic"",""synthetic_31001"",""isotropic_1mm""]",,satisfied,satisfied,satisfied,not_applicable,satisfied,True,True,True,True,satisfied,requires_reextraction,1.6939998869943827e-15,3.304023721284466e-13,0,0,0,0,0,0,3118,1831,0,0,0,,,0.0016204000003199326,0.005308699999659439,0.03789379999943776,0.005298800000673509,,1287,-46.120695386629905,-0.3851615590923989,-4.404571098508768,0,0.0,0.0,0.0
synthetic,isotropic_1mm,valid_control,synthetic_31002,"[""synthetic"",""synthetic_31002"",""isotropic_1mm""]",,satisfied,satisfied,satisfied,not_applicable,satisfied,True,True,True,True,satisfied,requires_reextraction,7.489699494986086e-15,5.258016244624741e-13,0,0,0,0,0,0,4435,1961,0,0,0,,,0.0018409999993309611,0.008788700000877725,0.038330899998982204,0.008460299999569543,,2474,-7.337511956794515,-0.06399751486045702,-18.02709397866522,0,0.0,0.0,0.0
synthetic,isotropic_1mm,valid_control,synthetic_31003,"[""synthetic"",""synthetic_31003"",""isotropic_1mm""]",,satisfied,satisfied,satisfied,not_applicable,satisfied,True,True,True,True,satisfied,requires_reextraction,6.938893903907228e-16,3.268496584496461e-13,0,0,0,0,0,0,9924,2643,0,0,0,,,0.004230200000165496,0.03369440000096802,0.07745470000008936,0.034057500000926666,,7281,-106.88106342281571,-0.281146106257838,-27.642029588350397,0,0.0,0.0,0.0
synthetic,isotropic_1mm,valid_control,synthetic_31004,"[""synthetic"",""synthetic_31004"",""isotropic_1mm""]",,satisfied,satisfied,satisfied,not_applicable,satisfied,True,True,True,True,satisfied,requires_reextraction,2.220446049250313e-15,3.872457909892546e-13,0,0,0,0,0,0,6462,2076,0,0,0,,,0.0031696999994892394,0.018899499998951796,0.06599499999902037,0.02015190000020084,,4386,79.94164873678983,-0.3801932861861117,-9.730821301451783,0,0.0,0.0,0.0
synthetic,isotropic_1mm,valid_control,synthetic_31005,"[""synthetic"",""synthetic_31005"",""isotropic_1mm""]",,satisfied,satisfied,satisfied,not_applicable,satisfied,True,True,True,True,satisfied,requires_reextraction,3.227294399221455e-15,3.1796787425264483e-13,0,0,0,0,0,0,13151,3376,0,0,0,,,0.004589199999827542,0.0378138999985822,0.08679139999912877,0.03775140000107058,,9775,195.1322171681004,-0.8001221725872028,-3.4920366630927333,0,0.0,0.0,0.0
synthetic,isotropic_1mm,valid_control,synthetic_31006,"[""synthetic"",""synthetic_31006"",""isotropic_1mm""]",,satisfied,satisfied,satisfied,not_applicable,satisfied,True,True,True,True,satisfied,requires_reextraction,5.662137425588298e-15,2.6645352591003757e-13,0,0,0,0,0,0,4709,1718,0,0,0,,,0.0028048000003764173,0.014972299999499228,0.05595050000010815,0.01575820000107342,,2991,-55.067474890992344,-0.3264394503100845,-1.2936323075463179,0,0.0,0.0,0.0
synthetic,isotropic_1mm,valid_control,synthetic_31007,"[""synthetic"",""synthetic_31007"",""isotropic_1mm""]",,satisfied,satisfied,satisfied,not_applicable,satisfied,True,True,True,True,satisfied,requires_reextraction,4.551914400963142e-15,3.982925100842749e-13,0,0,0,0,0,0,7853,2920,0,0,0,,,0.00540759999967122,0.025817399999141344,0.06922759999906702,0.022078500000134227,,4933,98.41824155450831,-0.10898845760796183,-7.074047148906402,0,0.0,0.0,0.0
synthetic,isotropic_1mm,valid_control,synthetic_31008,"[""synthetic"",""synthetic_31008"",""isotropic_1mm""]",,satisfied,satisfied,satisfied,not_applicable,satisfied,True,True,True,True,satisfied,requires_reextraction,3.972054645195637e-15,2.7000623958883807e-13,0,0,0,0,0,0,3238,1529,0,0,0,,,0.0024909999992814846,0.011701200000970857,0.05885069999931147,0.012311200000112876,,1709,-275.44104228826745,0.327226770572435,-35.44275059157343,0,0.0,0.0,0.0
synthetic,isotropic_1mm,valid_control,synthetic_31009,"[""synthetic"",""synthetic_31009"",""isotropic_1mm""]",,satisfied,satisfied,satisfied,not_applicable,satisfied,True,True,True,True,satisfied,requires_reextraction,0.0,3.339550858072471e-13,0,0,0,0,0,0,8381,2217,0,0,0,,,0.006081200001062825,0.030777099998886115,0.06925159999991592,0.02690489999986312,,6164,22.86165340914158,-0.10849159540791509,1.810098670718105,0,0.0,0.0,0.0
synthetic,isotropic_1mm,valid_control,synthetic_31010,"[""synthetic"",""synthetic_31010"",""isotropic_1mm""]",,satisfied,satisfied,satisfied,not_applicable,satisfied,True,True,True,True,satisfied,requires_reextraction,3.1111016583378457e-15,5.151434834260726e-13,0,0,0,0,0,0,5132,2099,0,0,0,,,0.004696600000897888,0.02039110000077926,0.06509660000119766,0.018053100000543054,,3033,47.33118463195933,-0.0909165366876219,-11.958312074637945,0,0.0,0.0,0.0
synthetic,isotropic_1mm,valid_control,synthetic_31011,"[""synthetic"",""synthetic_31011"",""isotropic_1mm""]",,satisfied,satisfied,satisfied,not_applicable,satisfied,True,True,True,True,satisfied,requires_reextraction,3.263375893225244e-15,2.984279490192421e-13,0,0,0,0,0,0,5911,2356,0,0,0,,,0.005396300000938936,0.02395749999959662,0.07079340000018419,0.02269440000054601,,3555,24.91610586985098,-0.1700530629269541,-10.443572130493749,0,0.0,0.0,0.0
synthetic,isotropic_1mm,valid_control,synthetic_31012,"[""synthetic"",""synthetic_31012"",""isotropic_1mm""]",,satisfied,satisfied,satisfied,not_applicable,satisfied,True,True,True,True,satisfied,requires_reextraction,4.620782372656675e-15,3.126388037344441e-13,0,0,0,0,0,0,6690,2963,0,0,0,,,0.004979600000297069,0.02388959999916551,0.07846070000050531,0.02523479999945266,,3727,34.97240806058471,0.006780755453564824,-18.75524612546309,0,0.0,0.0,0.0
synthetic,isotropic_1mm,valid_control,synthetic_31013,"[""synthetic"",""synthetic_31013"",""isotropic_1mm""]",,satisfied,satisfied,satisfied,not_applicable,satisfied,True,True,True,True,satisfied,requires_reextraction,2.6645352591003757e-15,3.055333763768431e-13,0,0,0,0,0,0,5064,1839,0,0,0,,,0.003322299999126699,0.01569230000131938,0.06392039999991539,0.016352200000255834,,3225,25.619437164309602,-0.39662776562637014,-21.69391881817353,0,0.0,0.0,0.0
synthetic,isotropic_1mm,valid_control,synthetic_31014,"[""synthetic"",""synthetic_31014"",""isotropic_1mm""]",,satisfied,satisfied,satisfied,not_applicable,satisfied,True,True,True,True,satisfied,requires_reextraction,9.42055475210265e-15,3.2307490016592055e-13,0,0,0,0,0,0,8689,3072,0,0,0,,,0.005163099998753751,0.031297599998652004,0.0797288000012486,0.02654869999969378,,5617,-79.85396208865859,-0.27231223647692726,-19.916493326493026,0,0.0,0.0,0.0
synthetic,isotropic_1mm,valid_control,synthetic_31015,"[""synthetic"",""synthetic_31015"",""isotropic_1mm""]",,satisfied,satisfied,satisfied,not_applicable,satisfied,True,True,True,True,satisfied,requires_reextraction,0.0,2.504663143554353e-13,0,0,0,0,0,0,7220,2074,0,0,0,,,0.006128900000476278,0.03315259999908449,0.08807069999966188,0.02715849999913189,,5146,-507.9859191099904,0.4826300689471723,-34.60333484192893,0,0.0,0.0,0.0
synthetic,isotropic_1mm,valid_control,synthetic_31016,"[""synthetic"",""synthetic_31016"",""isotropic_1mm""]",,satisfied,satisfied,satisfied,not_applicable,satisfied,True,True,True,True,satisfied,requires_reextraction,1.9860273225978185e-15,5.258016244624741e-13,0,0,0,0,0,0,3591,1631,0,0,0,,,0.004321899999922607,0.01198850000037055,0.06911750000108441,0.015943100001095445,,1960,-20.759860795884833,0.7833583923940581,-15.905089097103144,0,0.0,0.0,0.0
synthetic,isotropic_1mm,valid_control,synthetic_31017,"[""synthetic"",""synthetic_31017"",""isotropic_1mm""]",,satisfied,satisfied,satisfied,not_applicable,satisfied,True,True,True,True,satisfied,requires_reextraction,3.3187359289286223e-15,1.8030021919912542e-13,0,0,0,0,0,0,9881,3317,0,0,0,,,0.004101299999092589,0.04016539999975066,0.08805489999940619,0.04201199999988603,,6564,-4.321163311135024,0.4016096854905764,-20.756635787021878,0,0.0,0.0,0.0
synthetic,isotropic_1mm,valid_control,synthetic_31018,"[""synthetic"",""synthetic_31018"",""isotropic_1mm""]",,satisfied,satisfied,satisfied,not_applicable,satisfied,True,True,True,True,satisfied,requires_reextraction,1.0124911476851602e-14,2.4868995751603507e-13,0,0,0,0,0,0,6897,1757,0,0,0,,,0.0065329000008205185,0.0382636000013008,0.09081890000015846,0.031643399999666144,,5140,-489.18858222247945,0.1094713142222501,-32.35499417736975,0,0.0,0.0,0.0
synthetic,isotropic_1mm,valid_control,synthetic_31019,"[""synthetic"",""synthetic_31019"",""isotropic_1mm""]",,satisfied,satisfied,satisfied,not_applicable,satisfied,True,True,True,True,satisfied,requires_reextraction,1.000899307419204e-14,3.481659405224491e-13,0,0,0,0,0,0,6781,1860,0,0,0,,,0.005905500000153552,0.03835299999991548,0.0768924000003608,0.02770579999923939,,4921,6.775187304922838,0.25644284256335426,-28.620043743384713,0,0.0,0.0,0.0
synthetic,isotropic_1mm,valid_control,synthetic_31020,"[""synthetic"",""synthetic_31020"",""isotropic_1mm""]",,satisfied,satisfied,satisfied,not_applicable,satisfied,True,True,True,True,satisfied,requires_reextraction,8.459490685012412e-15,3.481659405224491e-13,0,0,0,0,0,0,5686,1662,0,0,0,,,0.003676300000734045,0.024972299999717507,0.06765249999989464,0.02688000000125612,,4024,-81.79470718311677,-0.4425747905003323,-27.52255990600395,0,0.0,0.0,0.0
synthetic,isotropic_1mm,valid_control,synthetic_31021,"[""synthetic"",""synthetic_31021"",""isotropic_1mm""]",,satisfied,satisfied,satisfied,not_applicable,satisfied,True,True,True,True,satisfied,requires_reextraction,6.1578138742631785e-15,3.339550858072471e-13,0,0,0,0,0,0,3867,2063,0,0,0,,,0.004327700000430923,0.011815800000476884,0.06719800000064424,0.01408129999981611,,1804,65.89762237361674,0.05317511395436414,-20.441418506817627,0,0.0,0.0,0.0
synthetic,isotropic_1mm,valid_control,synthetic_31022,"[""synthetic"",""synthetic_31022"",""isotropic_1mm""]",,satisfied,satisfied,satisfied,not_applicable,satisfied,True,True,True,True,satisfied,requires_reextraction,8.007471539287253e-15,2.1316282072803006e-13,0,0,0,0,0,0,6872,2057,0,0,0,,,0.0051586999998107785,0.027450899999166722,0.08118370000011055,0.02114150000124937,,4815,98.72244128302555,0.1960750174052719,-22.27137815481217,0,0.0,0.0,0.0
synthetic,isotropic_1mm,valid_control,synthetic_31023,"[""synthetic"",""synthetic_31023"",""isotropic_1mm""]",,satisfied,satisfied,satisfied,not_applicable,satisfied,True,True,True,True,satisfied,requires_reextraction,0.0,2.453870440177752e-13,0,0,0,0,0,0,9086,2396,0,0,0,,,0.006640899999183603,0.03988469999967492,0.09215270000095188,0.04070490000049176,,6690,24.737729319040227,-0.5520209119129107,-12.955410610635795,0,0.0,0.0,0.0
synthetic,isotropic_1mm,valid_control,synthetic_31024,"[""synthetic"",""synthetic_31024"",""isotropic_1mm""]",,satisfied,satisfied,satisfied,not_applicable,satisfied,True,True,True,True,satisfied,requires_reextraction,6.124429869376255e-15,2.8421709430404007e-13,0,0,0,0,0,0,5313,1909,0,0,0,,,0.0031101000004127854,0.02415140000084648,0.07409550000011222,0.02913560000160942,,3404,-20.990811455526455,0.11028106667095039,-20.662309609710633,0,0.0,0.0,0.0
synthetic,isotropic_1mm,valid_control,synthetic_31025,"[""synthetic"",""synthetic_31025"",""isotropic_1mm""]",,satisfied,satisfied,satisfied,not_applicable,satisfied,True,True,True,True,satisfied,requires_reextraction,3.3306690738754696e-15,3.410605131648481e-13,0,0,0,0,0,0,4173,1822,0,0,0,,,0.003878199999235221,0.0116280000002007,0.0630552999991778,0.015862999998716987,,2351,-2.514370498648532,0.12076464789852404,-19.238415536016873,0,0.0,0.0,0.0
synthetic,isotropic_1mm,valid_control,synthetic_31026,"[""synthetic"",""synthetic_31026"",""isotropic_1mm""]",,satisfied,satisfied,satisfied,not_applicable,satisfied,True,True,True,True,satisfied,requires_reextraction,6.393188222769894e-15,2.984279490192421e-13,0,0,0,0,0,0,6316,2773,0,0,0,,,0.005105300000650459,0.02373260000058508,0.07065239999974438,0.02441289999842411,,3543,51.122415636133155,-0.13097130866214624,-7.918252031480506,0,0.0,0.0,0.0
synthetic,isotropic_1mm,valid_control,synthetic_31027,"[""synthetic"",""synthetic_31027"",""isotropic_1mm""]",,satisfied,satisfied,satisfied,not_applicable,satisfied,True,True,True,True,satisfied,requires_reextraction,4.665909567421267e-15,3.1796787425264483e-13,0,0,0,0,0,0,8816,2566,0,0,0,,,0.0039329999999608845,0.022688200000629877,0.07961400000021968,0.02932139999938954,,6250,22.195594738770524,-0.3402513463133596,0.20560154868240943,0,0.0,0.0,0.0
synthetic,isotropic_1mm,valid_control,synthetic_31028,"[""synthetic"",""synthetic_31028"",""isotropic_1mm""]",,satisfied,satisfied,satisfied,not_applicable,satisfied,True,True,True,True,satisfied,requires_reextraction,5.909265691071425e-15,2.433608869978343e-13,0,0,0,0,0,0,12798,3590,0,0,0,,,0.004790000000866712,0.033714399998643785,0.09163929999886022,0.04124659999979485,,9208,-57.108566825561866,-0.10961242261872295,-16.192361961128938,0,0.0,0.0,0.0
synthetic,isotropic_1mm,valid_control,synthetic_31029,"[""synthetic"",""synthetic_31029"",""isotropic_1mm""]",,satisfied,satisfied,satisfied,not_applicable,satisfied,True,True,True,True,satisfied,requires_reextraction,4.3298697960381105e-15,3.339550858072471e-13,0,0,0,0,0,0,7539,2527,0,0,0,,,0.005978299999696901,0.029173599999921862,0.08174469999903522,0.030302099999971688,,5012,26.384985403063183,0.08102498771327493,-9.392813349997084,0,0.0,0.0,0.0
synthetic,isotropic_1mm,valid_control,synthetic_31030,"[""synthetic"",""synthetic_31030"",""isotropic_1mm""]",,satisfied,satisfied,satisfied,not_applicable,satisfied,True,True,True,True,satisfied,requires_reextraction,2.854914276234364e-15,2.5579538487363607e-13,0,0,0,0,0,0,5711,2123,0,0,0,,,0.0034273999990546145,0.020644599999286584,0.06937749999997322,0.018222499998955755,,3588,72.55848472659454,-0.2870085689962736,-17.745752222648093,0,0.0,0.0,0.0
synthetic,isotropic_1mm,valid_control,synthetic_31031,"[""synthetic"",""synthetic_31031"",""isotropic_1mm""]",,satisfied,satisfied,satisfied,not_applicable,satisfied,True,True,True,True,satisfied,requires_reextraction,2.6645352591003757e-15,5.364597654988756e-13,0,0,0,0,0,0,9692,3323,0,0,0,,,0.0069839000007050345,0.03516029999991588,0.08177749999958905,0.04115309999906458,,6369,-189.44195811537975,-0.15377976336556443,-23.611307290266893,0,0.0,0.0,0.0
synthetic,isotropic_2mm,valid_control,synthetic_31000,"[""synthetic"",""synthetic_31000"",""isotropic_2mm""]",,satisfied,satisfied,satisfied,not_applicable,satisfied,True,True,True,True,satisfied,requires_reextraction,3.942464333787022e-15,4.849454171562684e-13,0,0,0,0,0,0,894,2566,0,0,0,,,0.0011677999991661636,0.00159440000061295,0.02950539999983448,0.0014446000004681991,,-1672,-42.85954798346302,0.28784401524513203,-15.473158116678974,0,0.0,0.0,0.0
synthetic,isotropic_2mm,valid_control,synthetic_31001,"[""synthetic"",""synthetic_31001"",""isotropic_2mm""]",,satisfied,satisfied,satisfied,not_applicable,satisfied,True,True,True,True,satisfied,requires_reextraction,1.6326319374041212e-15,3.304023721284466e-13,0,0,0,0,0,0,398,1831,0,0,0,,,0.0010657000002538553,0.0010545000004640315,0.02833459999965271,0.0010184000002482207,,-1433,19.879304613370095,-1.2030949525910277,12.597980616001621,0,0.0,0.0,0.0
synthetic,isotropic_2mm,valid_control,synthetic_31002,"[""synthetic"",""synthetic_31002"",""isotropic_2mm""]",,satisfied,satisfied,satisfied,not_applicable,satisfied,True,True,True,True,satisfied,requires_reextraction,7.381104677948019e-15,4.121147867408581e-13,0,0,0,0,0,0,552,1961,0,0,0,,,0.0010930000007647322,0.001244099999894388,0.02713179999955173,0.001188199999887729,,-1409,-26.337511956794515,-0.3298266366977043,-13.79762006706386,0,0.0,0.0,0.0
synthetic,isotropic_2mm,valid_control,synthetic_31003,"[""synthetic"",""synthetic_31003"",""isotropic_2mm""]",,satisfied,satisfied,satisfied,not_applicable,satisfied,True,True,True,True,satisfied,requires_reextraction,6.938893903907228e-16,2.5845992013273644e-13,0,0,0,0,0,0,1239,2643,0,0,0,,,0.0019882999986293726,0.0036126000013609882,0.04173790000095323,0.003744899999219342,,-1404,-118.88106342281571,0.3059818569345176,-34.92768744489723,0,0.0,0.0,0.0
synthetic,isotropic_2mm,valid_control,synthetic_31004,"[""synthetic"",""synthetic_31004"",""isotropic_2mm""]",,satisfied,satisfied,satisfied,not_applicable,satisfied,True,True,True,True,satisfied,requires_reextraction,2.220446049250313e-15,3.268496584496461e-13,0,0,0,0,0,0,808,2076,0,0,0,,,0.0017030999988492113,0.0025814999989961507,0.03669809999883,0.002292999999554013,,-1268,81.94164873678892,-0.6499459532810412,-9.617006956933778,0,0.0,0.0,0.0
synthetic,isotropic_2mm,valid_control,synthetic_31005,"[""synthetic"",""synthetic_31005"",""isotropic_2mm""]",,satisfied,satisfied,satisfied,not_applicable,satisfied,True,True,True,True,satisfied,requires_reextraction,3.227294399221455e-15,2.1316282072803006e-13,0,0,0,0,0,0,1683,3376,0,0,0,,,0.0023403999985021073,0.004596799999490031,0.049061300000175834,0.003963300001487369,,-1693,508.13221716810403,-1.0491619041270037,-5.9109242447426595,0,0.0,0.0,0.0
synthetic,isotropic_2mm,valid_control,synthetic_31006,"[""synthetic"",""synthetic_31006"",""isotropic_2mm""]",,satisfied,satisfied,satisfied,not_applicable,satisfied,True,True,True,True,satisfied,requires_reextraction,5.551115123125783e-15,2.4158453015843406e-13,0,0,0,0,0,0,624,1718,0,0,0,,,0.0024098000012600096,0.003086299999267794,0.03846169999997073,0.0018640999987837858,,-1094,227.93252510900857,-1.1586833991892829,5.064356149746686,0,0.0,0.0,0.0
synthetic,isotropic_2mm,valid_control,synthetic_31007,"[""synthetic"",""synthetic_31007"",""isotropic_2mm""]",,satisfied,satisfied,satisfied,not_applicable,satisfied,True,True,True,True,satisfied,requires_reextraction,4.440892098500626e-15,4.156675004196586e-13,0,0,0,0,0,0,973,2920,0,0,0,,,0.002308499999344349,0.0029574000000138767,0.04126600000017788,0.0025628000003052875,,-1947,29.418241554506494,0.1455589893628393,-24.737086961578143,0,0.0,0.0,0.0
synthetic,isotropic_2mm,valid_control,synthetic_31008,"[""synthetic"",""synthetic_31008"",""isotropic_2mm""]",,satisfied,satisfied,satisfied,not_applicable,satisfied,True,True,True,True,satisfied,requires_reextraction,3.972054645195637e-15,2.2737367544323206e-13,0,0,0,0,0,0,408,1529,0,0,0,,,0.0015921000012895092,0.0018352999995840946,0.03500729999905161,0.0021137000003363937,,-1121,-249.44104228826836,0.06103962445443867,-23.374227823689296,0,0.0,0.0,0.0
synthetic,isotropic_2mm,valid_control,synthetic_31009,"[""synthetic"",""synthetic_31009"",""isotropic_2mm""]",,satisfied,satisfied,satisfied,not_applicable,satisfied,True,True,True,True,satisfied,requires_reextraction,0.0,3.4638958368304884e-13,0,0,0,0,0,0,1056,2217,0,0,0,,,0.0018577999999251915,0.0037389000008261064,0.042131799998969655,0.003057099998841295,,-1161,89.86165340913976,-0.066673282904405,10.633450371563526,0,0.0,0.0,0.0
synthetic,isotropic_2mm,valid_control,synthetic_31010,"[""synthetic"",""synthetic_31010"",""isotropic_2mm""]",,satisfied,satisfied,satisfied,not_applicable,satisfied,True,True,True,True,satisfied,requires_reextraction,3.072731514363724e-15,4.689582056016661e-13,0,0,0,0,0,0,602,2099,0,0,0,,,0.00258399999984249,0.003304300000309013,0.047500700000455254,0.0034438000002410263,,-1497,-268.6688153680416,0.012374596613552447,-29.753932324888353,0,0.0,0.0,0.0
synthetic,isotropic_2mm,valid_control,synthetic_31011,"[""synthetic"",""synthetic_31011"",""isotropic_2mm""]",,satisfied,satisfied,satisfied,not_applicable,satisfied,True,True,True,True,satisfied,requires_reextraction,3.263375893225244e-15,3.1086244689504383e-13,0,0,0,0,0,0,736,2356,0,0,0,,,0.0025884999995469116,0.0035392000008869218,0.05003530000067258,0.0035571999997046078,,-1620,1.9161058698509805,0.07796342438716541,-12.510074511712162,0,0.0,0.0,0.0
synthetic,isotropic_2mm,valid_control,synthetic_31012,"[""synthetic"",""synthetic_31012"",""isotropic_2mm""]",,satisfied,satisfied,satisfied,not_applicable,satisfied,True,True,True,True,satisfied,requires_reextraction,4.572178254219406e-15,5.022648963404208e-13,0,0,0,0,0,0,841,2963,0,0,0,,,0.002452900000207592,0.0032358999997086357,0.05532419999872218,0.0032910999998421175,,-2122,72.9724080605829,0.0539430834899195,-22.03596419199954,0,0.0,0.0,0.0
synthetic,isotropic_2mm,valid_control,synthetic_31013,"[""synthetic"",""synthetic_31013"",""isotropic_2mm""]",,satisfied,satisfied,satisfied,not_applicable,satisfied,True,True,True,True,satisfied,requires_reextraction,2.6645352591003757e-15,1.8829382497642655e-13,0,0,0,0,0,0,641,1839,0,0,0,,,0.0015542000001005363,0.002121600000464241,0.04417950000060955,0.0023743000001559267,,-1198,89.6194371643096,0.08922381675115898,-41.926011076015016,0,0.0,0.0,0.0
synthetic,isotropic_2mm,valid_control,synthetic_31014,"[""synthetic"",""synthetic_31014"",""isotropic_2mm""]",,satisfied,satisfied,satisfied,not_applicable,satisfied,True,True,True,True,satisfied,requires_reextraction,9.42055475210265e-15,2.5934809855243657e-13,0,0,0,0,0,0,1065,3072,0,0,0,,,0.001746100000673323,0.0026233999997202773,0.05170390000057523,0.0024539000005461276,,-2007,-248.8539620886604,-1.087464440274418,-13.862461464927776,0,0.0,0.0,0.0
synthetic,isotropic_2mm,valid_control,synthetic_31015,"[""synthetic"",""synthetic_31015"",""isotropic_2mm""]",,satisfied,satisfied,satisfied,not_applicable,satisfied,True,True,True,True,satisfied,requires_reextraction,0.0,2.2026824808563106e-13,0,0,0,0,0,0,917,2074,0,0,0,,,0.0027645999998640036,0.004653999998481595,0.05236750000040047,0.0043970000006083865,,-1157,-391.9859191099904,0.5079243155905409,-30.385814220618386,0,0.0,0.0,0.0
synthetic,isotropic_2mm,valid_control,synthetic_31016,"[""synthetic"",""synthetic_31016"",""isotropic_2mm""]",,satisfied,satisfied,satisfied,not_applicable,satisfied,True,True,True,True,satisfied,requires_reextraction,1.9860273225978185e-15,4.760636329592671e-13,0,0,0,0,0,0,425,1631,0,0,0,,,0.002719699999943259,0.0027128999990964076,0.04703980000158481,0.003074800000831601,,-1206,-211.75986079588574,2.6272758192419925,-29.132409212277537,0,0.0,0.0,0.0
synthetic,isotropic_2mm,valid_control,synthetic_31017,"[""synthetic"",""synthetic_31017"",""isotropic_2mm""]",,satisfied,satisfied,satisfied,not_applicable,satisfied,True,True,True,True,satisfied,requires_reextraction,3.204296758965566e-15,1.4033219031261979e-13,0,0,0,0,0,0,1216,3317,0,0,0,,,0.00308720000066387,0.00565190000088478,0.057945399999880465,0.00465500000063912,,-2101,-157.32116331113502,0.2583298235876619,-16.026733764486266,0,0.0,0.0,0.0
synthetic,isotropic_2mm,valid_control,synthetic_31018,"[""synthetic"",""synthetic_31018"",""isotropic_2mm""]",,satisfied,satisfied,satisfied,not_applicable,satisfied,True,True,True,True,satisfied,requires_reextraction,1.0021732788138762e-14,1.6697754290362354e-13,0,0,0,0,0,0,869,1757,0,0,0,,,0.0025427000000490807,0.004706300000179908,0.0537945000014588,0.004265100000338862,,-888,-434.18858222248036,0.22308625700560625,-32.46855571723546,0,0.0,0.0,0.0
synthetic,isotropic_2mm,valid_control,synthetic_31019,"[""synthetic"",""synthetic_31019"",""isotropic_2mm""]",,satisfied,satisfied,satisfied,not_applicable,satisfied,True,True,True,True,satisfied,requires_reextraction,9.984757302269113e-15,2.8421709430404007e-13,0,0,0,0,0,0,883,1860,0,0,0,,,0.0017702999994071433,0.003696400000990252,0.05165089999900374,0.0034974999998667045,,-977,289.77518730492557,0.1403665745340632,-34.008558684324214,0,0.0,0.0,0.0
synthetic,isotropic_2mm,valid_control,synthetic_31020,"[""synthetic"",""synthetic_31020"",""isotropic_2mm""]",,satisfied,satisfied,satisfied,not_applicable,satisfied,True,True,True,True,satisfied,requires_reextraction,8.4216220737469e-15,2.5579538487363607e-13,0,0,0,0,0,0,711,1662,0,0,0,,,0.0026383000003988855,0.0034033000010822434,0.046256400000856956,0.002159799998480594,,-951,-79.79470718311586,-0.5433884014996995,-28.919790841832366,0,0.0,0.0,0.0
synthetic,isotropic_2mm,valid_control,synthetic_31021,"[""synthetic"",""synthetic_31021"",""isotropic_2mm""]",,satisfied,satisfied,satisfied,not_applicable,satisfied,True,True,True,True,satisfied,requires_reextraction,6.030373886412001e-15,2.5579538487363607e-13,0,0,0,0,0,0,476,2063,0,0,0,,,0.0023527000012109056,0.0026550999991741264,0.05268930000056571,0.0021617000002152054,,-1587,6.897622373617651,-0.534585568852036,-11.506590370549702,0,0.0,0.0,0.0
synthetic,isotropic_2mm,valid_control,synthetic_31022,"[""synthetic"",""synthetic_31022"",""isotropic_2mm""]",,satisfied,satisfied,satisfied,not_applicable,satisfied,True,True,True,True,satisfied,requires_reextraction,7.869280847691828e-15,2.1316282072803006e-13,0,0,0,0,0,0,862,2057,0,0,0,,,0.0033944999995583203,0.0029018999994150363,0.046476800000164076,0.002502499999536667,,-1195,122.72244128302827,-0.08550174280755396,-16.506715250613183,0,0.0,0.0,0.0
synthetic,isotropic_2mm,valid_control,synthetic_31023,"[""synthetic"",""synthetic_31023"",""isotropic_2mm""]",,satisfied,satisfied,satisfied,not_applicable,satisfied,True,True,True,True,satisfied,requires_reextraction,0.0,2.3447910280083306e-13,0,0,0,0,0,0,1172,2396,0,0,0,,,0.00298550000115938,0.005371400000512949,0.05255310000029567,0.004904900000838097,,-1224,314.7377293190402,-0.960352072197427,-6.013407137634545,0,0.0,0.0,0.0
synthetic,isotropic_2mm,valid_control,synthetic_31024,"[""synthetic"",""synthetic_31024"",""isotropic_2mm""]",,satisfied,satisfied,satisfied,not_applicable,satisfied,True,True,True,True,satisfied,requires_reextraction,6.0116295811067406e-15,2.815525590449397e-13,0,0,0,0,0,0,695,1909,0,0,0,,,0.0031355999999505,0.0036765999993804144,0.05159500000081607,0.003433699999732198,,-1214,226.00918854447264,-1.3939086259968894,-21.37152939152037,0,0.0,0.0,0.0
synthetic,isotropic_2mm,valid_control,synthetic_31025,"[""synthetic"",""synthetic_31025"",""isotropic_2mm""]",,satisfied,satisfied,satisfied,not_applicable,satisfied,True,True,True,True,satisfied,requires_reextraction,3.3306690738754696e-15,3.055333763768431e-13,0,0,0,0,0,0,548,1822,0,0,0,,,0.0020610000010492513,0.002759400000286405,0.03909600000042701,0.0019136999999318505,,-1274,208.48562950135147,-0.02006185962001772,-21.257922530725295,0,0.0,0.0,0.0
synthetic,isotropic_2mm,valid_control,synthetic_31026,"[""synthetic"",""synthetic_31026"",""isotropic_2mm""]",,satisfied,satisfied,satisfied,not_applicable,satisfied,True,True,True,True,satisfied,requires_reextraction,6.393188222769894e-15,3.019806626980426e-13,0,0,0,0,0,0,806,2773,0,0,0,,,0.0028234000001248205,0.0029963000015413854,0.05358599999999569,0.003395599998839316,,-1967,183.12241563613134,-0.5321926198161375,-12.866286337609154,0,0.0,0.0,0.0
synthetic,isotropic_2mm,valid_control,synthetic_31027,"[""synthetic"",""synthetic_31027"",""isotropic_2mm""]",,satisfied,satisfied,satisfied,not_applicable,satisfied,True,True,True,True,satisfied,requires_reextraction,4.6204489227285734e-15,2.6334490144108713e-13,0,0,0,0,0,0,1075,2566,0,0,0,,,0.0030442999996012077,0.004334700000981684,0.05233579999912763,0.0026372000011178898,,-1491,-193.8044052612313,-0.1519432881027316,5.107867913846576,0,0.0,0.0,0.0
synthetic,isotropic_2mm,valid_control,synthetic_31028,"[""synthetic"",""synthetic_31028"",""isotropic_2mm""]",,satisfied,satisfied,satisfied,not_applicable,satisfied,True,True,True,True,satisfied,requires_reextraction,5.8621457832171254e-15,1.9184653865522705e-13,0,0,0,0,0,0,1585,3590,0,0,0,,,0.003075999999055057,0.005690800000593299,0.047272800000428106,0.004345000001194421,,-2005,-175.10856682556368,0.38939274565767246,-16.95824233291512,0,0.0,0.0,0.0
synthetic,isotropic_2mm,valid_control,synthetic_31029,"[""synthetic"",""synthetic_31029"",""isotropic_2mm""]",,satisfied,satisfied,satisfied,not_applicable,satisfied,True,True,True,True,satisfied,requires_reextraction,4.218847493575595e-15,1.8474111129762605e-13,0,0,0,0,0,0,940,2527,0,0,0,,,0.0019131999997625826,0.002891500000259839,0.04721639999843319,0.004054799999721581,,-1587,7.384985403063183,0.29269850415014953,-25.799265991706818,0,0.0,0.0,0.0
synthetic,isotropic_2mm,valid_control,synthetic_31030,"[""synthetic"",""synthetic_31030"",""isotropic_2mm""]",,satisfied,satisfied,satisfied,not_applicable,satisfied,True,True,True,True,satisfied,requires_reextraction,2.7307875685720004e-15,2.4868995751603507e-13,0,0,0,0,0,0,718,2123,0,0,0,,,0.001588699999047094,0.002333800000997144,0.05001850000007835,0.003487199999653967,,-1405,105.55848472659454,0.08758809498558784,-28.57888933843998,0,0.0,0.0,0.0
synthetic,isotropic_2mm,valid_control,synthetic_31031,"[""synthetic"",""synthetic_31031"",""isotropic_2mm""]",,satisfied,satisfied,satisfied,not_applicable,satisfied,True,True,True,True,satisfied,requires_reextraction,2.6645352591003757e-15,4.760636329592671e-13,0,0,0,0,0,0,1243,3323,0,0,0,,,0.002490300001227297,0.004283399999621906,0.0507553999996162,0.005281400000967551,,-2080,62.55804188462207,-0.4472833978854085,-21.42537268504492,0,0.0,0.0,0.0
synthetic,linear_mask_threshold,own_wrapper_mutation,synthetic_31000,"[""synthetic"",""synthetic_31000"",""linear_mask_threshold""]",True,violated,satisfied,satisfied,not_applicable,violated,True,True,True,True,satisfied,blocked,1.3838569274968834e-14,6.039613253960852e-13,0,618,0,0,0,618,14054,2566,0,0,0,,,0.004847099999096827,0.026890500001172768,0.05968430000029912,0.02569749999929627,,11488,0.7884520165398499,0.23971882530820143,-17.930729076219563,-234,-119.80799999999999,-0.26536245915170187,4.239487185611267
synthetic,linear_mask_threshold,own_wrapper_mutation,synthetic_31001,"[""synthetic"",""synthetic_31001"",""linear_mask_threshold""]",True,violated,satisfied,satisfied,not_applicable,violated,True,True,True,True,satisfied,blocked,8.243405957841787e-15,3.552713678800501e-13,0,366,0,0,0,366,6099,1831,0,0,0,,,0.0030614000006607966,0.012355799999568262,0.04487369999878865,0.012383200000840588,,4268,-41.43269538662889,0.024112040030600967,-27.72483099530848,-78,-39.93600000000015,0.5503929138098527,-3.9345375788356023
synthetic,linear_mask_threshold,own_wrapper_mutation,synthetic_31002,"[""synthetic"",""synthetic_31002"",""linear_mask_threshold""]",True,violated,satisfied,satisfied,not_applicable,violated,True,True,True,True,satisfied,blocked,1.2262939759522038e-14,4.583000645652646e-13,0,477,0,0,0,477,8702,1961,0,0,0,,,0.0037664999999833526,0.019323800001075142,0.055774799999198876,0.017658299999311566,,6741,13.086488043206373,0.3213243084991635,-23.128534974261072,-243,-124.41600000000017,-0.15054101292256838,0.5584547928477832
synthetic,linear_mask_threshold,own_wrapper_mutation,synthetic_31003,"[""synthetic"",""synthetic_31003"",""linear_mask_threshold""]",True,violated,satisfied,satisfied,not_applicable,violated,True,True,True,True,satisfied,blocked,3.441730831452987e-15,3.197442310920451e-13,0,774,0,0,0,774,19486,2643,0,0,0,,,0.00975530000141589,0.06304600000112259,0.11360120000063034,0.06325029999970866,,16843,-54.04906342281174,-0.11563436692104156,-18.977608689175383,-324,-165.88800000000083,0.11451241678538882,-2.2600249206093395
synthetic,linear_mask_threshold,own_wrapper_mutation,synthetic_31004,"[""synthetic"",""synthetic_31004"",""linear_mask_threshold""]",True,violated,satisfied,satisfied,not_applicable,violated,True,True,True,True,satisfied,blocked,5.930087692484439e-15,4.583000645652646e-13,0,451,0,0,0,451,12514,2076,0,0,0,,,0.006940799999938463,0.036213400000633555,0.0847118000001501,0.036859300000287476,,10438,25.109648736791314,-0.12577650672233487,-7.222287924345721,-121,-61.951999999999316,-0.054330561272163846,-5.078231592409907
synthetic,linear_mask_threshold,own_wrapper_mutation,synthetic_31005,"[""synthetic"",""synthetic_31005"",""linear_mask_threshold""]",True,violated,satisfied,satisfied,not_applicable,violated,True,True,True,True,satisfied,blocked,2.420470799416091e-15,3.481659405224491e-13,0,911,0,0,0,911,25087,3376,0,0,0,,,0.010879800000111572,0.0727826999991521,0.12358320000021195,0.07180180000068503,,21711,-111.3237828318961,-0.11029096696690499,-15.757779042127993,-95,-48.63999999999942,0.05228423795516113,-0.014542703527638423
synthetic,linear_mask_threshold,own_wrapper_mutation,synthetic_31006,"[""synthetic"",""synthetic_31006"",""linear_mask_threshold""]",True,violated,satisfied,satisfied,not_applicable,violated,True,True,True,True,satisfied,blocked,1.2412670766236366e-15,3.2507330161024584e-13,0,475,0,0,0,475,9319,1718,0,0,0,,,0.006087799998567789,0.028119800001149997,0.07828909999989264,0.029052200001387973,,7601,7.260525109008995,0.0034716734592448173,-24.247910665182644,-265,-135.67999999999938,0.2390940326767632,0.5062486348713264
synthetic,linear_mask_threshold,own_wrapper_mutation,synthetic_31007,"[""synthetic"",""synthetic_31007"",""linear_mask_threshold""]",True,violated,satisfied,satisfied,not_applicable,violated,True,True,True,True,satisfied,blocked,9.85214447083364e-15,5.293543381412746e-13,0,586,0,0,0,586,14922,2920,0,0,0,,,0.00864229999933741,0.048199700000623125,0.11009439999907045,0.052622499999415595,,12002,-114.51775844548956,0.3549781057250354,-21.267135503622114,120,61.44000000000051,-0.27590672198183686,3.740089994081245
synthetic,linear_mask_threshold,own_wrapper_mutation,synthetic_31008,"[""synthetic"",""synthetic_31008"",""linear_mask_threshold""]",True,violated,satisfied,satisfied,not_applicable,violated,True,True,True,True,satisfied,blocked,5.5749338175931256e-15,3.3661962106634746e-13,0,372,0,0,0,372,6738,1529,0,0,0,,,0.0052223000002413755,0.024038900000959984,0.07475049999993644,0.022797399999035406,,5209,-63.58504228826678,-0.09128687164216909,-22.820747712977266,-92,-47.10400000000027,0.35416138214626214,-5.3771848629402825
synthetic,linear_mask_threshold,own_wrapper_mutation,synthetic_31009,"[""synthetic"",""synthetic_31009"",""linear_mask_threshold""]",True,violated,satisfied,satisfied,not_applicable,violated,True,True,True,True,satisfied,blocked,1.156551889201422e-14,4.263256414560601e-13,0,1053,0,0,0,1053,16303,2217,0,0,0,,,0.010566800001470256,0.05777239999952144,0.10487689999899885,0.06044330000077025,,14086,-11.002346590857996,-0.005573295446500204,-9.500597256364813,-55,-28.159999999999854,-0.22498141418858664,-2.580071851664286
synthetic,linear_mask_threshold,own_wrapper_mutation,synthetic_31010,"[""synthetic"",""synthetic_31010"",""linear_mask_threshold""]",True,violated,satisfied,satisfied,not_applicable,violated,True,True,True,True,satisfied,blocked,7.123834950823988e-15,5.311306949806749e-13,0,325,0,0,0,325,9922,2099,0,0,0,,,0.00911439999981667,0.04186119999940274,0.09529659999861906,0.040282800000568386,,7823,-4.6048153680394535,-0.16458582417673973,-9.249446344033913,25,12.800000000000182,0.12957974622368607,-5.802128985599268
synthetic,linear_mask_threshold,own_wrapper_mutation,synthetic_31011,"[""synthetic"",""synthetic_31011"",""linear_mask_threshold""]",True,violated,satisfied,satisfied,not_applicable,violated,True,True,True,True,satisfied,blocked,9.431057068836283e-15,3.1441516057384433e-13,0,555,0,0,0,555,11452,2356,0,0,0,,,0.011437700000897166,0.046191600000383914,0.09600700000009965,0.04844279999997525,,9096,-22.659894130148132,0.09614689457597336,-22.80387210248523,-257,-131.58399999999983,-0.2207315375458252,4.155784509013529
synthetic,linear_mask_threshold,own_wrapper_mutation,synthetic_31012,"[""synthetic"",""synthetic_31012"",""linear_mask_threshold""]",True,violated,satisfied,satisfied,not_applicable,violated,True,True,True,True,satisfied,blocked,9.880984919163893e-15,4.476419235288631e-13,0,650,0,0,0,650,12952,2963,0,0,0,,,0.010729200001151185,0.044938299999557785,0.09691150000071502,0.043309600001521176,,9989,-23.60359193941349,-0.21695501592929345,-16.466771949840734,-180,-92.15999999999985,0.5920183877214154,-6.239229412571262
synthetic,linear_mask_threshold,own_wrapper_mutation,synthetic_31013,"[""synthetic"",""synthetic_31013"",""linear_mask_threshold""]",True,violated,satisfied,satisfied,not_applicable,violated,True,True,True,True,satisfied,blocked,6.255050120200123e-15,3.1441516057384433e-13,0,550,0,0,0,550,9805,1839,0,0,0,,,0.009684200000265264,0.036975700000766665,0.08208820000072592,0.03147820000049251,,7966,-18.220562835688725,-0.05328467577792928,-16.480214776167827,2,1.0239999999994325,-0.2617478913771878,4.021882281493504
synthetic,linear_mask_threshold,own_wrapper_mutation,synthetic_31014,"[""synthetic"",""synthetic_31014"",""linear_mask_threshold""]",True,violated,satisfied,satisfied,not_applicable,violated,True,True,True,True,satisfied,blocked,4.256749850387367e-15,2.8421709430404007e-13,0,893,0,0,0,893,16717,3072,0,0,0,,,0.00936359999832348,0.05741839999973308,0.10430249999990338,0.05479620000005525,,13645,-209.7499620886556,-0.02573465011855869,-23.034642702483097,-27,-13.824000000000524,0.1549443073790877,9.976662949730894
synthetic,linear_mask_threshold,own_wrapper_mutation,synthetic_31015,"[""synthetic"",""synthetic_31015"",""linear_mask_threshold""]",True,violated,satisfied,satisfied,not_applicable,violated,True,True,True,True,satisfied,blocked,1.1401968842178308e-14,2.948752353404416e-13,0,765,0,0,0,765,14935,2074,0,0,0,,,0.014429100001507322,0.071100999999544,0.11762420000013663,0.07112700000106997,,12861,-81.26591910999196,-0.2281275338590285,-17.768714366404424,-477,-244.22400000000016,0.24822188431449854,2.108111968872322
synthetic,linear_mask_threshold,own_wrapper_mutation,synthetic_31016,"[""synthetic"",""synthetic_31016"",""linear_mask_threshold""]",True,violated,satisfied,satisfied,not_applicable,violated,True,True,True,True,satisfied,blocked,5.213321721819273e-15,6.856737400084967e-13,0,357,0,0,0,357,7066,1631,0,0,0,,,0.005790700000943616,0.026577200000247103,0.0817176999989897,0.03186490000007325,,5435,6.032139204116902,0.3584882497228554,-20.949778676357937,-305,-156.15999999999985,0.29722830718756676,-10.236011042794587
synthetic,linear_mask_threshold,own_wrapper_mutation,synthetic_31017,"[""synthetic"",""synthetic_31017"",""linear_mask_threshold""]",True,violated,satisfied,satisfied,not_applicable,violated,True,True,True,True,satisfied,blocked,3.835193889658539e-15,2.5579538487363607e-13,0,849,0,0,0,849,19385,3317,0,0,0,,,0.00890139999864914,0.08243640000000596,0.11371470000085537,0.08831830000053742,,16068,39.798836688867596,-0.07933328437415987,-12.734230582739485,-289,-147.96800000000076,0.18896826728684424,-3.062273532469419
synthetic,linear_mask_threshold,own_wrapper_mutation,synthetic_31018,"[""synthetic"",""synthetic_31018"",""linear_mask_threshold""]",True,violated,satisfied,satisfied,not_applicable,violated,True,True,True,True,satisfied,blocked,5.620504062164855e-15,2.4158453015843406e-13,0,731,0,0,0,731,14356,1757,0,0,0,,,0.009131300001172349,0.06953409999914584,0.12160399999993388,0.07724570000027597,,12599,-35.91658222247679,-0.008656568026864875,-11.858369254928391,-181,-92.67199999999957,-0.1173726215495472,2.9196868579683724
synthetic,linear_mask_threshold,own_wrapper_mutation,synthetic_31019,"[""synthetic"",""synthetic_31019"",""linear_mask_threshold""]",True,violated,satisfied,satisfied,not_applicable,violated,True,True,True,True,satisfied,blocked,5.4566360461576204e-15,3.410605131648481e-13,0,874,0,0,0,874,13505,1860,0,0,0,,,0.013507299998309463,0.06178650000038033,0.10531129999981204,0.07199000000036904,,11645,140.33518730492506,-0.03527784567754022,-13.034758958375846,-650,-332.8000000000002,0.08743613606842748,-0.5396647229995324
synthetic,linear_mask_threshold,own_wrapper_mutation,synthetic_31020,"[""synthetic"",""synthetic_31020"",""linear_mask_threshold""]",True,violated,satisfied,satisfied,not_applicable,violated,True,True,True,True,satisfied,blocked,1.1171403689612729e-14,3.3573144264664734e-13,0,498,0,0,0,498,11134,1662,0,0,0,,,0.01266120000036608,0.05460689999927126,0.10434489999897778,0.05749699999978475,,9472,-67.1867071831166,0.25670865970341006,-22.86404811654893,34,17.408000000000357,-0.13233029536954533,-1.4246371580194364
synthetic,linear_mask_threshold,own_wrapper_mutation,synthetic_31021,"[""synthetic"",""synthetic_31021"",""linear_mask_threshold""]",True,violated,satisfied,satisfied,not_applicable,violated,True,True,True,True,satisfied,blocked,1.214852748185467e-15,2.6290081223123707e-13,0,337,0,0,0,337,7350,2063,0,0,0,,,0.0052818000003753696,0.021784500000649132,0.08406529999956547,0.028439399999115267,,5287,-37.90237762638253,-0.12999370847973735,-18.039967183619297,-47,-24.064000000000306,0.228695937488959,0.0020745368373695783
synthetic,linear_mask_threshold,own_wrapper_mutation,synthetic_31022,"[""synthetic"",""synthetic_31022"",""linear_mask_threshold""]",True,violated,satisfied,satisfied,not_applicable,violated,True,True,True,True,satisfied,blocked,1.1404671114776845e-14,2.7711166694643907e-13,0,273,0,0,0,273,13185,2057,0,0,0,,,0.010777800000141724,0.055320400000709924,0.10135920000175247,0.054894400000193855,,11128,-22.55755871697238,0.22286465511446507,-19.65520425647918,27,13.823999999999614,-0.03486894005519514,-1.437287834656729
synthetic,linear_mask_threshold,own_wrapper_mutation,synthetic_31023,"[""synthetic"",""synthetic_31023"",""linear_mask_threshold""]",True,violated,satisfied,satisfied,not_applicable,violated,True,True,True,True,satisfied,blocked,2.8089410453346345e-15,3.126388037344441e-13,0,770,0,0,0,770,17568,2396,0,0,0,,,0.014839900000879425,0.07791630000065197,0.12509720000161906,0.07843589999902179,,15172,-66.44627068095542,-0.06952227725314075,-19.311718676098508,-182,-93.18399999999929,0.07606208241939849,2.9803063792014655
synthetic,linear_mask_threshold,own_wrapper_mutation,synthetic_31024,"[""synthetic"",""synthetic_31024"",""linear_mask_threshold""]",True,violated,satisfied,satisfied,not_applicable,violated,True,True,True,True,satisfied,blocked,1.0642842806564202e-14,3.5349501104064984e-13,0,528,0,0,0,528,10215,1909,0,0,0,,,0.006879500000650296,0.05253710000033607,0.09322450000036042,0.05431469999894034,,8306,-103.91081145552562,-0.018629507693749714,-25.424414603824232,-188,-96.25600000000031,0.527603158659065,-4.313209282416892
synthetic,linear_mask_threshold,own_wrapper_mutation,synthetic_31025,"[""synthetic"",""synthetic_31025"",""linear_mask_threshold""]",True,violated,satisfied,satisfied,not_applicable,violated,True,True,True,True,satisfied,blocked,6.806400609299186e-15,4.902744876744691e-13,0,351,0,0,0,351,8026,1822,0,0,0,,,0.008222700000260375,0.0337416000002122,0.08336459999918588,0.03276530000039202,,6204,-66.20237049864772,-0.20446538569120043,-21.85907571692576,37,18.94399999999996,0.08672458831781849,2.8563390519209975
synthetic,linear_mask_threshold,own_wrapper_mutation,synthetic_31026,"[""synthetic"",""synthetic_31026"",""linear_mask_threshold""]",True,violated,satisfied,satisfied,not_applicable,violated,True,True,True,True,satisfied,blocked,1.0657454352904748e-14,4.618527782440651e-13,0,498,0,0,0,498,12113,2773,0,0,0,,,0.006501600000774488,0.03770580000127666,0.09294959999897401,0.0498195999989548,,9340,-63.02158436386526,-0.033201901358698604,-10.301791111295017,-184,-94.20799999999963,0.14317688418781116,-2.220212576205995
synthetic,linear_mask_threshold,own_wrapper_mutation,synthetic_31027,"[""synthetic"",""synthetic_31027"",""linear_mask_threshold""]",True,violated,satisfied,satisfied,not_applicable,violated,True,True,True,True,satisfied,blocked,6.9875729656372966e-15,3.126388037344441e-13,0,743,0,0,0,743,17072,2566,0,0,0,,,0.012846800000261283,0.06534769999962009,0.11606140000003506,0.057069200000114506,,14506,-52.94040526122626,0.22055073218606047,-19.064981656692737,-143,-73.21600000000035,0.07290501463131549,-0.47669781907166
synthetic,linear_mask_threshold,own_wrapper_mutation,synthetic_31028,"[""synthetic"",""synthetic_31028"",""linear_mask_threshold""]",True,violated,satisfied,satisfied,not_applicable,violated,True,True,True,True,satisfied,blocked,1.609823385706477e-15,2.398081733190338e-13,0,986,0,0,0,986,24836,3590,0,0,0,,,0.010971200001222314,0.07090679999964777,0.12630110000100103,0.06739480000032927,,21246,-139.07656682555717,-0.002981585449606916,-16.343884118885114,-406,-207.8719999999994,0.3727376250566501,-6.303898486868377
synthetic,linear_mask_threshold,own_wrapper_mutation,synthetic_31029,"[""synthetic"",""synthetic_31029"",""linear_mask_threshold""]",True,violated,satisfied,satisfied,not_applicable,violated,True,True,True,True,satisfied,blocked,7.735506809067399e-15,3.410605131648481e-13,0,765,0,0,0,765,14622,2527,0,0,0,,,0.008403199999520439,0.04839750000064669,0.11950459999934537,0.06398100000114937,,12095,-26.151014596935056,-0.4089875343246143,-17.894129241726148,-429,-219.64800000000014,0.4665921096158463,-4.060073039703525
synthetic,linear_mask_threshold,own_wrapper_mutation,synthetic_31030,"[""synthetic"",""synthetic_31030"",""linear_mask_threshold""]",True,violated,satisfied,satisfied,not_applicable,violated,True,True,True,True,satisfied,blocked,0.0,3.694822225952521e-13,0,614,0,0,0,614,10930,2123,0,0,0,,,0.006509900000310154,0.04598740000074031,0.09768569999869214,0.03902080000079877,,8807,-42.28151527340469,0.028936308393102905,-24.615778947482227,-170,-87.03999999999996,0.1309464240256435,1.0473677278292257
synthetic,linear_mask_threshold,own_wrapper_mutation,synthetic_31031,"[""synthetic"",""synthetic_31031"",""linear_mask_threshold""]",True,violated,satisfied,satisfied,not_applicable,violated,True,True,True,True,satisfied,blocked,6.674335893081555e-15,5.044853423896711e-13,0,937,0,0,0,937,19592,3323,0,0,0,,,0.015442400001120404,0.07188080000014452,0.1455043999994814,0.0731037000005017,,16269,149.66204188462325,-0.10172834292816924,-11.165110905330437,-785,-401.9200000000001,0.3533446332211576,-3.437028042626139
synthetic,orient,valid_control,synthetic_31000,"[""synthetic"",""synthetic_31000"",""orient""]",,satisfied,satisfied,satisfied,satisfied,satisfied,True,True,True,True,satisfied,input_roi_preserved,0.0,0.0,0,0,0,0,0,0,2566,2566,0,0,0,0,True,0.0014473999999609077,0.0022599999992962694,0.02886440000111179,0.0026211999993392965,,0,0.0,0.0,-5.684341886080802e-14,0,0.0,0.0,0.0
synthetic,orient,valid_control,synthetic_31001,"[""synthetic"",""synthetic_31001"",""orient""]",,satisfied,satisfied,satisfied,satisfied,satisfied,True,True,True,True,satisfied,input_roi_preserved,1.6280579355608324e-14,0.0,0,0,0,0,0,0,1831,1831,0,0,0,0,True,0.0012955000001966255,0.001802799999495619,0.028587100001459476,0.0018429000010655727,,0,0.0,0.0,0.0,0,0.0,0.0,0.0
synthetic,orient,valid_control,synthetic_31002,"[""synthetic"",""synthetic_31002"",""orient""]",,satisfied,satisfied,satisfied,satisfied,satisfied,True,True,True,True,satisfied,input_roi_preserved,1.4238583238573986e-14,0.0,0,0,0,0,0,0,1961,1961,0,0,0,0,True,0.0012459999998100102,0.0019713000001502223,0.029296700000486453,0.002205199998570606,,0,0.0,0.0,0.0,0,0.0,0.0,0.0
synthetic,orient,valid_control,synthetic_31003,"[""synthetic"",""synthetic_31003"",""orient""]",,satisfied,satisfied,satisfied,satisfied,satisfied,True,True,True,True,satisfied,input_roi_preserved,0.0,0.0,0,0,0,0,0,0,2643,2643,0,0,0,0,True,0.0022458000003098277,0.0036789000005228445,0.04208250000010594,0.0046029000004637055,,0,0.0,0.0,0.0,0,0.0,0.0,0.0
synthetic,orient,valid_control,synthetic_31004,"[""synthetic"",""synthetic_31004"",""orient""]",,satisfied,satisfied,satisfied,satisfied,satisfied,True,True,True,True,satisfied,input_roi_preserved,2.6645352591003757e-15,0.0,0,0,0,0,0,0,2076,2076,0,0,0,0,True,0.0019406999999773689,0.0029073999994579935,0.03885149999950954,0.0033070999998017214,,0,0.0,0.0,-5.684341886080802e-14,0,0.0,0.0,0.0
synthetic,orient,valid_control,synthetic_31005,"[""synthetic"",""synthetic_31005"",""orient""]",,satisfied,satisfied,satisfied,satisfied,satisfied,True,True,True,True,satisfied,input_roi_preserved,7.944109290391274e-15,0.0,0,0,0,0,0,0,3376,3376,0,0,0,0,True,0.0020839999997406267,0.004373599998871214,0.043249399999695015,0.0050069999997504056,,0,1.8189894035458565e-12,0.0,-1.1368683772161603e-13,0,0.0,0.0,0.0
synthetic,orient,valid_control,synthetic_31006,"[""synthetic"",""synthetic_31006"",""orient""]",,satisfied,satisfied,satisfied,satisfied,satisfied,True,True,True,True,satisfied,input_roi_preserved,3.552713678800501e-15,0.0,0,0,0,0,0,0,1718,1718,0,0,0,0,True,0.0018918000005214708,0.002639399999679881,0.0376393000005919,0.0031208000000333413,,0,0.0,0.0,0.0,0,0.0,0.0,0.0
synthetic,orient,valid_control,synthetic_31007,"[""synthetic"",""synthetic_31007"",""orient""]",,satisfied,satisfied,satisfied,satisfied,satisfied,True,True,True,True,satisfied,input_roi_preserved,2.929642751054232e-14,0.0,0,0,0,0,0,0,2920,2920,0,0,0,0,True,0.0023086000001057982,0.003774599999815109,0.04432769999948505,0.004237700000885525,,0,0.0,0.0,0.0,0,0.0,0.0,0.0
synthetic,orient,valid_control,synthetic_31008,"[""synthetic"",""synthetic_31008"",""orient""]",,satisfied,satisfied,satisfied,satisfied,satisfied,True,True,True,True,satisfied,input_roi_preserved,3.552713678800501e-15,0.0,0,0,0,0,0,0,1529,1529,0,0,0,0,True,0.0018708000006881775,0.0034386999996058876,0.0426262000000861,0.0027239000010013115,,0,4.547473508864641e-13,0.0,0.0,0,0.0,0.0,0.0
synthetic,orient,valid_control,synthetic_31009,"[""synthetic"",""synthetic_31009"",""orient""]",,satisfied,satisfied,satisfied,satisfied,satisfied,True,True,True,True,satisfied,input_roi_preserved,1.4210854715202004e-14,0.0,0,0,0,0,0,0,2217,2217,0,0,0,0,True,0.0023622999997314764,0.004295099999580998,0.05359589999898162,0.004540699999779463,,0,0.0,0.0,0.0,0,0.0,0.0,0.0
synthetic,orient,valid_control,synthetic_31010,"[""synthetic"",""synthetic_31010"",""orient""]",,satisfied,satisfied,satisfied,satisfied,satisfied,True,True,True,True,satisfied,input_roi_preserved,0.0,0.0,0,0,0,0,0,0,2099,2099,0,0,0,0,True,0.0027102000003651483,0.004025199999887263,0.04369849999966391,0.004954100000759354,,0,-9.094947017729282e-13,0.0,-5.684341886080802e-14,0,0.0,0.0,0.0
synthetic,orient,valid_control,synthetic_31011,"[""synthetic"",""synthetic_31011"",""orient""]",,satisfied,satisfied,satisfied,satisfied,satisfied,True,True,True,True,satisfied,input_roi_preserved,1.5888218580782548e-14,0.0,0,0,0,0,0,0,2356,2356,0,0,0,0,True,0.0022095999993325677,0.0037802999995619757,0.04845549999845389,0.003807099999903585,,0,9.094947017729282e-13,0.0,-5.684341886080802e-14,0,0.0,0.0,0.0
synthetic,orient,valid_control,synthetic_31012,"[""synthetic"",""synthetic_31012"",""orient""]",,satisfied,satisfied,satisfied,satisfied,satisfied,True,True,True,True,satisfied,input_roi_preserved,1.0048591735576161e-14,0.0,0,0,0,0,0,0,2963,2963,0,0,0,0,True,0.002900200001022313,0.005161999999472755,0.05308659999900556,0.005956400000286521,,0,0.0,0.0,0.0,0,0.0,0.0,0.0
synthetic,orient,valid_control,synthetic_31013,"[""synthetic"",""synthetic_31013"",""orient""]",,satisfied,satisfied,satisfied,satisfied,satisfied,True,True,True,True,satisfied,input_roi_preserved,1.4210854715202004e-14,0.0,0,0,0,0,0,0,1839,1839,0,0,0,0,True,0.0027401000006648246,0.004095899999811081,0.05063739999968675,0.004906100000880542,,0,9.094947017729282e-13,0.0,5.684341886080802e-14,0,0.0,0.0,0.0
synthetic,orient,valid_control,synthetic_31014,"[""synthetic"",""synthetic_31014"",""orient""]",,satisfied,satisfied,satisfied,satisfied,satisfied,True,True,True,True,satisfied,input_roi_preserved,5.0242958677880805e-15,0.0,0,0,0,0,0,0,3072,3072,0,0,0,0,True,0.0021992999991198303,0.00428490000012971,0.04446829999869806,0.004354500000772532,,0,0.0,0.0,0.0,0,0.0,0.0,0.0
synthetic,orient,valid_control,synthetic_31015,"[""synthetic"",""synthetic_31015"",""orient""]",,satisfied,satisfied,satisfied,satisfied,satisfied,True,True,True,True,satisfied,input_roi_preserved,1.4210854715202004e-14,0.0,0,0,0,0,0,0,2074,2074,0,0,0,0,True,0.0022396000003936933,0.004109999999855063,0.04960680000112916,0.005100700000184588,,0,-1.8189894035458565e-12,0.0,-5.684341886080802e-14,0,0.0,0.0,0.0
synthetic,orient,valid_control,synthetic_31016,"[""synthetic"",""synthetic_31016"",""orient""]",,satisfied,satisfied,satisfied,satisfied,satisfied,True,True,True,True,satisfied,input_roi_preserved,1.7763568394002505e-15,0.0,0,0,0,0,0,0,1631,1631,0,0,0,0,True,0.0027270999999018386,0.004289499998776591,0.058397500000864966,0.003787799998463015,,0,4.547473508864641e-13,0.0,0.0,0,0.0,0.0,0.0
synthetic,orient,valid_control,synthetic_31017,"[""synthetic"",""synthetic_31017"",""orient""]",,satisfied,satisfied,satisfied,satisfied,satisfied,True,True,True,True,satisfied,input_roi_preserved,2.0097183471152322e-14,0.0,0,0,0,0,0,0,3317,3317,0,0,0,0,True,0.0031113000004552305,0.005774900000687921,0.051083399999697576,0.0049360000011802185,,0,0.0,0.0,5.684341886080802e-14,0,0.0,0.0,0.0
synthetic,orient,valid_control,synthetic_31018,"[""synthetic"",""synthetic_31018"",""orient""]",,satisfied,satisfied,satisfied,satisfied,satisfied,True,True,True,True,satisfied,input_roi_preserved,0.0,0.0,0,0,0,0,0,0,1757,1757,0,0,0,0,True,0.002126900000803289,0.003542300000844989,0.04699429999891436,0.003803099998549442,,0,2.7284841053187847e-12,0.0,-5.684341886080802e-14,0,0.0,0.0,0.0
synthetic,orient,valid_control,synthetic_31019,"[""synthetic"",""synthetic_31019"",""orient""]",,satisfied,satisfied,satisfied,satisfied,satisfied,True,True,True,True,satisfied,input_roi_preserved,1.5888218580782548e-14,0.0,0,0,0,0,0,0,1860,1860,0,0,0,0,True,0.0022165999998833286,0.0038788000001659384,0.04950510000162467,0.004559200000585406,,0,-1.8189894035458565e-12,0.0,0.0,0,0.0,0.0,0.0
synthetic,orient,valid_control,synthetic_31020,"[""synthetic"",""synthetic_31020"",""orient""]",,satisfied,satisfied,satisfied,satisfied,satisfied,True,True,True,True,satisfied,input_roi_preserved,2.842170943040401e-14,0.0,0,0,0,0,0,0,1662,1662,0,0,0,0,True,0.0017600999999558553,0.0030310000001918525,0.0490551000002597,0.0030679999999847496,,0,0.0,0.0,0.0,0,0.0,0.0,0.0
synthetic,orient,valid_control,synthetic_31021,"[""synthetic"",""synthetic_31021"",""orient""]",,satisfied,satisfied,satisfied,satisfied,satisfied,True,True,True,True,satisfied,input_roi_preserved,3.552713678800501e-15,0.0,0,0,0,0,0,0,2063,2063,0,0,0,0,True,0.0027871999991475604,0.00416150000091875,0.049929200000406126,0.004603000001225155,,0,0.0,0.0,5.684341886080802e-14,0,0.0,0.0,0.0
synthetic,orient,valid_control,synthetic_31022,"[""synthetic"",""synthetic_31022"",""orient""]",,satisfied,satisfied,satisfied,satisfied,satisfied,True,True,True,True,satisfied,input_roi_preserved,3.972054645195637e-15,0.0,0,0,0,0,0,0,2057,2057,0,0,0,0,True,0.0027007999997294974,0.0036179999988235068,0.05408490000081656,0.004636599998775637,,0,1.8189894035458565e-12,0.0,0.0,0,0.0,0.0,0.0
synthetic,orient,valid_control,synthetic_31023,"[""synthetic"",""synthetic_31023"",""orient""]",,satisfied,satisfied,satisfied,satisfied,satisfied,True,True,True,True,satisfied,input_roi_preserved,1.464821375527116e-14,0.0,0,0,0,0,0,0,2396,2396,0,0,0,0,True,0.0022568000003957422,0.0038228000012168195,0.04943999999886728,0.005458999999973457,,0,3.637978807091713e-12,0.0,-5.684341886080802e-14,0,0.0,0.0,0.0
synthetic,orient,valid_control,synthetic_31024,"[""synthetic"",""synthetic_31024"",""orient""]",,satisfied,satisfied,satisfied,satisfied,satisfied,True,True,True,True,satisfied,input_roi_preserved,1.464821375527116e-14,0.0,0,0,0,0,0,0,1909,1909,0,0,0,0,True,0.002786799999739742,0.004457899998669745,0.04490330000044196,0.004835099998672376,,0,0.0,0.0,-5.684341886080802e-14,0,0.0,0.0,0.0
synthetic,orient,valid_control,synthetic_31025,"[""synthetic"",""synthetic_31025"",""orient""]",,satisfied,satisfied,satisfied,satisfied,satisfied,True,True,True,True,satisfied,input_roi_preserved,7.105427357601002e-15,0.0,0,0,0,0,0,0,1822,1822,0,0,0,0,True,0.002439300000332878,0.004560299999866402,0.043788599999970756,0.0031570999999530613,,0,-9.094947017729282e-13,0.0,0.0,0,0.0,0.0,0.0
synthetic,orient,valid_control,synthetic_31026,"[""synthetic"",""synthetic_31026"",""orient""]",,satisfied,satisfied,satisfied,satisfied,satisfied,True,True,True,True,satisfied,input_roi_preserved,0.0,0.0,0,0,0,0,0,0,2773,2773,0,0,0,0,True,0.002423800000542542,0.0039407000003848225,0.045661800000743824,0.005395799998950679,,0,-9.094947017729282e-13,0.0,-1.1368683772161603e-13,0,0.0,0.0,0.0
synthetic,orient,valid_control,synthetic_31027,"[""synthetic"",""synthetic_31027"",""orient""]",,satisfied,satisfied,satisfied,satisfied,satisfied,True,True,True,True,satisfied,input_roi_preserved,1.5987211554602254e-14,0.0,0,0,0,0,0,0,2566,2566,0,0,0,0,True,0.0019869999996444676,0.0040091999999276595,0.04804390000026615,0.004843400000027032,,0,-1.8189894035458565e-12,0.0,0.0,0,0.0,0.0,0.0
synthetic,orient,valid_control,synthetic_31028,"[""synthetic"",""synthetic_31028"",""orient""]",,satisfied,satisfied,satisfied,satisfied,satisfied,True,True,True,True,satisfied,input_roi_preserved,7.755684626330685e-15,0.0,0,0,0,0,0,0,3590,3590,0,0,0,0,True,0.002857500001482549,0.0057887000002665445,0.053009699999165605,0.006173200001285295,,0,-3.637978807091713e-12,0.0,-1.1368683772161603e-13,0,0.0,0.0,0.0
synthetic,orient,valid_control,synthetic_31029,"[""synthetic"",""synthetic_31029"",""orient""]",,satisfied,satisfied,satisfied,satisfied,satisfied,True,True,True,True,satisfied,input_roi_preserved,2.886238236725078e-14,0.0,0,0,0,0,0,0,2527,2527,0,0,0,0,True,0.002729899999394547,0.005415999999968335,0.04920230000061565,0.005517499999768916,,0,0.0,0.0,0.0,0,0.0,0.0,0.0
synthetic,orient,valid_control,synthetic_31030,"[""synthetic"",""synthetic_31030"",""orient""]",,satisfied,satisfied,satisfied,satisfied,satisfied,True,True,True,True,satisfied,input_roi_preserved,1.4210854715202004e-14,0.0,0,0,0,0,0,0,2123,2123,0,0,0,0,True,0.00342350000028091,0.004700499999671592,0.0712002999989636,0.003701200001160032,,0,-9.094947017729282e-13,0.0,0.0,0,0.0,0.0,0.0
synthetic,orient,valid_control,synthetic_31031,"[""synthetic"",""synthetic_31031"",""orient""]",,satisfied,satisfied,satisfied,satisfied,satisfied,True,True,True,True,satisfied,input_roi_preserved,1.5888218580782548e-14,0.0,0,0,0,0,0,0,3323,3323,0,0,0,0,True,0.002230000000054133,0.005290600000080303,0.049022499999409774,0.004559000000881497,,0,3.637978807091713e-12,0.0,0.0,0,0.0,0.0,0.0
synthetic,pad,valid_control,synthetic_31000,"[""synthetic"",""synthetic_31000"",""pad""]",,satisfied,satisfied,satisfied,not_applicable,satisfied,True,True,True,True,satisfied,input_roi_preserved,1.0658141036401503e-14,0.0,0,0,0,0,0,0,2566,2566,0,0,0,0,True,0.0007884999995440012,0.0032665000017004786,0.03244439999980386,0.003131200001007528,,0,0.0,0.0,0.0,0,0.0,0.0,0.0
synthetic,pad,valid_control,synthetic_31001,"[""synthetic"",""synthetic_31001"",""pad""]",,satisfied,satisfied,satisfied,not_applicable,satisfied,True,True,True,True,satisfied,input_roi_preserved,0.0,0.0,0,0,0,0,0,0,1831,1831,0,0,0,0,True,0.0007347000009758631,0.002709399999730522,0.029713199999605422,0.0028074000001652166,,0,0.0,0.0,0.0,0,0.0,0.0,0.0
synthetic,pad,valid_control,synthetic_31002,"[""synthetic"",""synthetic_31002"",""pad""]",,satisfied,satisfied,satisfied,not_applicable,satisfied,True,True,True,True,satisfied,input_roi_preserved,3.552713678800501e-15,0.0,0,0,0,0,0,0,1961,1961,0,0,0,0,True,0.0007243000000016764,0.003050499999517342,0.030264600000009523,0.002733799999987241,,0,0.0,0.0,0.0,0,0.0,0.0,0.0
synthetic,pad,valid_control,synthetic_31003,"[""synthetic"",""synthetic_31003"",""pad""]",,satisfied,satisfied,satisfied,not_applicable,satisfied,True,True,True,True,satisfied,input_roi_preserved,1.464821375527116e-14,0.0,0,0,0,0,0,0,2643,2643,0,0,0,0,True,0.0010861000009754207,0.006024300000717631,0.039808999999877415,0.0059689999998226995,,0,0.0,0.0,0.0,0,0.0,0.0,0.0
synthetic,pad,valid_control,synthetic_31004,"[""synthetic"",""synthetic_31004"",""pad""]",,satisfied,satisfied,satisfied,not_applicable,satisfied,True,True,True,True,satisfied,input_roi_preserved,1.464821375527116e-14,0.0,0,0,0,0,0,0,2076,2076,0,0,0,0,True,0.0011212999997951556,0.004794300000867224,0.043050600001151906,0.004993499998818152,,0,0.0,0.0,0.0,0,0.0,0.0,0.0
synthetic,pad,valid_control,synthetic_31005,"[""synthetic"",""synthetic_31005"",""pad""]",,satisfied,satisfied,satisfied,not_applicable,satisfied,True,True,True,True,satisfied,input_roi_preserved,1.432144669219779e-14,0.0,0,0,0,0,0,0,3376,3376,0,0,0,0,True,0.0010290000009263167,0.006427199999961886,0.041415600000618724,0.00646009999945818,,0,0.0,0.0,0.0,0,0.0,0.0,0.0
synthetic,pad,valid_control,synthetic_31006,"[""synthetic"",""synthetic_31006"",""pad""]",,satisfied,satisfied,satisfied,not_applicable,satisfied,True,True,True,True,satisfied,input_roi_preserved,1.5888218580782548e-14,0.0,0,0,0,0,0,0,1718,1718,0,0,0,0,True,0.0009339000007457798,0.00463070000114385,0.03673499999968044,0.003939800000807736,,0,0.0,0.0,0.0,0,0.0,0.0,0.0
synthetic,pad,valid_control,synthetic_31007,"[""synthetic"",""synthetic_31007"",""pad""]",,satisfied,satisfied,satisfied,not_applicable,satisfied,True,True,True,True,satisfied,input_roi_preserved,7.105427357601002e-15,0.0,0,0,0,0,0,0,2920,2920,0,0,0,0,True,0.0011130000002594898,0.006277799999224953,0.04706679999981134,0.005708999999114894,,0,0.0,0.0,0.0,0,0.0,0.0,0.0
synthetic,pad,valid_control,synthetic_31008,"[""synthetic"",""synthetic_31008"",""pad""]",,satisfied,satisfied,satisfied,not_applicable,satisfied,True,True,True,True,satisfied,input_roi_preserved,7.105427357601002e-15,0.0,0,0,0,0,0,0,1529,1529,0,0,0,0,True,0.0010158000004594214,0.00443009999980859,0.04226309999830846,0.004052100000990322,,0,0.0,0.0,0.0,0,0.0,0.0,0.0
synthetic,pad,valid_control,synthetic_31009,"[""synthetic"",""synthetic_31009"",""pad""]",,satisfied,satisfied,satisfied,not_applicable,satisfied,True,True,True,True,satisfied,input_roi_preserved,7.105427357601002e-15,0.0,0,0,0,0,0,0,2217,2217,0,0,0,0,True,0.001118599999244907,0.004795700000613579,0.05009520000021439,0.006301999999777763,,0,0.0,0.0,0.0,0,0.0,0.0,0.0
synthetic,pad,valid_control,synthetic_31010,"[""synthetic"",""synthetic_31010"",""pad""]",,satisfied,satisfied,satisfied,not_applicable,satisfied,True,True,True,True,satisfied,input_roi_preserved,1.0658141036401503e-14,0.0,0,0,0,0,0,0,2099,2099,0,0,0,0,True,0.0015866999983700225,0.004400199999508914,0.05239910000091186,0.00534210000114399,,0,0.0,0.0,0.0,0,0.0,0.0,0.0
synthetic,pad,valid_control,synthetic_31011,"[""synthetic"",""synthetic_31011"",""pad""]",,satisfied,satisfied,satisfied,not_applicable,satisfied,True,True,True,True,satisfied,input_roi_preserved,7.105427357601002e-15,0.0,0,0,0,0,0,0,2356,2356,0,0,0,0,True,0.0015077000007295283,0.006582899999557412,0.0475600999998278,0.005134400000315509,,0,0.0,0.0,0.0,0,0.0,0.0,0.0
synthetic,pad,valid_control,synthetic_31012,"[""synthetic"",""synthetic_31012"",""pad""]",,satisfied,satisfied,satisfied,not_applicable,satisfied,True,True,True,True,satisfied,input_roi_preserved,3.552713678800501e-15,0.0,0,0,0,0,0,0,2963,2963,0,0,0,0,True,0.0010699000013119075,0.005415999999968335,0.0523510000002716,0.007480200001737103,,0,0.0,0.0,0.0,0,0.0,0.0,0.0
synthetic,pad,valid_control,synthetic_31013,"[""synthetic"",""synthetic_31013"",""pad""]",,satisfied,satisfied,satisfied,not_applicable,satisfied,True,True,True,True,satisfied,input_roi_preserved,1.5888218580782548e-14,0.0,0,0,0,0,0,0,1839,1839,0,0,0,0,True,0.0016997000002447749,0.0064174000017374055,0.04881099999875005,0.005326099999365397,,0,0.0,0.0,0.0,0,0.0,0.0,0.0
synthetic,pad,valid_control,synthetic_31014,"[""synthetic"",""synthetic_31014"",""pad""]",,satisfied,satisfied,satisfied,not_applicable,satisfied,True,True,True,True,satisfied,input_roi_preserved,3.552713678800501e-15,0.0,0,0,0,0,0,0,3072,3072,0,0,0,0,True,0.0015880999999353662,0.009100199999011238,0.057824400000754395,0.009043399999427493,,0,0.0,0.0,0.0,0,0.0,0.0,0.0
synthetic,pad,valid_control,synthetic_31015,"[""synthetic"",""synthetic_31015"",""pad""]",,satisfied,satisfied,satisfied,not_applicable,satisfied,True,True,True,True,satisfied,input_roi_preserved,0.0,0.0,0,0,0,0,0,0,2074,2074,0,0,0,0,True,0.001006000000415952,0.005375300001105643,0.047998599999118596,0.006422899999961373,,0,0.0,0.0,0.0,0,0.0,0.0,0.0
synthetic,pad,valid_control,synthetic_31016,"[""synthetic"",""synthetic_31016"",""pad""]",,satisfied,satisfied,satisfied,not_applicable,satisfied,True,True,True,True,satisfied,input_roi_preserved,7.105427357601002e-15,0.0,0,0,0,0,0,0,1631,1631,0,0,0,0,True,0.0019183999993401812,0.006925699999555945,0.05824399999983143,0.0059559999990597134,,0,0.0,0.0,0.0,0,0.0,0.0,0.0
synthetic,pad,valid_control,synthetic_31017,"[""synthetic"",""synthetic_31017"",""pad""]",,satisfied,satisfied,satisfied,not_applicable,satisfied,True,True,True,True,satisfied,input_roi_preserved,0.0,0.0,0,0,0,0,0,0,3317,3317,0,0,0,0,True,0.0019390000015846454,0.009451800000533694,0.05636699999922712,0.010835099999894737,,0,0.0,0.0,0.0,0,0.0,0.0,0.0
synthetic,pad,valid_control,synthetic_31018,"[""synthetic"",""synthetic_31018"",""pad""]",,satisfied,satisfied,satisfied,not_applicable,satisfied,True,True,True,True,satisfied,input_roi_preserved,1.4210854715202004e-14,0.0,0,0,0,0,0,0,1757,1757,0,0,0,0,True,0.00163310000061756,0.006170300001031137,0.05713400000058755,0.004914700000881567,,0,0.0,0.0,0.0,0,0.0,0.0,0.0
synthetic,pad,valid_control,synthetic_31019,"[""synthetic"",""synthetic_31019"",""pad""]",,satisfied,satisfied,satisfied,not_applicable,satisfied,True,True,True,True,satisfied,input_roi_preserved,1.5987211554602254e-14,0.0,0,0,0,0,0,0,1860,1860,0,0,0,0,True,0.0011467999993328704,0.005536700000448036,0.05113140000139538,0.005143300000781892,,0,0.0,0.0,0.0,0,0.0,0.0,0.0
synthetic,pad,valid_control,synthetic_31020,"[""synthetic"",""synthetic_31020"",""pad""]",,satisfied,satisfied,satisfied,not_applicable,satisfied,True,True,True,True,satisfied,input_roi_preserved,0.0,0.0,0,0,0,0,0,0,1662,1662,0,0,0,0,True,0.0015057000000524567,0.00539539999954286,0.046912300000258256,0.004433900001458824,,0,0.0,0.0,0.0,0,0.0,0.0,0.0
synthetic,pad,valid_control,synthetic_31021,"[""synthetic"",""synthetic_31021"",""pad""]",,satisfied,satisfied,satisfied,not_applicable,satisfied,True,True,True,True,satisfied,input_roi_preserved,7.105427357601002e-15,0.0,0,0,0,0,0,0,2063,2063,0,0,0,0,True,0.0016833000008773524,0.006361300000207848,0.05324800000016694,0.0062563999999838416,,0,0.0,0.0,0.0,0,0.0,0.0,0.0
synthetic,pad,valid_control,synthetic_31022,"[""synthetic"",""synthetic_31022"",""pad""]",,satisfied,satisfied,satisfied,not_applicable,satisfied,True,True,True,True,satisfied,input_roi_preserved,0.0,0.0,0,0,0,0,0,0,2057,2057,0,0,0,0,True,0.0015154999982769368,0.006780600000638515,0.06066830000054324,0.005725900000470574,,0,0.0,0.0,0.0,0,0.0,0.0,0.0
synthetic,pad,valid_control,synthetic_31023,"[""synthetic"",""synthetic_31023"",""pad""]",,satisfied,satisfied,satisfied,not_applicable,satisfied,True,True,True,True,satisfied,input_roi_preserved,7.105427357601002e-15,0.0,0,0,0,0,0,0,2396,2396,0,0,0,0,True,0.0018565999998827465,0.0076652999996440485,0.05030830000032438,0.005693299999620649,,0,0.0,0.0,0.0,0,0.0,0.0,0.0
synthetic,pad,valid_control,synthetic_31024,"[""synthetic"",""synthetic_31024"",""pad""]",,satisfied,satisfied,satisfied,not_applicable,satisfied,True,True,True,True,satisfied,input_roi_preserved,1.0048591735576161e-14,0.0,0,0,0,0,0,0,1909,1909,0,0,0,0,True,0.0018084000003000256,0.007092400001056376,0.04844220000086352,0.006319800000710529,,0,0.0,0.0,0.0,0,0.0,0.0,0.0
synthetic,pad,valid_control,synthetic_31025,"[""synthetic"",""synthetic_31025"",""pad""]",,satisfied,satisfied,satisfied,not_applicable,satisfied,True,True,True,True,satisfied,input_roi_preserved,0.0,0.0,0,0,0,0,0,0,1822,1822,0,0,0,0,True,0.001009199999316479,0.006121400001575239,0.04645929999969667,0.004518100000495906,,0,0.0,0.0,0.0,0,0.0,0.0,0.0
synthetic,pad,valid_control,synthetic_31026,"[""synthetic"",""synthetic_31026"",""pad""]",,satisfied,satisfied,satisfied,not_applicable,satisfied,True,True,True,True,satisfied,input_roi_preserved,1.4210854715202004e-14,0.0,0,0,0,0,0,0,2773,2773,0,0,0,0,True,0.0010891000001720386,0.007814599999619531,0.0454355999991094,0.005981899999824236,,0,0.0,0.0,0.0,0,0.0,0.0,0.0
synthetic,pad,valid_control,synthetic_31027,"[""synthetic"",""synthetic_31027"",""pad""]",,satisfied,satisfied,satisfied,not_applicable,satisfied,True,True,True,True,satisfied,input_roi_preserved,7.105427357601002e-15,0.0,0,0,0,0,0,0,2566,2566,0,0,0,0,True,0.0016099999993457459,0.00644060000013269,0.05206270000053337,0.004801799999768264,,0,0.0,0.0,0.0,0,0.0,0.0,0.0
synthetic,pad,valid_control,synthetic_31028,"[""synthetic"",""synthetic_31028"",""pad""]",,satisfied,satisfied,satisfied,not_applicable,satisfied,True,True,True,True,satisfied,input_roi_preserved,7.105427357601002e-15,0.0,0,0,0,0,0,0,3590,3590,0,0,0,0,True,0.0018147999999200692,0.009673900000052527,0.05673120000028575,0.009386800000356743,,0,0.0,0.0,0.0,0,0.0,0.0,0.0
synthetic,pad,valid_control,synthetic_31029,"[""synthetic"",""synthetic_31029"",""pad""]",,satisfied,satisfied,satisfied,not_applicable,satisfied,True,True,True,True,satisfied,input_roi_preserved,0.0,0.0,0,0,0,0,0,0,2527,2527,0,0,0,0,True,0.0018087000007653842,0.007124899999325862,0.05076129999906698,0.006811200000811368,,0,0.0,0.0,0.0,0,0.0,0.0,0.0
synthetic,pad,valid_control,synthetic_31030,"[""synthetic"",""synthetic_31030"",""pad""]",,satisfied,satisfied,satisfied,not_applicable,satisfied,True,True,True,True,satisfied,input_roi_preserved,7.105427357601002e-15,0.0,0,0,0,0,0,0,2123,2123,0,0,0,0,True,0.0017037000015989179,0.0068412000000535045,0.05241580000074464,0.006831999999121763,,0,0.0,0.0,0.0,0,0.0,0.0,0.0
synthetic,pad,valid_control,synthetic_31031,"[""synthetic"",""synthetic_31031"",""pad""]",,satisfied,satisfied,satisfied,not_applicable,satisfied,True,True,True,True,satisfied,input_roi_preserved,1.4210854715202004e-14,0.0,0,0,0,0,0,0,3323,3323,0,0,0,0,True,0.0011059999997087289,0.007157300000471878,0.054350099999282975,0.0069977999992261175,,0,0.0,0.0,0.0,0,0.0,0.0,0.0
synthetic,premature_integer_storage,own_wrapper_mutation,synthetic_31000,"[""synthetic"",""synthetic_31000"",""premature_integer_storage""]",True,violated,satisfied,satisfied,not_applicable,violated,True,True,True,True,satisfied,blocked,1.3838569274968834e-14,0.9999987058228506,125121,0,0,0,125121,0,14288,2566,0,0,0,,,0.0009077000013348879,0.025628799998230534,0.032591699999102275,0.02845320000051288,,11722,120.59645201653984,0.5077491186756962,-37.85793261712445,0,0.0,0.0026678342157928636,-15.687716355293617
synthetic,premature_integer_storage,own_wrapper_mutation,synthetic_31001,"[""synthetic"",""synthetic_31001"",""premature_integer_storage""]",True,violated,satisfied,satisfied,not_applicable,violated,True,True,True,True,satisfied,blocked,8.243405957841787e-15,0.9999909377515479,59190,0,0,0,59190,0,6177,1831,0,0,0,,,0.000785300000643474,0.014098699999522069,0.030393999999432708,0.013923600001362502,,4346,-1.496695386628744,-0.5003860602486967,-39.52826720700784,0,0.0,0.025894813530555005,-15.737973790534966
synthetic,premature_integer_storage,own_wrapper_mutation,synthetic_31002,"[""synthetic"",""synthetic_31002"",""premature_integer_storage""]",True,violated,satisfied,satisfied,not_applicable,violated,True,True,True,True,satisfied,blocked,1.2262939759522038e-14,0.9999903362542355,84074,0,0,0,84074,0,8945,1961,0,0,0,,,0.0009088000006158836,0.018544599999586353,0.03038139999989653,0.01746659999844269,,6984,137.50248804320654,0.4792548818791478,-39.76348786489251,0,0.0,0.0073895604574159,-16.076498097783656
synthetic,premature_integer_storage,own_wrapper_mutation,synthetic_31003,"[""synthetic"",""synthetic_31003"",""premature_integer_storage""]",True,violated,satisfied,satisfied,not_applicable,violated,True,True,True,True,satisfied,blocked,3.441730831452987e-15,0.9999994227593119,184320,0,0,0,184320,0,19810,2643,0,0,0,,,0.0014768000000913162,0.061134300000048825,0.053834799999094685,0.06027960000028543,,17167,111.83893657718909,-0.20607261129806198,-32.63749486079274,0,0.0,0.0240741724083684,-15.919911092226698
synthetic,premature_integer_storage,own_wrapper_mutation,synthetic_31004,"[""synthetic"",""synthetic_31004"",""premature_integer_storage""]",True,violated,satisfied,satisfied,not_applicable,violated,True,True,True,True,satisfied,blocked,5.930087692484439e-15,0.9999982720409735,114100,0,0,0,114100,0,12635,2076,0,0,0,,,0.0012733000003208872,0.04177460000028077,0.048025399999460205,0.03668649999963236,,10559,87.06164873679063,-0.061984946012734854,-18.270555449718643,0,0.0,0.009460999437436168,-16.126499117782828
synthetic,premature_integer_storage,own_wrapper_mutation,synthetic_31005,"[""synthetic"",""synthetic_31005"",""premature_integer_storage""]",True,violated,satisfied,satisfied,not_applicable,violated,True,True,True,True,satisfied,blocked,2.420470799416091e-15,0.9999889102082875,203100,0,0,0,203100,0,25182,3376,0,0,0,,,0.001696799999990617,0.08452229999966221,0.07831359999909182,0.08964860000014596,,21806,-62.68378283189668,-0.14531308048967495,-31.560954938872214,0,0.0,0.017262124432391168,-15.81771860027186
synthetic,premature_integer_storage,own_wrapper_mutation,synthetic_31006,"[""synthetic"",""synthetic_31006"",""premature_integer_storage""]",True,violated,satisfied,satisfied,not_applicable,violated,True,True,True,True,satisfied,blocked,1.2412670766236366e-15,0.9999879963015665,93590,0,0,0,93590,0,9584,1718,0,0,0,,,0.001127900000938098,0.029507399998692563,0.046871200000168756,0.02895110000099521,,7866,142.94052510900838,-0.21780965948291775,-40.63237758360765,0,0.0,0.017812699734600645,-15.878218283553679
synthetic,premature_integer_storage,own_wrapper_mutation,synthetic_31007,"[""synthetic"",""synthetic_31007"",""premature_integer_storage""]",True,violated,satisfied,satisfied,not_applicable,violated,True,True,True,True,satisfied,blocked,9.85214447083364e-15,0.999982137668546,129674,0,0,0,129674,0,14802,2920,0,0,0,,,0.0017124000005424023,0.048402700000224286,0.05851830000028713,0.04385240000010526,,11882,-175.95775844549007,0.6348034350226645,-40.89756254395968,0,0.0,0.003918607315792189,-15.89033704625632
synthetic,premature_integer_storage,own_wrapper_mutation,synthetic_31008,"[""synthetic"",""synthetic_31008"",""premature_integer_storage""]",True,violated,satisfied,satisfied,not_applicable,violated,True,True,True,True,satisfied,blocked,5.5749338175931256e-15,0.9999757634251907,71854,0,0,0,71854,0,6830,1529,0,0,0,,,0.001504600000771461,0.024026799999774084,0.05393790000016452,0.029311599999346072,,5301,-16.481042288266508,-0.4189597264022933,-33.20027547451434,0,0.0,0.02648852738613794,-15.756712624477359
synthetic,premature_integer_storage,own_wrapper_mutation,synthetic_31009,"[""synthetic"",""synthetic_31009"",""premature_integer_storage""]",True,violated,satisfied,satisfied,not_applicable,violated,True,True,True,True,satisfied,blocked,1.156551889201422e-14,0.9999947270882128,149194,0,0,0,149194,0,16358,2217,0,0,0,,,0.0016022999989218079,0.05896770000072138,0.056602700000439654,0.060188399998878594,,14141,17.157653409141858,0.22983549104792877,-23.02792550219516,0,0.0,0.010427372305842342,-16.107400097494633
synthetic,premature_integer_storage,own_wrapper_mutation,synthetic_31010,"[""synthetic"",""synthetic_31010"",""premature_integer_storage""]",True,violated,satisfied,satisfied,not_applicable,violated,True,True,True,True,satisfied,blocked,7.123834950823988e-15,0.9999972644435813,97597,0,0,0,97597,0,9897,2099,0,0,0,,,0.0019998999996460043,0.04537490000075195,0.055794199999581906,0.03856389999964449,,7798,-17.404815368039635,-0.2780756308799117,-19.731215952934463,0,0.0,0.016089939520514074,-16.283898594499817
synthetic,premature_integer_storage,own_wrapper_mutation,synthetic_31011,"[""synthetic"",""synthetic_31011"",""premature_integer_storage""]",True,violated,satisfied,satisfied,not_applicable,violated,True,True,True,True,satisfied,blocked,9.431057068836283e-15,0.999977918120706,109815,0,0,0,109815,0,11709,2356,0,0,0,,,0.0018832999994629063,0.04937390000122832,0.0585415000005014,0.03763059999982943,,9353,108.9241058698517,0.3351822151230728,-42.867746644241834,0,0.0,0.01830378300127422,-15.908090032743075
synthetic,premature_integer_storage,own_wrapper_mutation,synthetic_31012,"[""synthetic"",""synthetic_31012"",""premature_integer_storage""]",True,violated,satisfied,satisfied,not_applicable,violated,True,True,True,True,satisfied,blocked,9.880984919163893e-15,0.999985767015005,106381,0,0,0,106381,0,13132,2963,0,0,0,,,0.0012875000011263182,0.035322900001119706,0.05222750000029919,0.04422640000120737,,10169,68.55640806058636,-0.7711489346369462,-26.18358698143811,0,0.0,0.037824469013762574,-15.95604444416864
synthetic,premature_integer_storage,own_wrapper_mutation,synthetic_31013,"[""synthetic"",""synthetic_31013"",""premature_integer_storage""]",True,violated,satisfied,satisfied,not_applicable,violated,True,True,True,True,satisfied,blocked,6.255050120200123e-15,0.9999915086253175,91135,0,0,0,91135,0,9803,1839,0,0,0,,,0.0012903999995614868,0.03130860000055691,0.0561080999996193,0.03585700000076031,,7964,-19.244562835688157,0.21607005895422038,-36.56601691231788,0,0.0,0.0076068433549618675,-16.063919854656547
synthetic,premature_integer_storage,own_wrapper_mutation,synthetic_31014,"[""synthetic"",""synthetic_31014"",""premature_integer_storage""]",True,violated,satisfied,satisfied,not_applicable,violated,True,True,True,True,satisfied,blocked,4.256749850387367e-15,0.9999993755023233,145646,0,0,0,145646,0,16744,3072,0,0,0,,,0.00152189999971597,0.057164199999533594,0.0626998999996431,0.05644899999970221,,13672,-195.92596208865507,-0.1586241013572025,-48.533066300142934,0,0.0,0.02205485614044389,-15.521760647928943
synthetic,premature_integer_storage,own_wrapper_mutation,synthetic_31015,"[""synthetic"",""synthetic_31015"",""premature_integer_storage""]",True,violated,satisfied,satisfied,not_applicable,violated,True,True,True,True,satisfied,blocked,1.1401968842178308e-14,0.9999865711785851,142491,0,0,0,142491,0,15412,2074,0,0,0,,,0.0020958000004611677,0.06945569999879808,0.0624136999995244,0.06810060000134399,,13338,162.9580808900082,-0.4505958612570298,-35.867969559875746,0,0.0,0.025753556916497278,-15.991143224599
synthetic,premature_integer_storage,own_wrapper_mutation,synthetic_31016,"[""synthetic"",""synthetic_31016"",""premature_integer_storage""]",True,violated,satisfied,satisfied,not_applicable,violated,True,True,True,True,satisfied,blocked,5.213321721819273e-15,0.9999854593353525,75840,0,0,0,75840,0,7371,1631,0,0,0,,,0.0020760000006703194,0.038286799999696086,0.057032900000194786,0.027031300000089686,,5740,162.19213920411676,0.07081494116544196,-26.51759918489421,0,0.0,0.0095549986301533,-15.803831551330859
synthetic,premature_integer_storage,own_wrapper_mutation,synthetic_31017,"[""synthetic"",""synthetic_31017"",""premature_integer_storage""]",True,violated,satisfied,satisfied,not_applicable,violated,True,True,True,True,satisfied,blocked,3.835193889658539e-15,0.9999948284957778,154644,0,0,0,154644,0,19674,3317,0,0,0,,,0.0024479000003339024,0.08864160000121046,0.06185430000004999,0.06712970000080531,,16357,187.76683668886835,-0.24449163894850545,-25.571146097273868,0,0.0,0.02380991271249866,-15.899189047003802
synthetic,premature_integer_storage,own_wrapper_mutation,synthetic_31018,"[""synthetic"",""synthetic_31018"",""premature_integer_storage""]",True,violated,satisfied,satisfied,not_applicable,violated,True,True,True,True,satisfied,blocked,5.620504062164855e-15,0.9999973344398194,149718,0,0,0,149718,0,14537,1757,0,0,0,,,0.0015858999995543854,0.07109769999988202,0.07004950000009558,0.08334819999981846,,12780,56.75541777752278,0.12337792473420417,-30.835641696287098,0,0.0,0.014661871211521849,-16.057585583390335
synthetic,premature_integer_storage,own_wrapper_mutation,synthetic_31019,"[""synthetic"",""synthetic_31019"",""premature_integer_storage""]",True,violated,satisfied,satisfied,not_applicable,violated,True,True,True,True,satisfied,blocked,5.4566360461576204e-15,0.9999773464650801,127638,0,0,0,127638,0,14155,1860,0,0,0,,,0.0023562000005767914,0.06440049999946496,0.05666480000036245,0.06409130000065488,,12295,473.13518730492524,-0.10519398328034857,-28.508747233248585,0,0.0,0.017519998465619135,-16.01365299787227
synthetic,premature_integer_storage,own_wrapper_mutation,synthetic_31020,"[""synthetic"",""synthetic_31020"",""premature_integer_storage""]",True,violated,satisfied,satisfied,not_applicable,violated,True,True,True,True,satisfied,blocked,1.1171403689612729e-14,0.999996868985864,109189,0,0,0,109189,0,11100,1662,0,0,0,,,0.0021833999999216758,0.042509400000199093,0.06025229999977455,0.05145790000096895,,9438,-84.59470718311695,0.3970593879077633,-37.606759749226455,0,0.0,0.008020432834807911,-16.167348790696963
synthetic,premature_integer_storage,own_wrapper_mutation,synthetic_31021,"[""synthetic"",""synthetic_31021"",""premature_integer_storage""]",True,violated,satisfied,satisfied,not_applicable,violated,True,True,True,True,satisfied,blocked,1.214852748185467e-15,0.999982725875487,66953,0,0,0,66953,0,7397,2063,0,0,0,,,0.001832500000091386,0.031142399999225745,0.056820300000254065,0.02150419999998121,,5334,-13.838377626382226,-0.3373910493904626,-33.995134957385346,0,0.0,0.02129859657823374,-15.95309323692868
synthetic,premature_integer_storage,own_wrapper_mutation,synthetic_31022,"[""synthetic"",""synthetic_31022"",""premature_integer_storage""]",True,violated,satisfied,satisfied,not_applicable,violated,True,True,True,True,satisfied,blocked,1.1404671114776845e-14,0.9999889918114828,117438,0,0,0,117438,0,13158,2057,0,0,0,,,0.0019484999993437668,0.05517440000039642,0.06026920000113023,0.05216579999978421,,11101,-36.381558716971995,0.27208363324828944,-34.04845744934812,0,0.0,0.014350038078629224,-15.830541027525669
synthetic,premature_integer_storage,own_wrapper_mutation,synthetic_31023,"[""synthetic"",""synthetic_31023"",""premature_integer_storage""]",True,violated,satisfied,satisfied,not_applicable,violated,True,True,True,True,satisfied,blocked,2.8089410453346345e-15,0.999999403438423,166307,0,0,0,166307,0,17750,2396,0,0,0,,,0.002570200000263867,0.07120250000116357,0.06594899999981862,0.07668650000050548,,15354,26.737729319043865,-0.1267536269369136,-38.260847164496454,0,0.0,0.018830732735625633,-15.96882210919648
synthetic,premature_integer_storage,own_wrapper_mutation,synthetic_31024,"[""synthetic"",""synthetic_31024"",""premature_integer_storage""]",True,violated,satisfied,satisfied,not_applicable,violated,True,True,True,True,satisfied,blocked,1.0642842806564202e-14,0.9999967487440292,99254,0,0,0,99254,0,10403,1909,0,0,0,,,0.0014375999999174383,0.05533049999939976,0.05047559999911755,0.04905059999873629,,8494,-7.654811455525305,-0.5150892386735964,-36.6992080899243,0,0.0,0.031143427679218405,-15.588002768516958
synthetic,premature_integer_storage,own_wrapper_mutation,synthetic_31025,"[""synthetic"",""synthetic_31025"",""premature_integer_storage""]",True,violated,satisfied,satisfied,not_applicable,violated,True,True,True,True,satisfied,blocked,6.806400609299186e-15,0.9999980834863322,82074,0,0,0,82074,0,7989,1822,0,0,0,,,0.0011832000000140397,0.03323790000104054,0.05391810000037367,0.03930180000133987,,6167,-85.14637049864768,-0.26531230373157166,-40.47662054264384,0,0.0,0.02587767027744725,-15.761205773797087
synthetic,premature_integer_storage,own_wrapper_mutation,synthetic_31026,"[""synthetic"",""synthetic_31026"",""premature_integer_storage""]",True,violated,satisfied,satisfied,not_applicable,violated,True,True,True,True,satisfied,blocked,1.0657454352904748e-14,0.9999903956940184,104995,0,0,0,104995,0,12297,2773,0,0,0,,,0.002023499999268097,0.043928999999479856,0.05114589999902819,0.048400400000900845,,9524,31.18641563613437,-0.15333692443317704,-24.035747502930633,0,0.0,0.02304186111333273,-15.95416896784161
synthetic,premature_integer_storage,own_wrapper_mutation,synthetic_31027,"[""synthetic"",""synthetic_31027"",""premature_integer_storage""]",True,violated,satisfied,satisfied,not_applicable,violated,True,True,True,True,satisfied,blocked,6.9875729656372966e-15,0.9999922789585369,136384,0,0,0,136384,0,17215,2566,0,0,0,,,0.0015834000005270354,0.05307919999904698,0.06403210000098625,0.05937900000026275,,14649,20.27559473877409,0.16186670164978278,-34.531711919397765,0,0.0,0.014220984095037803,-15.943428081776688
synthetic,premature_integer_storage,own_wrapper_mutation,synthetic_31028,"[""synthetic"",""synthetic_31028"",""premature_integer_storage""]",True,violated,satisfied,satisfied,not_applicable,violated,True,True,True,True,satisfied,blocked,1.609823385706477e-15,0.999996437933099,192139,0,0,0,192139,0,25242,3590,0,0,0,,,0.001742799999192357,0.06806270000015502,0.0767070000001695,0.07267219999994268,,21652,68.79543317444222,-0.34902042931939725,-25.941988709186376,0,0.0,0.026698781186859755,-15.902003077169638
synthetic,premature_integer_storage,own_wrapper_mutation,synthetic_31029,"[""synthetic"",""synthetic_31029"",""premature_integer_storage""]",True,violated,satisfied,satisfied,not_applicable,violated,True,True,True,True,satisfied,blocked,7.735506809067399e-15,0.9999985666549165,133756,0,0,0,133756,0,15051,2527,0,0,0,,,0.0021909999995841645,0.06576549999954295,0.058501499999692896,0.06118120000064664,,12524,193.49698540306508,-0.8478065981808798,-29.951492155098606,0,0.0,0.02777304575958084,-16.117435953075983
synthetic,premature_integer_storage,own_wrapper_mutation,synthetic_31030,"[""synthetic"",""synthetic_31030"",""premature_integer_storage""]",True,violated,satisfied,satisfied,not_applicable,violated,True,True,True,True,satisfied,blocked,0.0,0.999983318927196,109424,0,0,0,109424,0,11100,2123,0,0,0,,,0.001290900001549744,0.03938879999986966,0.05581199999869568,0.03668419999848993,,8977,44.75848472659527,-0.09279739702019496,-41.420743146453276,0,0.0,0.009212718612345627,-15.757596471141824
synthetic,premature_integer_storage,own_wrapper_mutation,synthetic_31031,"[""synthetic"",""synthetic_31031"",""premature_integer_storage""]",True,violated,satisfied,satisfied,not_applicable,violated,True,True,True,True,satisfied,blocked,6.674335893081555e-15,0.9999933621206072,157422,0,0,0,157422,0,20377,3323,0,0,0,,,0.002393599999777507,0.06977270000061253,0.06217380000089179,0.05776239999977406,,17054,551.5820418846233,-0.43033920994017527,-23.770106884225584,0,0.0,0.024733766209151575,-16.042024021521286
synthetic,roi_truncation,support_policy_control,synthetic_31000,"[""synthetic"",""synthetic_31000"",""roi_truncation""]",,satisfied,satisfied,satisfied,not_applicable,satisfied,True,True,True,True,violated,blocked,1.0048591735576161e-14,0.0,0,0,0,0,0,0,1307,2566,1259,1259,0,1259,False,0.0005700000001525041,0.0007034999998722924,0.02586889999838604,0.000675299999784329,,-1259,-3530.1356862475377,-11.982901887492314,-143.39285093874048,0,0.0,0.0,0.0
synthetic,roi_truncation,support_policy_control,synthetic_31001,"[""synthetic"",""synthetic_31001"",""roi_truncation""]",,satisfied,satisfied,satisfied,not_applicable,satisfied,True,True,True,True,violated,blocked,7.105427357601002e-15,0.0,0,0,0,0,0,0,1026,1831,805,805,0,805,False,0.0005693000002793269,0.0006008999989717267,0.02638420000039332,0.0006855999999970663,,-805,-1391.1071325976168,-10.932153548961304,-141.86890358033793,0,0.0,0.0,0.0
synthetic,roi_truncation,support_policy_control,synthetic_31002,"[""synthetic"",""synthetic_31002"",""roi_truncation""]",,satisfied,satisfied,satisfied,not_applicable,satisfied,True,True,True,True,violated,blocked,7.944109290391274e-15,0.0,0,0,0,0,0,0,1043,1961,918,918,0,918,False,0.0005627999998978339,0.0006666999997833045,0.031022099999972852,0.0006410000005416805,,-918,-2079.58482201751,-11.287447874981115,-134.60917828627413,0,0.0,0.0,0.0
synthetic,roi_truncation,support_policy_control,synthetic_31003,"[""synthetic"",""synthetic_31003"",""roi_truncation""]",,satisfied,satisfied,satisfied,not_applicable,satisfied,True,True,True,True,violated,blocked,7.105427357601002e-15,0.0,0,0,0,0,0,0,1499,2643,1144,1144,0,1144,False,0.0007819000002200482,0.0010666999987734016,0.040662799998244736,0.001276700000744313,,-1144,-4341.781285113771,-10.683797396019088,-137.4574819537582,0,0.0,0.0,0.0
synthetic,roi_truncation,support_policy_control,synthetic_31004,"[""synthetic"",""synthetic_31004"",""roi_truncation""]",,satisfied,satisfied,satisfied,not_applicable,satisfied,True,True,True,True,violated,blocked,3.552713678800501e-15,0.0,0,0,0,0,0,0,1127,2076,949,949,0,949,False,0.0007951999996294035,0.0009780000000318978,0.0383058000006713,0.0009398999991390156,,-949,-2917.4245545996077,-11.095537178178636,-134.09101529441227,0,0.0,0.0,0.0
synthetic,roi_truncation,support_policy_control,synthetic_31005,"[""synthetic"",""synthetic_31005"",""roi_truncation""]",,satisfied,satisfied,satisfied,not_applicable,satisfied,True,True,True,True,violated,blocked,7.944109290391274e-15,0.0,0,0,0,0,0,0,1693,3376,1683,1683,0,1683,False,0.0011355999995430466,0.0017629000012675533,0.04319530000066152,0.0016507000000274274,,-1683,-6458.745698609623,-11.976985926858013,-136.65742194748043,0,0.0,0.0,0.0
synthetic,roi_truncation,support_policy_control,synthetic_31006,"[""synthetic"",""synthetic_31006"",""roi_truncation""]",,satisfied,satisfied,satisfied,not_applicable,satisfied,True,True,True,True,violated,blocked,7.105427357601002e-15,0.0,0,0,0,0,0,0,784,1718,934,934,0,934,False,0.0007392999996227445,0.0009759000004123664,0.04022600000098464,0.000944800000070245,,-934,-2590.011071913962,-13.298052879475422,-144.36024297919528,0,0.0,0.0,0.0
synthetic,roi_truncation,support_policy_control,synthetic_31007,"[""synthetic"",""synthetic_31007"",""roi_truncation""]",,satisfied,satisfied,satisfied,not_applicable,satisfied,True,True,True,True,violated,blocked,1.4210854715202004e-14,0.0,0,0,0,0,0,0,1517,2920,1403,1403,0,1403,False,0.001129199999923003,0.001677999998719315,0.0421329999990121,0.0010646999999153195,,-1403,-3725.917194211995,-11.62614202282804,-137.0377676752684,0,0.0,0.0,0.0
synthetic,roi_truncation,support_policy_control,synthetic_31008,"[""synthetic"",""synthetic_31008"",""roi_truncation""]",,satisfied,satisfied,satisfied,not_applicable,satisfied,True,True,True,True,violated,blocked,1.5888218580782548e-14,0.0,0,0,0,0,0,0,776,1529,753,753,0,753,False,0.0010719000001699897,0.0012903999995614868,0.047304800000347313,0.0013918999993620673,,-753,-1730.2950325984732,-12.021953360460648,-139.3258871666327,0,0.0,0.0,0.0
synthetic,roi_truncation,support_policy_control,synthetic_31009,"[""synthetic"",""synthetic_31009"",""roi_truncation""]",,satisfied,satisfied,satisfied,not_applicable,satisfied,True,True,True,True,violated,blocked,7.105427357601002e-15,0.0,0,0,0,0,0,0,1256,2217,961,961,0,961,False,0.0012843999993492616,0.0017189999998663552,0.04295799999999872,0.00126780000027793,,-961,-3622.9909567315362,-10.616665894549644,-134.9203442028902,0,0.0,0.0,0.0
synthetic,roi_truncation,support_policy_control,synthetic_31010,"[""synthetic"",""synthetic_31010"",""roi_truncation""]",,satisfied,satisfied,satisfied,not_applicable,satisfied,True,True,True,True,violated,blocked,1.0048591735576161e-14,0.0,0,0,0,0,0,0,1005,2099,1094,1094,0,1094,False,0.0011738000011973782,0.0014542000008077594,0.0384195999995427,0.0013951000000815839,,-1094,-2650.1322934791024,-12.609308863021718,-136.1428274201163,0,0.0,0.0,0.0
synthetic,roi_truncation,support_policy_control,synthetic_31011,"[""synthetic"",""synthetic_31011"",""roi_truncation""]",,satisfied,satisfied,satisfied,not_applicable,satisfied,True,True,True,True,violated,blocked,1.0048591735576161e-14,0.0,0,0,0,0,0,0,1227,2356,1129,1129,0,1129,False,0.0007845000000088476,0.0011594999996304978,0.0414096000004065,0.001017399999909685,,-1129,-2820.623394088683,-11.613435429215043,-140.2701901605633,0,0.0,0.0,0.0
synthetic,roi_truncation,support_policy_control,synthetic_31012,"[""synthetic"",""synthetic_31012"",""roi_truncation""]",,satisfied,satisfied,satisfied,not_applicable,satisfied,True,True,True,True,violated,blocked,0.0,0.0,0,0,0,0,0,0,1449,2963,1514,1514,0,1514,False,0.0007975999997142935,0.0013551000010920689,0.049499299999297364,0.0017506999993202044,,-1514,-3400.510217413525,-12.390433648306104,-139.40196439269255,0,0.0,0.0,0.0
synthetic,roi_truncation,support_policy_control,synthetic_31013,"[""synthetic"",""synthetic_31013"",""roi_truncation""]",,satisfied,satisfied,satisfied,not_applicable,satisfied,True,True,True,True,violated,blocked,7.105427357601002e-15,0.0,0,0,0,0,0,0,1002,1839,837,837,0,837,False,0.0009184999998979038,0.0010237999995297287,0.0471201000000292,0.0013412000007519964,,-837,-2293.161789610371,-11.160091318179303,-136.11698058112177,0,0.0,0.0,0.0
synthetic,roi_truncation,support_policy_control,synthetic_31014,"[""synthetic"",""synthetic_31014"",""roi_truncation""]",,satisfied,satisfied,satisfied,not_applicable,satisfied,True,True,True,True,violated,blocked,1.020439314654103e-14,0.0,0,0,0,0,0,0,1508,3072,1564,1564,0,1564,False,0.0007958000005601207,0.001286499998968793,0.04656550000072457,0.0016015999990486307,,-1564,-4464.351431219617,-12.27370495378813,-138.0484554672385,0,0.0,0.0,0.0
synthetic,roi_truncation,support_policy_control,synthetic_31015,"[""synthetic"",""synthetic_31015"",""roi_truncation""]",,satisfied,satisfied,satisfied,not_applicable,satisfied,True,True,True,True,violated,blocked,7.944109290391274e-15,0.0,0,0,0,0,0,0,1143,2074,931,931,0,931,False,0.0013147999998182058,0.001613099999303813,0.046919599999455386,0.00149769999916316,,-931,-3469.0235731395387,-11.102833502490107,-138.14544835982986,0,0.0,0.0,0.0
synthetic,roi_truncation,support_policy_control,synthetic_31016,"[""synthetic"",""synthetic_31016"",""roi_truncation""]",,satisfied,satisfied,satisfied,not_applicable,satisfied,True,True,True,True,violated,blocked,1.0048591735576161e-14,0.0,0,0,0,0,0,0,868,1631,763,763,0,763,False,0.0007743000005575595,0.0010618999986036215,0.04736349999984668,0.0013209000007918803,,-763,-1689.6215657800492,-11.374996291608156,-140.60834772204134,0,0.0,0.0,0.0
synthetic,roi_truncation,support_policy_control,synthetic_31017,"[""synthetic"",""synthetic_31017"",""roi_truncation""]",,satisfied,satisfied,satisfied,not_applicable,satisfied,True,True,True,True,violated,blocked,7.105427357601002e-15,0.0,0,0,0,0,0,0,1601,3317,1716,1716,0,1716,False,0.0008997000004455913,0.0014995000001363223,0.04870829999890702,0.0016940999994403683,,-1716,-5114.022042882699,-12.41369296059122,-137.268841801335,0,0.0,0.0,0.0
synthetic,roi_truncation,support_policy_control,synthetic_31018,"[""synthetic"",""synthetic_31018"",""roi_truncation""]",,satisfied,satisfied,satisfied,not_applicable,satisfied,True,True,True,True,violated,blocked,0.0,0.0,0,0,0,0,0,0,914,1757,843,843,0,843,False,0.0011855000011564698,0.0013748000001214677,0.04311779999989085,0.001056500001141103,,-843,-3543.857128522225,-11.73352884180689,-141.79247944951982,0,0.0,0.0,0.0
synthetic,roi_truncation,support_policy_control,synthetic_31019,"[""synthetic"",""synthetic_31019"",""roi_truncation""]",,satisfied,satisfied,satisfied,not_applicable,satisfied,True,True,True,True,violated,blocked,0.0,0.0,0,0,0,0,0,0,986,1860,874,874,0,874,False,0.0008366999991267221,0.0011453000006440561,0.041935699999157805,0.0010158000004594214,,-874,-3183.1572506965035,-11.372811020960107,-132.77842756030105,0,0.0,0.0,0.0
synthetic,roi_truncation,support_policy_control,synthetic_31020,"[""synthetic"",""synthetic_31020"",""roi_truncation""]",,satisfied,satisfied,satisfied,not_applicable,satisfied,True,True,True,True,violated,blocked,1.7763568394002505e-15,0.0,0,0,0,0,0,0,823,1662,839,839,0,839,False,0.0012540999996417668,0.0014847000002191635,0.04620710000017425,0.0015946000003168592,,-839,-2911.660505010009,-12.571681266476878,-146.85560076121436,0,0.0,0.0,0.0
synthetic,roi_truncation,support_policy_control,synthetic_31021,"[""synthetic"",""synthetic_31021"",""roi_truncation""]",,satisfied,satisfied,satisfied,not_applicable,satisfied,True,True,True,True,violated,blocked,1.0048591735576161e-14,0.0,0,0,0,0,0,0,1001,2063,1062,1062,0,1062,False,0.0008096000001387438,0.0015804000013304176,0.05047960000047169,0.0012882999999419553,,-1062,-1956.747806611352,-12.60835141591322,-139.9901233664088,0,0.0,0.0,0.0
synthetic,roi_truncation,support_policy_control,synthetic_31022,"[""synthetic"",""synthetic_31022"",""roi_truncation""]",,satisfied,satisfied,satisfied,not_applicable,satisfied,True,True,True,True,violated,blocked,0.0,0.0,0,0,0,0,0,0,1080,2057,977,977,0,977,False,0.001171400001112488,0.001441500000510132,0.044335399999908987,0.0013459000001603272,,-977,-3217.059880829598,-11.443295477052162,-132.42902741897984,0,0.0,0.0,0.0
synthetic,roi_truncation,support_policy_control,synthetic_31023,"[""synthetic"",""synthetic_31023"",""roi_truncation""]",,satisfied,satisfied,satisfied,not_applicable,satisfied,True,True,True,True,violated,blocked,0.0,0.0,0,0,0,0,0,0,1257,2396,1139,1139,0,1139,False,0.0011052000008930918,0.0014897000000928529,0.04320219999863184,0.0014113000015640864,,-1139,-4307.503224668451,-11.662412360563813,-139.40846676089643,0,0.0,0.0,0.0
synthetic,roi_truncation,support_policy_control,synthetic_31024,"[""synthetic"",""synthetic_31024"",""roi_truncation""]",,satisfied,satisfied,satisfied,not_applicable,satisfied,True,True,True,True,violated,blocked,7.105427357601002e-15,0.0,0,0,0,0,0,0,1103,1909,806,806,0,806,False,0.0007870999997976469,0.0012462999984563794,0.04916350000166858,0.0010516999991523335,,-806,-2252.0673619869854,-10.208507133504652,-129.00898385340662,0,0.0,0.0,0.0
synthetic,roi_truncation,support_policy_control,synthetic_31025,"[""synthetic"",""synthetic_31025"",""roi_truncation""]",,satisfied,satisfied,satisfied,not_applicable,satisfied,True,True,True,True,violated,blocked,0.0,0.0,0,0,0,0,0,0,944,1822,878,878,0,878,False,0.0008385000000998843,0.0010361000004195375,0.05157320000034815,0.0014585000008082716,,-878,-2012.130415640951,-11.73815065164003,-143.89967110214235,0,0.0,0.0,0.0
synthetic,roi_truncation,support_policy_control,synthetic_31026,"[""synthetic"",""synthetic_31026"",""roi_truncation""]",,satisfied,satisfied,satisfied,not_applicable,satisfied,True,True,True,True,violated,blocked,0.0,0.0,0,0,0,0,0,0,1377,2773,1396,1396,0,1396,False,0.0011190000004717149,0.0015929000001051463,0.04346079999959329,0.0016197999993892154,,-1396,-3153.9015895319,-12.30419759895517,-142.17638543743408,0,0.0,0.0,0.0
synthetic,roi_truncation,support_policy_control,synthetic_31027,"[""synthetic"",""synthetic_31027"",""roi_truncation""]",,satisfied,satisfied,satisfied,not_applicable,satisfied,True,True,True,True,violated,blocked,1.6280579355608324e-14,0.0,0,0,0,0,0,0,1323,2566,1243,1243,0,1243,False,0.0013182000002416316,0.0017150000003312016,0.044510000001537264,0.0011243999997532228,,-1243,-4259.820294520539,-11.678446753257465,-132.13111848885092,0,0.0,0.0,0.0
synthetic,roi_truncation,support_policy_control,synthetic_31028,"[""synthetic"",""synthetic_31028"",""roi_truncation""]",,satisfied,satisfied,satisfied,not_applicable,satisfied,True,True,True,True,violated,blocked,7.944109290391274e-15,0.0,0,0,0,0,0,0,1824,3590,1766,1766,0,1766,False,0.0007287999997060979,0.0011660999989544507,0.040846699999747216,0.001351299999441835,,-1766,-6323.7107880261665,-11.917254007232566,-139.99214557411239,0,0.0,0.0,0.0
synthetic,roi_truncation,support_policy_control,synthetic_31029,"[""synthetic"",""synthetic_31029"",""roi_truncation""]",,satisfied,satisfied,satisfied,not_applicable,satisfied,True,True,True,True,violated,blocked,3.552713678800501e-15,0.0,0,0,0,0,0,0,1252,2527,1275,1275,0,1275,False,0.0013376000006246613,0.001806899999792222,0.05026510000061535,0.0014335999985632952,,-1275,-3790.4962974321693,-12.325282713467711,-136.44734574824798,0,0.0,0.0,0.0
synthetic,roi_truncation,support_policy_control,synthetic_31030,"[""synthetic"",""synthetic_31030"",""roi_truncation""]",,satisfied,satisfied,satisfied,not_applicable,satisfied,True,True,True,True,violated,blocked,3.552713678800501e-15,0.0,0,0,0,0,0,0,1103,2123,1020,1020,0,1020,False,0.0007126000000425847,0.0010323000005882932,0.0444030999988172,0.0015134999994188547,,-1020,-2709.0015758732325,-11.800369416002006,-137.5406166760974,0,0.0,0.0,0.0
synthetic,roi_truncation,support_policy_control,synthetic_31031,"[""synthetic"",""synthetic_31031"",""roi_truncation""]",,satisfied,satisfied,satisfied,not_applicable,satisfied,True,True,True,True,violated,blocked,0.0,0.0,0,0,0,0,0,0,1676,3323,1647,1647,0,1647,False,0.0007599000000482192,0.0012276999987079762,0.04539370000020426,0.0012678999992203899,,-1647,-4897.603040931697,-12.03539247323026,-139.04713563407324,0,0.0,0.0,0.0
synthetic,shared_origin_shift,own_wrapper_mutation,synthetic_31000,"[""synthetic"",""synthetic_31000"",""shared_origin_shift""]",True,violated,satisfied,violated,violated,violated,True,True,True,True,satisfied,blocked,11.0,0.0,0,0,0,0,0,0,2566,2566,0,0,0,0,True,0.00029689999973925296,0.002271600000312901,0.02997730000060983,0.00250659999983327,,0,0.0,0.0,0.0,0,0.0,0.0,0.0
synthetic,shared_origin_shift,own_wrapper_mutation,synthetic_31001,"[""synthetic"",""synthetic_31001"",""shared_origin_shift""]",True,violated,satisfied,violated,violated,violated,True,True,True,True,satisfied,blocked,11.0,0.0,0,0,0,0,0,0,1831,1831,0,0,0,0,True,0.0002795000000332948,0.0017150000003312016,0.029046700001345016,0.0019889999985025497,,0,0.0,0.0,0.0,0,0.0,0.0,0.0
synthetic,shared_origin_shift,own_wrapper_mutation,synthetic_31002,"[""synthetic"",""synthetic_31002"",""shared_origin_shift""]",True,violated,satisfied,violated,violated,violated,True,True,True,True,satisfied,blocked,11.0,0.0,0,0,0,0,0,0,1961,1961,0,0,0,0,True,0.0002798000004986534,0.0018730000010691583,0.028590199999598553,0.001980199998797616,,0,0.0,0.0,0.0,0,0.0,0.0,0.0
synthetic,shared_origin_shift,own_wrapper_mutation,synthetic_31003,"[""synthetic"",""synthetic_31003"",""shared_origin_shift""]",True,violated,satisfied,violated,violated,violated,True,True,True,True,satisfied,blocked,11.0,0.0,0,0,0,0,0,0,2643,2643,0,0,0,0,True,0.0003935000004275935,0.004083300000274903,0.042402900000524824,0.004442499999640859,,0,0.0,0.0,0.0,0,0.0,0.0,0.0
synthetic,shared_origin_shift,own_wrapper_mutation,synthetic_31004,"[""synthetic"",""synthetic_31004"",""shared_origin_shift""]",True,violated,satisfied,violated,violated,violated,True,True,True,True,satisfied,blocked,11.0,0.0,0,0,0,0,0,0,2076,2076,0,0,0,0,True,0.0003987000000051921,0.003194900000380585,0.03834439999991446,0.0033190999984071823,,0,0.0,0.0,0.0,0,0.0,0.0,0.0
synthetic,shared_origin_shift,own_wrapper_mutation,synthetic_31005,"[""synthetic"",""synthetic_31005"",""shared_origin_shift""]",True,violated,satisfied,violated,violated,violated,True,True,True,True,satisfied,blocked,11.0,0.0,0,0,0,0,0,0,3376,3376,0,0,0,0,True,0.0003978000004281057,0.004547299999103416,0.05024550000052841,0.00512449999951059,,0,0.0,0.0,0.0,0,0.0,0.0,0.0
synthetic,shared_origin_shift,own_wrapper_mutation,synthetic_31006,"[""synthetic"",""synthetic_31006"",""shared_origin_shift""]",True,violated,satisfied,violated,violated,violated,True,True,True,True,satisfied,blocked,11.0,0.0,0,0,0,0,0,0,1718,1718,0,0,0,0,True,0.0004148999996687053,0.003831599999102764,0.03856129999985569,0.004051100000651786,,0,0.0,0.0,0.0,0,0.0,0.0,0.0
synthetic,shared_origin_shift,own_wrapper_mutation,synthetic_31007,"[""synthetic"",""synthetic_31007"",""shared_origin_shift""]",True,violated,satisfied,violated,violated,violated,True,True,True,True,satisfied,blocked,11.0,0.0,0,0,0,0,0,0,2920,2920,0,0,0,0,True,0.00040979999903356656,0.003624599999966449,0.04519559999971534,0.004714999999123393,,0,0.0,0.0,0.0,0,0.0,0.0,0.0
synthetic,shared_origin_shift,own_wrapper_mutation,synthetic_31008,"[""synthetic"",""synthetic_31008"",""shared_origin_shift""]",True,violated,satisfied,violated,violated,violated,True,True,True,True,satisfied,blocked,11.0,0.0,0,0,0,0,0,0,1529,1529,0,0,0,0,True,0.0004273000013199635,0.002238299999589799,0.03865110000151617,0.002161000000342028,,0,0.0,0.0,0.0,0,0.0,0.0,0.0
synthetic,shared_origin_shift,own_wrapper_mutation,synthetic_31009,"[""synthetic"",""synthetic_31009"",""shared_origin_shift""]",True,violated,satisfied,violated,violated,violated,True,True,True,True,satisfied,blocked,11.0,0.0,0,0,0,0,0,0,2217,2217,0,0,0,0,True,0.00038249999852268957,0.003101500000411761,0.041633000000729226,0.003579100000933977,,0,0.0,0.0,0.0,0,0.0,0.0,0.0
synthetic,shared_origin_shift,own_wrapper_mutation,synthetic_31010,"[""synthetic"",""synthetic_31010"",""shared_origin_shift""]",True,violated,satisfied,violated,violated,violated,True,True,True,True,satisfied,blocked,11.0,0.0,0,0,0,0,0,0,2099,2099,0,0,0,0,True,0.0009755999999470077,0.005036700000346173,0.046690099999977974,0.004607099999702768,,0,0.0,0.0,0.0,0,0.0,0.0,0.0
synthetic,shared_origin_shift,own_wrapper_mutation,synthetic_31011,"[""synthetic"",""synthetic_31011"",""shared_origin_shift""]",True,violated,satisfied,violated,violated,violated,True,True,True,True,satisfied,blocked,11.0,0.0,0,0,0,0,0,0,2356,2356,0,0,0,0,True,0.0005655999993905425,0.004515700000411016,0.050810599999749684,0.005275599998640246,,0,0.0,0.0,0.0,0,0.0,0.0,0.0
synthetic,shared_origin_shift,own_wrapper_mutation,synthetic_31012,"[""synthetic"",""synthetic_31012"",""shared_origin_shift""]",True,violated,satisfied,violated,violated,violated,True,True,True,True,satisfied,blocked,11.0,0.0,0,0,0,0,0,0,2963,2963,0,0,0,0,True,0.00042469999971217476,0.003935000000637956,0.052472800000032294,0.004165100001046085,,0,0.0,0.0,0.0,0,0.0,0.0,0.0
synthetic,shared_origin_shift,own_wrapper_mutation,synthetic_31013,"[""synthetic"",""synthetic_31013"",""shared_origin_shift""]",True,violated,satisfied,violated,violated,violated,True,True,True,True,satisfied,blocked,11.0,0.0,0,0,0,0,0,0,1839,1839,0,0,0,0,True,0.00044829999933426734,0.003312799999548588,0.053655599998819525,0.0036766000011994038,,0,0.0,0.0,0.0,0,0.0,0.0,0.0
synthetic,shared_origin_shift,own_wrapper_mutation,synthetic_31014,"[""synthetic"",""synthetic_31014"",""shared_origin_shift""]",True,violated,satisfied,violated,violated,violated,True,True,True,True,satisfied,blocked,11.0,0.0,0,0,0,0,0,0,3072,3072,0,0,0,0,True,0.0004895999991276767,0.004932699999699253,0.05122759999903792,0.004740200000014738,,0,0.0,0.0,0.0,0,0.0,0.0,0.0
synthetic,shared_origin_shift,own_wrapper_mutation,synthetic_31015,"[""synthetic"",""synthetic_31015"",""shared_origin_shift""]",True,violated,satisfied,violated,violated,violated,True,True,True,True,satisfied,blocked,11.0,0.0,0,0,0,0,0,0,2074,2074,0,0,0,0,True,0.0005464999994728714,0.004817999999431777,0.05571550000058778,0.0057769999984884635,,0,0.0,0.0,0.0,0,0.0,0.0,0.0
synthetic,shared_origin_shift,own_wrapper_mutation,synthetic_31016,"[""synthetic"",""synthetic_31016"",""shared_origin_shift""]",True,violated,satisfied,violated,violated,violated,True,True,True,True,satisfied,blocked,11.0,0.0,0,0,0,0,0,0,1631,1631,0,0,0,0,True,0.0005109999983687885,0.003211199998986558,0.04692120000072464,0.005083800000647898,,0,0.0,0.0,0.0,0,0.0,0.0,0.0
synthetic,shared_origin_shift,own_wrapper_mutation,synthetic_31017,"[""synthetic"",""synthetic_31017"",""shared_origin_shift""]",True,violated,satisfied,violated,violated,violated,True,True,True,True,satisfied,blocked,11.0,0.0,0,0,0,0,0,0,3317,3317,0,0,0,0,True,0.0006993000006332295,0.006904999998369021,0.05353339999965101,0.006423500000892091,,0,0.0,0.0,0.0,0,0.0,0.0,0.0
synthetic,shared_origin_shift,own_wrapper_mutation,synthetic_31018,"[""synthetic"",""synthetic_31018"",""shared_origin_shift""]",True,violated,satisfied,violated,violated,violated,True,True,True,True,satisfied,blocked,11.0,0.0,0,0,0,0,0,0,1757,1757,0,0,0,0,True,0.00042129999928874895,0.0034866999994846992,0.0482585999998264,0.0032816999992064666,,0,0.0,0.0,0.0,0,0.0,0.0,0.0
synthetic,shared_origin_shift,own_wrapper_mutation,synthetic_31019,"[""synthetic"",""synthetic_31019"",""shared_origin_shift""]",True,violated,satisfied,violated,violated,violated,True,True,True,True,satisfied,blocked,11.0,0.0,0,0,0,0,0,0,1860,1860,0,0,0,0,True,0.0005486000009113923,0.004429000000527594,0.046578499999668566,0.003787400000874186,,0,0.0,0.0,0.0,0,0.0,0.0,0.0
synthetic,shared_origin_shift,own_wrapper_mutation,synthetic_31020,"[""synthetic"",""synthetic_31020"",""shared_origin_shift""]",True,violated,satisfied,violated,violated,violated,True,True,True,True,satisfied,blocked,11.0,0.0,0,0,0,0,0,0,1662,1662,0,0,0,0,True,0.00045700000009674113,0.0028794999998353887,0.04627280000022438,0.002491500001269742,,0,0.0,0.0,0.0,0,0.0,0.0,0.0
synthetic,shared_origin_shift,own_wrapper_mutation,synthetic_31021,"[""synthetic"",""synthetic_31021"",""shared_origin_shift""]",True,violated,satisfied,violated,violated,violated,True,True,True,True,satisfied,blocked,11.0,0.0,0,0,0,0,0,0,2063,2063,0,0,0,0,True,0.0005012999990867684,0.003826899999694433,0.051293999998961226,0.003732799999852432,,0,0.0,0.0,0.0,0,0.0,0.0,0.0
synthetic,shared_origin_shift,own_wrapper_mutation,synthetic_31022,"[""synthetic"",""synthetic_31022"",""shared_origin_shift""]",True,violated,satisfied,violated,violated,violated,True,True,True,True,satisfied,blocked,11.0,0.0,0,0,0,0,0,0,2057,2057,0,0,0,0,True,0.0004658999987441348,0.004312900000513764,0.04659179999907792,0.0042893999998341314,,0,0.0,0.0,0.0,0,0.0,0.0,0.0
synthetic,shared_origin_shift,own_wrapper_mutation,synthetic_31023,"[""synthetic"",""synthetic_31023"",""shared_origin_shift""]",True,violated,satisfied,violated,violated,violated,True,True,True,True,satisfied,blocked,11.0,0.0,0,0,0,0,0,0,2396,2396,0,0,0,0,True,0.0005306000002747169,0.005186499998671934,0.055027700000209734,0.005185499998333398,,0,0.0,0.0,0.0,0,0.0,0.0,0.0
synthetic,shared_origin_shift,own_wrapper_mutation,synthetic_31024,"[""synthetic"",""synthetic_31024"",""shared_origin_shift""]",True,violated,satisfied,violated,violated,violated,True,True,True,True,satisfied,blocked,11.0,0.0,0,0,0,0,0,0,1909,1909,0,0,0,0,True,0.000784100000601029,0.004963600000337465,0.05149870000059309,0.004836600000999169,,0,0.0,0.0,0.0,0,0.0,0.0,0.0
synthetic,shared_origin_shift,own_wrapper_mutation,synthetic_31025,"[""synthetic"",""synthetic_31025"",""shared_origin_shift""]",True,violated,satisfied,violated,violated,violated,True,True,True,True,satisfied,blocked,11.0,0.0,0,0,0,0,0,0,1822,1822,0,0,0,0,True,0.0004085000000486616,0.0032744999989517964,0.050188499999421765,0.004756499998620711,,0,0.0,0.0,0.0,0,0.0,0.0,0.0
synthetic,shared_origin_shift,own_wrapper_mutation,synthetic_31026,"[""synthetic"",""synthetic_31026"",""shared_origin_shift""]",True,violated,satisfied,violated,violated,violated,True,True,True,True,satisfied,blocked,11.0,0.0,0,0,0,0,0,0,2773,2773,0,0,0,0,True,0.0004726999995909864,0.004341899999417365,0.0478000000002794,0.005213000000367174,,0,0.0,0.0,0.0,0,0.0,0.0,0.0
synthetic,shared_origin_shift,own_wrapper_mutation,synthetic_31027,"[""synthetic"",""synthetic_31027"",""shared_origin_shift""]",True,violated,satisfied,violated,violated,violated,True,True,True,True,satisfied,blocked,11.0,0.0,0,0,0,0,0,0,2566,2566,0,0,0,0,True,0.0004200999992463039,0.0037425999998959014,0.04987009999967995,0.003933899999537971,,0,0.0,0.0,0.0,0,0.0,0.0,0.0
synthetic,shared_origin_shift,own_wrapper_mutation,synthetic_31028,"[""synthetic"",""synthetic_31028"",""shared_origin_shift""]",True,violated,satisfied,violated,violated,violated,True,True,True,True,satisfied,blocked,11.0,0.0,0,0,0,0,0,0,3590,3590,0,0,0,0,True,0.00043650000043271575,0.004689600000347127,0.04992339999989781,0.005949099999270402,,0,0.0,0.0,0.0,0,0.0,0.0,0.0
synthetic,shared_origin_shift,own_wrapper_mutation,synthetic_31029,"[""synthetic"",""synthetic_31029"",""shared_origin_shift""]",True,violated,satisfied,violated,violated,violated,True,True,True,True,satisfied,blocked,11.0,0.0,0,0,0,0,0,0,2527,2527,0,0,0,0,True,0.00054679999993823,0.005771100000856677,0.04737170000043989,0.004195199999230681,,0,0.0,0.0,0.0,0,0.0,0.0,0.0
synthetic,shared_origin_shift,own_wrapper_mutation,synthetic_31030,"[""synthetic"",""synthetic_31030"",""shared_origin_shift""]",True,violated,satisfied,violated,violated,violated,True,True,True,True,satisfied,blocked,11.0,0.0,0,0,0,0,0,0,2123,2123,0,0,0,0,True,0.000632499999483116,0.00464069999907224,0.05099139999947511,0.004637699999875622,,0,0.0,0.0,0.0,0,0.0,0.0,0.0
synthetic,shared_origin_shift,own_wrapper_mutation,synthetic_31031,"[""synthetic"",""synthetic_31031"",""shared_origin_shift""]",True,violated,satisfied,violated,violated,violated,True,True,True,True,satisfied,blocked,11.0,0.0,0,0,0,0,0,0,3323,3323,0,0,0,0,True,0.0005966000007902039,0.006213799999386538,0.052917600000000675,0.0065443999992567115,,0,0.0,0.0,0.0,0,0.0,0.0,0.0
synthetic,stale_crop_origin,own_wrapper_mutation,synthetic_31000,"[""synthetic"",""synthetic_31000"",""stale_crop_origin""]",True,violated,satisfied,violated,not_applicable,violated,True,True,True,True,satisfied,blocked,3.8905360139266665,0.0,0,0,0,0,0,0,2566,2566,0,0,0,0,True,0.00035649999881570693,0.0026772000001074048,0.029987799998707487,0.002517999999327003,,0,0.0,0.0,0.0,0,0.0,0.0,0.0
synthetic,stale_crop_origin,own_wrapper_mutation,synthetic_31001,"[""synthetic"",""synthetic_31001"",""stale_crop_origin""]",False,satisfied,satisfied,satisfied,not_applicable,satisfied,True,True,True,True,satisfied,input_roi_preserved,3.7470027081099033e-16,0.0,0,0,0,0,0,0,1831,1831,0,0,0,0,True,0.00028469999961089343,0.0019004000005224952,0.024800799999866285,0.0019093999999313382,,0,0.0,0.0,0.0,0,0.0,0.0,0.0
synthetic,stale_crop_origin,own_wrapper_mutation,synthetic_31002,"[""synthetic"",""synthetic_31002"",""stale_crop_origin""]",True,violated,satisfied,violated,not_applicable,violated,True,True,True,True,satisfied,blocked,0.7475080138003949,0.0,0,0,0,0,0,0,1961,1961,0,0,0,0,True,0.0002796000007947441,0.0019417999992583646,0.031246099999407306,0.0020358000001579057,,0,0.0,0.0,0.0,0,0.0,0.0,0.0
synthetic,stale_crop_origin,own_wrapper_mutation,synthetic_31003,"[""synthetic"",""synthetic_31003"",""stale_crop_origin""]",True,violated,satisfied,violated,not_applicable,violated,True,True,True,True,satisfied,blocked,2.373124146846867,0.0,0,0,0,0,0,0,2643,2643,0,0,0,0,True,0.0005352000007405877,0.004314100000556209,0.048247700000501936,0.004264100000000326,,0,0.0,0.0,0.0,0,0.0,0.0,0.0
synthetic,stale_crop_origin,own_wrapper_mutation,synthetic_31004,"[""synthetic"",""synthetic_31004"",""stale_crop_origin""]",True,violated,satisfied,violated,not_applicable,violated,True,True,True,True,satisfied,blocked,8.035877894731437,0.0,0,0,0,0,0,0,2076,2076,0,0,0,0,True,0.00039370000013150275,0.00348659999872325,0.04367400000046473,0.003661999999167165,,0,0.0,0.0,0.0,0,0.0,0.0,0.0
synthetic,stale_crop_origin,own_wrapper_mutation,synthetic_31005,"[""synthetic"",""synthetic_31005"",""stale_crop_origin""]",True,violated,satisfied,violated,not_applicable,violated,True,True,True,True,satisfied,blocked,5.084034106810296,0.0,0,0,0,0,0,0,3376,3376,0,0,0,0,True,0.0004669999998441199,0.004685800000515883,0.046106699999654666,0.004541000000244821,,0,0.0,0.0,0.0,0,0.0,0.0,0.0
synthetic,stale_crop_origin,own_wrapper_mutation,synthetic_31006,"[""synthetic"",""synthetic_31006"",""stale_crop_origin""]",True,violated,satisfied,violated,not_applicable,violated,True,True,True,True,satisfied,blocked,2.2590541285057895,0.0,0,0,0,0,0,0,1718,1718,0,0,0,0,True,0.000440800000433228,0.00327830000060203,0.04358990000037011,0.0028531999996630475,,0,0.0,0.0,0.0,0,0.0,0.0,0.0
synthetic,stale_crop_origin,own_wrapper_mutation,synthetic_31007,"[""synthetic"",""synthetic_31007"",""stale_crop_origin""]",True,violated,satisfied,violated,not_applicable,violated,True,True,True,True,satisfied,blocked,7.717991060553323,0.0,0,0,0,0,0,0,2920,2920,0,0,0,0,True,0.00042829999983950984,0.004119100000025355,0.04734509999980219,0.004578199999741628,,0,0.0,0.0,0.0,0,0.0,0.0,0.0
synthetic,stale_crop_origin,own_wrapper_mutation,synthetic_31008,"[""synthetic"",""synthetic_31008"",""stale_crop_origin""]",True,violated,satisfied,violated,not_applicable,violated,True,True,True,True,satisfied,blocked,3.520120045481692,0.0,0,0,0,0,0,0,1529,1529,0,0,0,0,True,0.00038299999869195744,0.003725099999428494,0.04758910000055039,0.003746500000488595,,0,0.0,0.0,0.0,0,0.0,0.0,0.0
synthetic,stale_crop_origin,own_wrapper_mutation,synthetic_31009,"[""synthetic"",""synthetic_31009"",""stale_crop_origin""]",True,violated,satisfied,violated,not_applicable,violated,True,True,True,True,satisfied,blocked,1.395317839991057,0.0,0,0,0,0,0,0,2217,2217,0,0,0,0,True,0.00048720000086177606,0.004690199999458855,0.049373100000593695,0.0034517000003688736,,0,0.0,0.0,0.0,0,0.0,0.0,0.0
synthetic,stale_crop_origin,own_wrapper_mutation,synthetic_31010,"[""synthetic"",""synthetic_31010"",""stale_crop_origin""]",True,violated,satisfied,violated,not_applicable,violated,True,True,True,True,satisfied,blocked,2.697615720113498,0.0,0,0,0,0,0,0,2099,2099,0,0,0,0,True,0.0003735999998752959,0.0039264000006369315,0.048688000000765896,0.0033755999993445585,,0,0.0,0.0,0.0,0,0.0,0.0,0.0
synthetic,stale_crop_origin,own_wrapper_mutation,synthetic_31011,"[""synthetic"",""synthetic_31011"",""stale_crop_origin""]",True,violated,satisfied,violated,not_applicable,violated,True,True,True,True,satisfied,blocked,2.862812465690531,0.0,0,0,0,0,0,0,2356,2356,0,0,0,0,True,0.0004592000004777219,0.005113100000016857,0.05372730000090087,0.005350100000214297,,0,0.0,0.0,0.0,0,0.0,0.0,0.0
synthetic,stale_crop_origin,own_wrapper_mutation,synthetic_31012,"[""synthetic"",""synthetic_31012"",""stale_crop_origin""]",True,violated,satisfied,violated,not_applicable,violated,True,True,True,True,satisfied,blocked,8.282756673603089,0.0,0,0,0,0,0,0,2963,2963,0,0,0,0,True,0.0003760999989026459,0.003969699999288423,0.050418400000125985,0.004491399999096757,,0,0.0,0.0,0.0,0,0.0,0.0,0.0
synthetic,stale_crop_origin,own_wrapper_mutation,synthetic_31013,"[""synthetic"",""synthetic_31013"",""stale_crop_origin""]",True,violated,satisfied,violated,not_applicable,violated,True,True,True,True,satisfied,blocked,6.998687027854441,0.0,0,0,0,0,0,0,1839,1839,0,0,0,0,True,0.0005234000000200467,0.004077100000358769,0.04884610000044631,0.0038670999983878573,,0,0.0,0.0,0.0,0,0.0,0.0,0.0
synthetic,stale_crop_origin,own_wrapper_mutation,synthetic_31014,"[""synthetic"",""synthetic_31014"",""stale_crop_origin""]",True,violated,satisfied,violated,not_applicable,violated,True,True,True,True,satisfied,blocked,3.80268212140464,0.0,0,0,0,0,0,0,3072,3072,0,0,0,0,True,0.0005009999986214098,0.005650999999488704,0.05422990000079153,0.004557599999316153,,0,0.0,0.0,0.0,0,0.0,0.0,0.0
synthetic,stale_crop_origin,own_wrapper_mutation,synthetic_31015,"[""synthetic"",""synthetic_31015"",""stale_crop_origin""]",True,violated,satisfied,violated,not_applicable,violated,True,True,True,True,satisfied,blocked,4.118575161752047,0.0,0,0,0,0,0,0,2074,2074,0,0,0,0,True,0.0005065999994258163,0.004694999999628635,0.05217050000101153,0.005133900000146241,,0,0.0,0.0,0.0,0,0.0,0.0,0.0
synthetic,stale_crop_origin,own_wrapper_mutation,synthetic_31016,"[""synthetic"",""synthetic_31016"",""stale_crop_origin""]",True,violated,satisfied,violated,not_applicable,violated,True,True,True,True,satisfied,blocked,2.664157261565337,0.0,0,0,0,0,0,0,1631,1631,0,0,0,0,True,0.000549600001249928,0.003798399999141111,0.07086069999968458,0.004222199999276199,,0,0.0,0.0,0.0,0,0.0,0.0,0.0
synthetic,stale_crop_origin,own_wrapper_mutation,synthetic_31017,"[""synthetic"",""synthetic_31017"",""stale_crop_origin""]",True,violated,satisfied,violated,not_applicable,violated,True,True,True,True,satisfied,blocked,3.3441646792355355,0.0,0,0,0,0,0,0,3317,3317,0,0,0,0,True,0.0004971999987901654,0.0062491000007867115,0.05541749999974854,0.00597379999999248,,0,0.0,0.0,0.0,0,0.0,0.0,0.0
synthetic,stale_crop_origin,own_wrapper_mutation,synthetic_31018,"[""synthetic"",""synthetic_31018"",""stale_crop_origin""]",True,violated,satisfied,violated,not_applicable,violated,True,True,True,True,satisfied,blocked,2.9830872055227022,0.0,0,0,0,0,0,0,1757,1757,0,0,0,0,True,0.0005446999984997092,0.004284700000425801,0.057127500000206055,0.004213099999105907,,0,0.0,0.0,0.0,0,0.0,0.0,0.0
synthetic,stale_crop_origin,own_wrapper_mutation,synthetic_31019,"[""synthetic"",""synthetic_31019"",""stale_crop_origin""]",True,violated,satisfied,violated,not_applicable,violated,True,True,True,True,satisfied,blocked,4.868093190575299,0.0,0,0,0,0,0,0,1860,1860,0,0,0,0,True,0.0005132000005687587,0.004843499998969492,0.05576850000034028,0.005062099999122438,,0,0.0,0.0,0.0,0,0.0,0.0,0.0
synthetic,stale_crop_origin,own_wrapper_mutation,synthetic_31020,"[""synthetic"",""synthetic_31020"",""stale_crop_origin""]",True,violated,satisfied,violated,not_applicable,violated,True,True,True,True,satisfied,blocked,6.741658958930278,0.0,0,0,0,0,0,0,1662,1662,0,0,0,0,True,0.0004965000007359777,0.0033896000004460802,0.04603779999888502,0.0031710999992355937,,0,0.0,0.0,0.0,0,0.0,0.0,0.0
synthetic,stale_crop_origin,own_wrapper_mutation,synthetic_31021,"[""synthetic"",""synthetic_31021"",""stale_crop_origin""]",True,violated,satisfied,violated,not_applicable,violated,True,True,True,True,satisfied,blocked,2.143398314560566,0.0,0,0,0,0,0,0,2063,2063,0,0,0,0,True,0.00046070000098552555,0.004222300000037649,0.055240699999558274,0.00456800000029034,,0,0.0,0.0,0.0,0,0.0,0.0,0.0
synthetic,stale_crop_origin,own_wrapper_mutation,synthetic_31022,"[""synthetic"",""synthetic_31022"",""stale_crop_origin""]",True,violated,satisfied,violated,not_applicable,violated,True,True,True,True,satisfied,blocked,6.278876817437343,0.0,0,0,0,0,0,0,2057,2057,0,0,0,0,True,0.0005574999995587859,0.0037367999993875856,0.05720359999941138,0.0031142000007093884,,0,0.0,0.0,0.0,0,0.0,0.0,0.0
synthetic,stale_crop_origin,own_wrapper_mutation,synthetic_31023,"[""synthetic"",""synthetic_31023"",""stale_crop_origin""]",False,satisfied,satisfied,satisfied,not_applicable,satisfied,True,True,True,True,satisfied,input_roi_preserved,0.0,0.0,0,0,0,0,0,0,2396,2396,0,0,0,0,True,0.000491400000100839,0.005328600000211736,0.051098299998557195,0.005282299998725648,,0,0.0,0.0,0.0,0,0.0,0.0,0.0
synthetic,stale_crop_origin,own_wrapper_mutation,synthetic_31024,"[""synthetic"",""synthetic_31024"",""stale_crop_origin""]",True,violated,satisfied,violated,not_applicable,violated,True,True,True,True,satisfied,blocked,2.818597276774066,0.0,0,0,0,0,0,0,1909,1909,0,0,0,0,True,0.0004662000010284828,0.003679800000099931,0.0475934000005509,0.0048973000011756085,,0,0.0,0.0,0.0,0,0.0,0.0,0.0
synthetic,stale_crop_origin,own_wrapper_mutation,synthetic_31025,"[""synthetic"",""synthetic_31025"",""stale_crop_origin""]",True,violated,satisfied,violated,not_applicable,violated,True,True,True,True,satisfied,blocked,0.6880469014835287,0.0,0,0,0,0,0,0,1822,1822,0,0,0,0,True,0.00046610000026703347,0.0036444999986997573,0.05291340000076161,0.0049332999988109805,,0,0.0,0.0,0.0,0,0.0,0.0,0.0
synthetic,stale_crop_origin,own_wrapper_mutation,synthetic_31026,"[""synthetic"",""synthetic_31026"",""stale_crop_origin""]",True,violated,satisfied,violated,not_applicable,violated,True,True,True,True,satisfied,blocked,2.98559990021012,0.0,0,0,0,0,0,0,2773,2773,0,0,0,0,True,0.0005191999989619944,0.005272700000205077,0.05013159999907657,0.004352399999334011,,0,0.0,0.0,0.0,0,0.0,0.0,0.0
synthetic,stale_crop_origin,own_wrapper_mutation,synthetic_31027,"[""synthetic"",""synthetic_31027"",""stale_crop_origin""]",True,violated,satisfied,violated,not_applicable,violated,True,True,True,True,satisfied,blocked,2.972874830310063,0.0,0,0,0,0,0,0,2566,2566,0,0,0,0,True,0.0005596999999397667,0.005381400000260328,0.051325800000995514,0.004988400000002002,,0,0.0,0.0,0.0,0,0.0,0.0,0.0
synthetic,stale_crop_origin,own_wrapper_mutation,synthetic_31028,"[""synthetic"",""synthetic_31028"",""stale_crop_origin""]",True,violated,satisfied,violated,not_applicable,violated,True,True,True,True,satisfied,blocked,2.22066764408423,0.0,0,0,0,0,0,0,3590,3590,0,0,0,0,True,0.0004899999985354953,0.0059559000001172535,0.10862810000071477,0.0061540999995486345,,0,0.0,0.0,0.0,0,0.0,0.0,0.0
synthetic,stale_crop_origin,own_wrapper_mutation,synthetic_31029,"[""synthetic"",""synthetic_31029"",""stale_crop_origin""]",True,violated,satisfied,violated,not_applicable,violated,True,True,True,True,satisfied,blocked,3.0719763481060203,0.0,0,0,0,0,0,0,2527,2527,0,0,0,0,True,0.0004999000011594035,0.005859400000190362,0.0532072000005428,0.005236700000750716,,0,0.0,0.0,0.0,0,0.0,0.0,0.0
synthetic,stale_crop_origin,own_wrapper_mutation,synthetic_31030,"[""synthetic"",""synthetic_31030"",""stale_crop_origin""]",True,violated,satisfied,violated,not_applicable,violated,True,True,True,True,satisfied,blocked,7.752740572172364,0.0,0,0,0,0,0,0,2123,2123,0,0,0,0,True,0.0005175999995117309,0.00473969999984547,0.053309400000216556,0.005588300000454183,,0,0.0,0.0,0.0,0,0.0,0.0,0.0
synthetic,stale_crop_origin,own_wrapper_mutation,synthetic_31031,"[""synthetic"",""synthetic_31031"",""stale_crop_origin""]",True,violated,satisfied,violated,not_applicable,violated,True,True,True,True,satisfied,blocked,5.827035310417943,0.0,0,0,0,0,0,0,3323,3323,0,0,0,0,True,0.0005032000008213799,0.006610599999476108,0.05232080000132555,0.006106599999839091,,0,0.0,0.0,0.0,0,0.0,0.0,0.0
synthetic,wrong_image_kernel,own_wrapper_mutation,synthetic_31000,"[""synthetic"",""synthetic_31000"",""wrong_image_kernel""]",True,violated,satisfied,satisfied,not_applicable,violated,True,True,True,True,satisfied,blocked,1.3838569274968834e-14,16.36120177547639,125126,0,0,0,125126,0,14288,2566,0,0,0,,,0.0026739999993878882,0.02674020000085875,0.028579600000739447,0.026431399999637506,,11722,120.59645201653984,-0.08355127326159373,-7.8298194127945635,0,0.0,-0.588632557721497,14.340396849036267
synthetic,wrong_image_kernel,own_wrapper_mutation,synthetic_31001,"[""synthetic"",""synthetic_31001"",""wrong_image_kernel""]",True,violated,satisfied,satisfied,not_applicable,violated,True,True,True,True,satisfied,blocked,8.243405957841787e-15,16.474278949213648,59199,0,0,0,59199,0,6177,1831,0,0,0,,,0.0017281000000366475,0.020211799999742652,0.04352699999981269,0.012180300000181887,,4346,-1.496695386628744,-0.3401747926430627,-24.712032173364207,0,0.0,0.18610608113618898,-0.9217387568913296
synthetic,wrong_image_kernel,own_wrapper_mutation,synthetic_31002,"[""synthetic"",""synthetic_31002"",""wrong_image_kernel""]",True,violated,satisfied,satisfied,not_applicable,violated,True,True,True,True,satisfied,blocked,1.2262939759522038e-14,15.545429440410821,84079,0,0,0,84079,0,8945,1961,0,0,0,,,0.0021622000003844732,0.017794000001231325,0.028732299999319366,0.01773019999927783,,6984,137.50248804320654,1.6009848986482924,-11.056614619880179,0,0.0,1.1291195772265605,12.630375147228676
synthetic,wrong_image_kernel,own_wrapper_mutation,synthetic_31003,"[""synthetic"",""synthetic_31003"",""wrong_image_kernel""]",True,violated,satisfied,satisfied,not_applicable,violated,True,True,True,True,satisfied,blocked,3.441730831452987e-15,15.992873200572028,184326,0,0,0,184326,0,19810,2643,0,0,0,,,0.00520920000053593,0.06273779999901308,0.052900500000760076,0.06459829999948852,,17167,111.83893657718909,-0.011095327098162855,3.4916266453899993,0,0.0,0.21905145660826753,20.209210413956043
synthetic,wrong_image_kernel,own_wrapper_mutation,synthetic_31004,"[""synthetic"",""synthetic_31004"",""wrong_image_kernel""]",True,violated,satisfied,satisfied,not_applicable,violated,True,True,True,True,satisfied,blocked,5.930087692484439e-15,16.120250046446294,114106,0,0,0,114106,0,12635,2076,0,0,0,,,0.003781100000196602,0.03821499999867228,0.03955889999997453,0.03654900000037742,,10559,87.06164873679063,-0.08516460568823936,17.468889801559556,0,0.0,-0.013718660238068336,19.61294613349537
synthetic,wrong_image_kernel,own_wrapper_mutation,synthetic_31005,"[""synthetic"",""synthetic_31005"",""wrong_image_kernel""]",True,violated,satisfied,satisfied,not_applicable,violated,True,True,True,True,satisfied,blocked,2.420470799416091e-15,13.846219151620863,203097,0,0,0,203097,0,25182,3376,0,0,0,,,0.006981300000916235,0.07337980000011157,0.057403200000408106,0.07228170000053069,,21806,-62.68378283189668,-0.2679899925697322,-0.7081604485942421,0,0.0,-0.1054147876476661,15.035075890006112
synthetic,wrong_image_kernel,own_wrapper_mutation,synthetic_31006,"[""synthetic"",""synthetic_31006"",""wrong_image_kernel""]",True,violated,satisfied,satisfied,not_applicable,violated,True,True,True,True,satisfied,blocked,1.2412670766236366e-15,18.715342902094264,93596,0,0,0,93596,0,9584,1718,0,0,0,,,0.003506099999867729,0.029174999999668216,0.039162600000054226,0.02982280000105675,,7866,142.94052510900838,-0.2272524808518661,-11.619781075659091,0,0.0,0.008369878365652283,13.13437822439488
synthetic,wrong_image_kernel,own_wrapper_mutation,synthetic_31007,"[""synthetic"",""synthetic_31007"",""wrong_image_kernel""]",True,violated,satisfied,satisfied,not_applicable,violated,True,True,True,True,satisfied,blocked,9.85214447083364e-15,15.687037439148195,129681,0,0,0,129681,0,14802,2920,0,0,0,,,0.006444200000260025,0.049020000000382424,0.053425500000230386,0.04859320000105072,,11882,-175.95775844549007,1.0433968683424861,-14.611283191194389,0,0.0,0.41251204063561386,10.39594230650897
synthetic,wrong_image_kernel,own_wrapper_mutation,synthetic_31008,"[""synthetic"",""synthetic_31008"",""wrong_image_kernel""]",True,violated,satisfied,satisfied,not_applicable,violated,True,True,True,True,satisfied,blocked,5.5749338175931256e-15,18.7254274517337,71858,0,0,0,71858,0,6830,1529,0,0,0,,,0.004532099999778438,0.023927100000946666,0.041374200000063865,0.022289100001216866,,5301,-16.481042288266508,-0.1545014540743288,-1.7774805104316442,0,0.0,0.2909467997141024,15.666082339605339
synthetic,wrong_image_kernel,own_wrapper_mutation,synthetic_31009,"[""synthetic"",""synthetic_31009"",""wrong_image_kernel""]",True,violated,satisfied,satisfied,not_applicable,violated,True,True,True,True,satisfied,blocked,1.156551889201422e-14,15.198037968736546,149191,0,0,0,149191,0,16358,2217,0,0,0,,,0.005110199999762699,0.05590999999913038,0.05024350000167033,0.05298219999895082,,14141,17.157653409141858,0.4251833330824073,30.986715782079443,0,0.0,0.20577521434032087,37.90724118677997
synthetic,wrong_image_kernel,own_wrapper_mutation,synthetic_31010,"[""synthetic"",""synthetic_31010"",""wrong_image_kernel""]",True,violated,satisfied,satisfied,not_applicable,violated,True,True,True,True,satisfied,blocked,7.123834950823988e-15,15.330401845083319,97600,0,0,0,97600,0,9897,2099,0,0,0,,,0.005734799999117968,0.03657100000054925,0.049706699999660486,0.03485259999979462,,7798,-17.404815368039635,-0.5134120964755466,19.117080740657286,0,0.0,-0.21924652607512085,22.56439809909193
synthetic,wrong_image_kernel,own_wrapper_mutation,synthetic_31011,"[""synthetic"",""synthetic_31011"",""wrong_image_kernel""]",True,violated,satisfied,satisfied,not_applicable,violated,True,True,True,True,satisfied,blocked,9.431057068836283e-15,15.49070185468546,109818,0,0,0,109818,0,11709,2356,0,0,0,,,0.006106499999077641,0.05044579999957932,0.05248070000016014,0.04461489999994228,,9353,108.9241058698517,0.6204222014583705,-17.659505272523234,0,0.0,0.3035437693365719,9.300151338975525
synthetic,wrong_image_kernel,own_wrapper_mutation,synthetic_31012,"[""synthetic"",""synthetic_31012"",""wrong_image_kernel""]",True,violated,satisfied,satisfied,not_applicable,violated,True,True,True,True,satisfied,blocked,9.880984919163893e-15,16.916213608874187,106384,0,0,0,106384,0,13132,2963,0,0,0,,,0.005882299999939278,0.044425599999158294,0.05536799999936193,0.04942719999962719,,10169,68.55640806058636,-0.8030176522732546,-15.111046138970721,0,0.0,0.005955751377454188,-4.88350360170125
synthetic,wrong_image_kernel,own_wrapper_mutation,synthetic_31013,"[""synthetic"",""synthetic_31013"",""wrong_image_kernel""]",True,violated,satisfied,satisfied,not_applicable,violated,True,True,True,True,satisfied,blocked,6.255050120200123e-15,15.986860458185916,91132,0,0,0,91132,0,9803,1839,0,0,0,,,0.003195400000549853,0.031543900000542635,0.04672460000074352,0.04079730000012205,,7964,-19.244562835688157,0.14472710271633393,8.653478274141719,0,0.0,-0.06373611288292458,29.15557533180305
synthetic,wrong_image_kernel,own_wrapper_mutation,synthetic_31014,"[""synthetic"",""synthetic_31014"",""wrong_image_kernel""]",True,violated,satisfied,satisfied,not_applicable,violated,True,True,True,True,satisfied,blocked,4.256749850387367e-15,15.596126711901913,145642,0,0,0,145642,0,16744,3072,0,0,0,,,0.006372699999701581,0.06749959999979183,0.0578745999991952,0.06570770000143966,,13672,-195.92596208865507,-1.2744417076639394,-19.040404195318786,0,0.0,-1.093762750166293,13.970901456895206
synthetic,wrong_image_kernel,own_wrapper_mutation,synthetic_31015,"[""synthetic"",""synthetic_31015"",""wrong_image_kernel""]",True,violated,satisfied,satisfied,not_applicable,violated,True,True,True,True,satisfied,blocked,1.1401968842178308e-14,15.932299713443768,142502,0,0,0,142502,0,15412,2074,0,0,0,,,0.004504100001213374,0.06031330000041635,0.06165230000078736,0.07260659999883501,,13338,162.9580808900082,-0.1828499489808817,-4.6367216029883025,0,0.0,0.29349946919264536,15.240104732288444
synthetic,wrong_image_kernel,own_wrapper_mutation,synthetic_31016,"[""synthetic"",""synthetic_31016"",""wrong_image_kernel""]",True,violated,satisfied,satisfied,not_applicable,violated,True,True,True,True,satisfied,blocked,5.213321721819273e-15,16.774804715417453,75849,0,0,0,75849,0,7371,1631,0,0,0,,,0.005103199999211938,0.03420159999950556,0.05450369999925897,0.026608300000589225,,5740,162.19213920411676,0.4794942248447256,-17.537093640252237,0,0.0,0.41823428230943693,-6.8233260066888874
synthetic,wrong_image_kernel,own_wrapper_mutation,synthetic_31017,"[""synthetic"",""synthetic_31017"",""wrong_image_kernel""]",True,violated,satisfied,satisfied,not_applicable,violated,True,True,True,True,satisfied,blocked,3.835193889658539e-15,15.265155872711997,154651,0,0,0,154651,0,19674,3317,0,0,0,,,0.004646000001230277,0.08131590000084543,0.05876650000027439,0.07920240000021295,,16357,187.76683668886835,0.20771685957746788,7.352407648984297,0,0.0,0.476018411238472,17.024364699254363
synthetic,wrong_image_kernel,own_wrapper_mutation,synthetic_31018,"[""synthetic"",""synthetic_31018"",""wrong_image_kernel""]",True,violated,satisfied,satisfied,not_applicable,violated,True,True,True,True,satisfied,blocked,5.620504062164855e-15,16.056208402827835,149722,0,0,0,149722,0,14537,1757,0,0,0,,,0.007369599999947241,0.0669380999988789,0.057211999999708496,0.07804819999910251,,12780,56.75541777752278,-0.058666169645654076,2.2771006071100146,0,0.0,-0.1673822231683364,17.055156720006778
synthetic,wrong_image_kernel,own_wrapper_mutation,synthetic_31019,"[""synthetic"",""synthetic_31019"",""wrong_image_kernel""]",True,violated,satisfied,satisfied,not_applicable,violated,True,True,True,True,satisfied,blocked,5.4566360461576204e-15,17.26761472966691,127644,0,0,0,127644,0,14155,1860,0,0,0,,,0.007079599999997299,0.07530749999932596,0.05638530000032915,0.06810010000117472,,12295,473.13518730492524,0.6488770163664195,-11.632370257017442,0,0.0,0.7715909981123872,0.862723978358872
synthetic,wrong_image_kernel,own_wrapper_mutation,synthetic_31020,"[""synthetic"",""synthetic_31020"",""wrong_image_kernel""]",True,violated,satisfied,satisfied,not_applicable,violated,True,True,True,True,satisfied,blocked,1.1171403689612729e-14,16.101349989029224,109197,0,0,0,109197,0,11100,1662,0,0,0,,,0.004347500000221771,0.046408999998675426,0.05515399999967485,0.05853969999952824,,9438,-84.59470718311695,0.6812485770969525,-0.23621682251598486,0,0.0,0.29220962202399714,21.203194136013508
synthetic,wrong_image_kernel,own_wrapper_mutation,synthetic_31021,"[""synthetic"",""synthetic_31021"",""wrong_image_kernel""]",True,violated,satisfied,satisfied,not_applicable,violated,True,True,True,True,satisfied,blocked,1.214852748185467e-15,15.920869937191664,66958,0,0,0,66958,0,7397,2063,0,0,0,,,0.004671599999710452,0.029065799999443698,0.04905030000008992,0.024124100000335602,,5334,-13.838377626382226,-0.4258559676005478,-5.835532326900136,0,0.0,-0.06716632163185143,12.20650939355653
synthetic,wrong_image_kernel,own_wrapper_mutation,synthetic_31022,"[""synthetic"",""synthetic_31022"",""wrong_image_kernel""]",True,violated,satisfied,satisfied,not_applicable,violated,True,True,True,True,satisfied,blocked,1.1404671114776845e-14,14.911866851124632,117445,0,0,0,117445,0,13158,2057,0,0,0,,,0.006913199998962227,0.05311550000078569,0.05609989999902609,0.05400710000139952,,11101,-36.381558716971995,-0.22094342253526422,8.265251871194721,0,0.0,-0.47867701770492443,26.483168293017172
synthetic,wrong_image_kernel,own_wrapper_mutation,synthetic_31023,"[""synthetic"",""synthetic_31023"",""wrong_image_kernel""]",True,violated,satisfied,satisfied,not_applicable,violated,True,True,True,True,satisfied,blocked,2.8089410453346345e-15,15.116769130719035,166307,0,0,0,166307,0,17750,2396,0,0,0,,,0.008306400000947178,0.07853430000068329,0.061175199998615426,0.06600900000012189,,15354,26.737729319043865,-0.09935926073973045,-0.9623993565218143,0,0.0,0.046225098932808795,21.32962569877816
synthetic,wrong_image_kernel,own_wrapper_mutation,synthetic_31024,"[""synthetic"",""synthetic_31024"",""wrong_image_kernel""]",True,violated,satisfied,satisfied,not_applicable,violated,True,True,True,True,satisfied,blocked,1.0642842806564202e-14,16.987617461717782,99263,0,0,0,99263,0,10403,1909,0,0,0,,,0.003722500001458684,0.04750220000096306,0.04901669999890146,0.04712629999994533,,8494,-7.654811455525305,-0.5598719936481229,-29.874758910919184,0,0.0,-0.013639327295308146,-8.763553589511844
synthetic,wrong_image_kernel,own_wrapper_mutation,synthetic_31025,"[""synthetic"",""synthetic_31025"",""wrong_image_kernel""]",True,violated,satisfied,satisfied,not_applicable,violated,True,True,True,True,satisfied,blocked,6.806400609299186e-15,16.42706588657475,82077,0,0,0,82077,0,7989,1822,0,0,0,,,0.0035838999992847675,0.03482799999983399,0.045313599999644794,0.03242569999929401,,6167,-85.14637049864768,-0.5383283257618632,-3.66093841205884,0,0.0,-0.24713835175284427,21.054476356787916
synthetic,wrong_image_kernel,own_wrapper_mutation,synthetic_31026,"[""synthetic"",""synthetic_31026"",""wrong_image_kernel""]",True,violated,satisfied,satisfied,not_applicable,violated,True,True,True,True,satisfied,blocked,1.0657454352904748e-14,13.247059711522809,105000,0,0,0,105000,0,12297,2773,0,0,0,,,0.003789899999901536,0.03936750000139,0.04985859999942477,0.04763939999975264,,9524,31.18641563613437,-0.03285022035901264,-1.5264358721914846,0,0.0,0.14352856518749713,6.555142662897538
synthetic,wrong_image_kernel,own_wrapper_mutation,synthetic_31027,"[""synthetic"",""synthetic_31027"",""wrong_image_kernel""]",True,violated,satisfied,satisfied,not_applicable,violated,True,True,True,True,satisfied,blocked,6.9875729656372966e-15,16.031019007700188,136395,0,0,0,136395,0,17215,2566,0,0,0,,,0.00465759999860893,0.05211489999965124,0.05796379999992496,0.06628409999939322,,14649,20.27559473877409,0.2890595567180374,-7.843598003872671,0,0.0,0.14141383916329242,10.744685833748406
synthetic,wrong_image_kernel,own_wrapper_mutation,synthetic_31028,"[""synthetic"",""synthetic_31028"",""wrong_image_kernel""]",True,violated,satisfied,satisfied,not_applicable,violated,True,True,True,True,satisfied,blocked,1.609823385706477e-15,15.805792900078586,192136,0,0,0,192136,0,25242,3590,0,0,0,,,0.00906819999909203,0.06850470000063069,0.08402749999913794,0.07321550000051502,,21652,68.79543317444222,-0.3317575341446881,-1.7883700225984285,0,0.0,0.04396167636156889,8.251615609418309
synthetic,wrong_image_kernel,own_wrapper_mutation,synthetic_31029,"[""synthetic"",""synthetic_31029"",""wrong_image_kernel""]",True,violated,satisfied,satisfied,not_applicable,violated,True,True,True,True,satisfied,blocked,7.735506809067399e-15,14.056691670600035,133759,0,0,0,133759,0,15051,2527,0,0,0,,,0.007339300000239746,0.06398100000114937,0.05511999999907857,0.05625810000128695,,12524,193.49698540306508,-0.8803874898159871,-24.956596881172857,0,0.0,-0.004807845875526517,-11.122540679150234
synthetic,wrong_image_kernel,own_wrapper_mutation,synthetic_31030,"[""synthetic"",""synthetic_31030"",""wrong_image_kernel""]",True,violated,satisfied,satisfied,not_applicable,violated,True,True,True,True,satisfied,blocked,0.0,15.814633066829611,109435,0,0,0,109435,0,11100,2123,0,0,0,,,0.0036248999986128183,0.036332199999378645,0.04976650000025984,0.049310399999740184,,8977,44.75848472659527,0.12163953991674203,-30.620268228122825,0,0.0,0.22364965554928262,-4.957121552811373
synthetic,wrong_image_kernel,own_wrapper_mutation,synthetic_31031,"[""synthetic"",""synthetic_31031"",""wrong_image_kernel""]",True,violated,satisfied,satisfied,not_applicable,violated,True,True,True,True,satisfied,blocked,6.674335893081555e-15,14.318875334579635,157435,0,0,0,157435,0,20377,3323,0,0,0,,,0.005096400000184076,0.06808670000100392,0.05786190000071656,0.07006150000052003,,17054,551.5820418846233,-0.19450346375575145,-16.579677385825676,0,0.0,0.2605695123935754,-8.851594523121378
