dataset,case,kind,baseline,metric,signed_n,signed_missing,signed_min,signed_q25,signed_median,signed_q75,signed_max,signed_mean,absolute_n,absolute_missing,absolute_min,absolute_q25,absolute_median,absolute_q75,absolute_max,absolute_mean,exact_nonzero,row_ids,interpretation
synthetic,crop_roi_margin,valid_control,source,roi_voxels,32,0,0,0.0,0.0,0.0,0,0.0,32,0,0,0.0,0.0,0.0,0,0.0,0,"[""[\""synthetic\"",\""synthetic_31000\"",\""crop_roi_margin\""]"",""[\""synthetic\"",\""synthetic_31001\"",\""crop_roi_margin\""]"",""[\""synthetic\"",\""synthetic_31002\"",\""crop_roi_margin\""]"",""[\""synthetic\"",\""synthetic_31003\"",\""crop_roi_margin\""]"",""[\""synthetic\"",\""synthetic_31004\"",\""crop_roi_margin\""]"",""[\""synthetic\"",\""synthetic_31005\"",\""crop_roi_margin\""]"",""[\""synthetic\"",\""synthetic_31006\"",\""crop_roi_margin\""]"",""[\""synthetic\"",\""synthetic_31007\"",\""crop_roi_margin\""]"",""[\""synthetic\"",\""synthetic_31008\"",\""crop_roi_margin\""]"",""[\""synthetic\"",\""synthetic_31009\"",\""crop_roi_margin\""]"",""[\""synthetic\"",\""synthetic_31010\"",\""crop_roi_margin\""]"",""[\""synthetic\"",\""synthetic_31011\"",\""crop_roi_margin\""]"",""[\""synthetic\"",\""synthetic_31012\"",\""crop_roi_margin\""]"",""[\""synthetic\"",\""synthetic_31013\"",\""crop_roi_margin\""]"",""[\""synthetic\"",\""synthetic_31014\"",\""crop_roi_margin\""]"",""[\""synthetic\"",\""synthetic_31015\"",\""crop_roi_margin\""]"",""[\""synthetic\"",\""synthetic_31016\"",\""crop_roi_margin\""]"",""[\""synthetic\"",\""synthetic_31017\"",\""crop_roi_margin\""]"",""[\""synthetic\"",\""synthetic_31018\"",\""crop_roi_margin\""]"",""[\""synthetic\"",\""synthetic_31019\"",\""crop_roi_margin\""]"",""[\""synthetic\"",\""synthetic_31020\"",\""crop_roi_margin\""]"",""[\""synthetic\"",\""synthetic_31021\"",\""crop_roi_margin\""]"",""[\""synthetic\"",\""synthetic_31022\"",\""crop_roi_margin\""]"",""[\""synthetic\"",\""synthetic_31023\"",\""crop_roi_margin\""]"",""[\""synthetic\"",\""synthetic_31024\"",\""crop_roi_margin\""]"",""[\""synthetic\"",\""synthetic_31025\"",\""crop_roi_margin\""]"",""[\""synthetic\"",\""synthetic_31026\"",\""crop_roi_margin\""]"",""[\""synthetic\"",\""synthetic_31027\"",\""crop_roi_margin\""]"",""[\""synthetic\"",\""synthetic_31028\"",\""crop_roi_margin\""]"",""[\""synthetic\"",\""synthetic_31029\"",\""crop_roi_margin\""]"",""[\""synthetic\"",\""synthetic_31030\"",\""crop_roi_margin\""]"",""[\""synthetic\"",\""synthetic_31031\"",\""crop_roi_margin\""]""]",Descriptive direct ROI statistics; exact nonzero is not a clinical or material-change threshold. 
synthetic,crop_roi_margin,valid_control,source,occupied_volume_mm3,32,0,0.0,0.0,0.0,0.0,0.0,0.0,32,0,0.0,0.0,0.0,0.0,0.0,0.0,0,"[""[\""synthetic\"",\""synthetic_31000\"",\""crop_roi_margin\""]"",""[\""synthetic\"",\""synthetic_31001\"",\""crop_roi_margin\""]"",""[\""synthetic\"",\""synthetic_31002\"",\""crop_roi_margin\""]"",""[\""synthetic\"",\""synthetic_31003\"",\""crop_roi_margin\""]"",""[\""synthetic\"",\""synthetic_31004\"",\""crop_roi_margin\""]"",""[\""synthetic\"",\""synthetic_31005\"",\""crop_roi_margin\""]"",""[\""synthetic\"",\""synthetic_31006\"",\""crop_roi_margin\""]"",""[\""synthetic\"",\""synthetic_31007\"",\""crop_roi_margin\""]"",""[\""synthetic\"",\""synthetic_31008\"",\""crop_roi_margin\""]"",""[\""synthetic\"",\""synthetic_31009\"",\""crop_roi_margin\""]"",""[\""synthetic\"",\""synthetic_31010\"",\""crop_roi_margin\""]"",""[\""synthetic\"",\""synthetic_31011\"",\""crop_roi_margin\""]"",""[\""synthetic\"",\""synthetic_31012\"",\""crop_roi_margin\""]"",""[\""synthetic\"",\""synthetic_31013\"",\""crop_roi_margin\""]"",""[\""synthetic\"",\""synthetic_31014\"",\""crop_roi_margin\""]"",""[\""synthetic\"",\""synthetic_31015\"",\""crop_roi_margin\""]"",""[\""synthetic\"",\""synthetic_31016\"",\""crop_roi_margin\""]"",""[\""synthetic\"",\""synthetic_31017\"",\""crop_roi_margin\""]"",""[\""synthetic\"",\""synthetic_31018\"",\""crop_roi_margin\""]"",""[\""synthetic\"",\""synthetic_31019\"",\""crop_roi_margin\""]"",""[\""synthetic\"",\""synthetic_31020\"",\""crop_roi_margin\""]"",""[\""synthetic\"",\""synthetic_31021\"",\""crop_roi_margin\""]"",""[\""synthetic\"",\""synthetic_31022\"",\""crop_roi_margin\""]"",""[\""synthetic\"",\""synthetic_31023\"",\""crop_roi_margin\""]"",""[\""synthetic\"",\""synthetic_31024\"",\""crop_roi_margin\""]"",""[\""synthetic\"",\""synthetic_31025\"",\""crop_roi_margin\""]"",""[\""synthetic\"",\""synthetic_31026\"",\""crop_roi_margin\""]"",""[\""synthetic\"",\""synthetic_31027\"",\""crop_roi_margin\""]"",""[\""synthetic\"",\""synthetic_31028\"",\""crop_roi_margin\""]"",""[\""synthetic\"",\""synthetic_31029\"",\""crop_roi_margin\""]"",""[\""synthetic\"",\""synthetic_31030\"",\""crop_roi_margin\""]"",""[\""synthetic\"",\""synthetic_31031\"",\""crop_roi_margin\""]""]",Descriptive direct ROI statistics; exact nonzero is not a clinical or material-change threshold. 
synthetic,crop_roi_margin,valid_control,source,mean,32,0,0.0,0.0,0.0,0.0,0.0,0.0,32,0,0.0,0.0,0.0,0.0,0.0,0.0,0,"[""[\""synthetic\"",\""synthetic_31000\"",\""crop_roi_margin\""]"",""[\""synthetic\"",\""synthetic_31001\"",\""crop_roi_margin\""]"",""[\""synthetic\"",\""synthetic_31002\"",\""crop_roi_margin\""]"",""[\""synthetic\"",\""synthetic_31003\"",\""crop_roi_margin\""]"",""[\""synthetic\"",\""synthetic_31004\"",\""crop_roi_margin\""]"",""[\""synthetic\"",\""synthetic_31005\"",\""crop_roi_margin\""]"",""[\""synthetic\"",\""synthetic_31006\"",\""crop_roi_margin\""]"",""[\""synthetic\"",\""synthetic_31007\"",\""crop_roi_margin\""]"",""[\""synthetic\"",\""synthetic_31008\"",\""crop_roi_margin\""]"",""[\""synthetic\"",\""synthetic_31009\"",\""crop_roi_margin\""]"",""[\""synthetic\"",\""synthetic_31010\"",\""crop_roi_margin\""]"",""[\""synthetic\"",\""synthetic_31011\"",\""crop_roi_margin\""]"",""[\""synthetic\"",\""synthetic_31012\"",\""crop_roi_margin\""]"",""[\""synthetic\"",\""synthetic_31013\"",\""crop_roi_margin\""]"",""[\""synthetic\"",\""synthetic_31014\"",\""crop_roi_margin\""]"",""[\""synthetic\"",\""synthetic_31015\"",\""crop_roi_margin\""]"",""[\""synthetic\"",\""synthetic_31016\"",\""crop_roi_margin\""]"",""[\""synthetic\"",\""synthetic_31017\"",\""crop_roi_margin\""]"",""[\""synthetic\"",\""synthetic_31018\"",\""crop_roi_margin\""]"",""[\""synthetic\"",\""synthetic_31019\"",\""crop_roi_margin\""]"",""[\""synthetic\"",\""synthetic_31020\"",\""crop_roi_margin\""]"",""[\""synthetic\"",\""synthetic_31021\"",\""crop_roi_margin\""]"",""[\""synthetic\"",\""synthetic_31022\"",\""crop_roi_margin\""]"",""[\""synthetic\"",\""synthetic_31023\"",\""crop_roi_margin\""]"",""[\""synthetic\"",\""synthetic_31024\"",\""crop_roi_margin\""]"",""[\""synthetic\"",\""synthetic_31025\"",\""crop_roi_margin\""]"",""[\""synthetic\"",\""synthetic_31026\"",\""crop_roi_margin\""]"",""[\""synthetic\"",\""synthetic_31027\"",\""crop_roi_margin\""]"",""[\""synthetic\"",\""synthetic_31028\"",\""crop_roi_margin\""]"",""[\""synthetic\"",\""synthetic_31029\"",\""crop_roi_margin\""]"",""[\""synthetic\"",\""synthetic_31030\"",\""crop_roi_margin\""]"",""[\""synthetic\"",\""synthetic_31031\"",\""crop_roi_margin\""]""]",Descriptive direct ROI statistics; exact nonzero is not a clinical or material-change threshold. 
synthetic,crop_roi_margin,valid_control,source,population_variance,32,0,0.0,0.0,0.0,0.0,0.0,0.0,32,0,0.0,0.0,0.0,0.0,0.0,0.0,0,"[""[\""synthetic\"",\""synthetic_31000\"",\""crop_roi_margin\""]"",""[\""synthetic\"",\""synthetic_31001\"",\""crop_roi_margin\""]"",""[\""synthetic\"",\""synthetic_31002\"",\""crop_roi_margin\""]"",""[\""synthetic\"",\""synthetic_31003\"",\""crop_roi_margin\""]"",""[\""synthetic\"",\""synthetic_31004\"",\""crop_roi_margin\""]"",""[\""synthetic\"",\""synthetic_31005\"",\""crop_roi_margin\""]"",""[\""synthetic\"",\""synthetic_31006\"",\""crop_roi_margin\""]"",""[\""synthetic\"",\""synthetic_31007\"",\""crop_roi_margin\""]"",""[\""synthetic\"",\""synthetic_31008\"",\""crop_roi_margin\""]"",""[\""synthetic\"",\""synthetic_31009\"",\""crop_roi_margin\""]"",""[\""synthetic\"",\""synthetic_31010\"",\""crop_roi_margin\""]"",""[\""synthetic\"",\""synthetic_31011\"",\""crop_roi_margin\""]"",""[\""synthetic\"",\""synthetic_31012\"",\""crop_roi_margin\""]"",""[\""synthetic\"",\""synthetic_31013\"",\""crop_roi_margin\""]"",""[\""synthetic\"",\""synthetic_31014\"",\""crop_roi_margin\""]"",""[\""synthetic\"",\""synthetic_31015\"",\""crop_roi_margin\""]"",""[\""synthetic\"",\""synthetic_31016\"",\""crop_roi_margin\""]"",""[\""synthetic\"",\""synthetic_31017\"",\""crop_roi_margin\""]"",""[\""synthetic\"",\""synthetic_31018\"",\""crop_roi_margin\""]"",""[\""synthetic\"",\""synthetic_31019\"",\""crop_roi_margin\""]"",""[\""synthetic\"",\""synthetic_31020\"",\""crop_roi_margin\""]"",""[\""synthetic\"",\""synthetic_31021\"",\""crop_roi_margin\""]"",""[\""synthetic\"",\""synthetic_31022\"",\""crop_roi_margin\""]"",""[\""synthetic\"",\""synthetic_31023\"",\""crop_roi_margin\""]"",""[\""synthetic\"",\""synthetic_31024\"",\""crop_roi_margin\""]"",""[\""synthetic\"",\""synthetic_31025\"",\""crop_roi_margin\""]"",""[\""synthetic\"",\""synthetic_31026\"",\""crop_roi_margin\""]"",""[\""synthetic\"",\""synthetic_31027\"",\""crop_roi_margin\""]"",""[\""synthetic\"",\""synthetic_31028\"",\""crop_roi_margin\""]"",""[\""synthetic\"",\""synthetic_31029\"",\""crop_roi_margin\""]"",""[\""synthetic\"",\""synthetic_31030\"",\""crop_roi_margin\""]"",""[\""synthetic\"",\""synthetic_31031\"",\""crop_roi_margin\""]""]",Descriptive direct ROI statistics; exact nonzero is not a clinical or material-change threshold. 
synthetic,crop_roi_margin,valid_control,correct_operation,roi_voxels,32,0,0,0.0,0.0,0.0,0,0.0,32,0,0,0.0,0.0,0.0,0,0.0,0,"[""[\""synthetic\"",\""synthetic_31000\"",\""crop_roi_margin\""]"",""[\""synthetic\"",\""synthetic_31001\"",\""crop_roi_margin\""]"",""[\""synthetic\"",\""synthetic_31002\"",\""crop_roi_margin\""]"",""[\""synthetic\"",\""synthetic_31003\"",\""crop_roi_margin\""]"",""[\""synthetic\"",\""synthetic_31004\"",\""crop_roi_margin\""]"",""[\""synthetic\"",\""synthetic_31005\"",\""crop_roi_margin\""]"",""[\""synthetic\"",\""synthetic_31006\"",\""crop_roi_margin\""]"",""[\""synthetic\"",\""synthetic_31007\"",\""crop_roi_margin\""]"",""[\""synthetic\"",\""synthetic_31008\"",\""crop_roi_margin\""]"",""[\""synthetic\"",\""synthetic_31009\"",\""crop_roi_margin\""]"",""[\""synthetic\"",\""synthetic_31010\"",\""crop_roi_margin\""]"",""[\""synthetic\"",\""synthetic_31011\"",\""crop_roi_margin\""]"",""[\""synthetic\"",\""synthetic_31012\"",\""crop_roi_margin\""]"",""[\""synthetic\"",\""synthetic_31013\"",\""crop_roi_margin\""]"",""[\""synthetic\"",\""synthetic_31014\"",\""crop_roi_margin\""]"",""[\""synthetic\"",\""synthetic_31015\"",\""crop_roi_margin\""]"",""[\""synthetic\"",\""synthetic_31016\"",\""crop_roi_margin\""]"",""[\""synthetic\"",\""synthetic_31017\"",\""crop_roi_margin\""]"",""[\""synthetic\"",\""synthetic_31018\"",\""crop_roi_margin\""]"",""[\""synthetic\"",\""synthetic_31019\"",\""crop_roi_margin\""]"",""[\""synthetic\"",\""synthetic_31020\"",\""crop_roi_margin\""]"",""[\""synthetic\"",\""synthetic_31021\"",\""crop_roi_margin\""]"",""[\""synthetic\"",\""synthetic_31022\"",\""crop_roi_margin\""]"",""[\""synthetic\"",\""synthetic_31023\"",\""crop_roi_margin\""]"",""[\""synthetic\"",\""synthetic_31024\"",\""crop_roi_margin\""]"",""[\""synthetic\"",\""synthetic_31025\"",\""crop_roi_margin\""]"",""[\""synthetic\"",\""synthetic_31026\"",\""crop_roi_margin\""]"",""[\""synthetic\"",\""synthetic_31027\"",\""crop_roi_margin\""]"",""[\""synthetic\"",\""synthetic_31028\"",\""crop_roi_margin\""]"",""[\""synthetic\"",\""synthetic_31029\"",\""crop_roi_margin\""]"",""[\""synthetic\"",\""synthetic_31030\"",\""crop_roi_margin\""]"",""[\""synthetic\"",\""synthetic_31031\"",\""crop_roi_margin\""]""]",Descriptive direct ROI statistics; exact nonzero is not a clinical or material-change threshold. Controls use their own observed output as correct_operation: their zero here is by construction.
synthetic,crop_roi_margin,valid_control,correct_operation,occupied_volume_mm3,32,0,0.0,0.0,0.0,0.0,0.0,0.0,32,0,0.0,0.0,0.0,0.0,0.0,0.0,0,"[""[\""synthetic\"",\""synthetic_31000\"",\""crop_roi_margin\""]"",""[\""synthetic\"",\""synthetic_31001\"",\""crop_roi_margin\""]"",""[\""synthetic\"",\""synthetic_31002\"",\""crop_roi_margin\""]"",""[\""synthetic\"",\""synthetic_31003\"",\""crop_roi_margin\""]"",""[\""synthetic\"",\""synthetic_31004\"",\""crop_roi_margin\""]"",""[\""synthetic\"",\""synthetic_31005\"",\""crop_roi_margin\""]"",""[\""synthetic\"",\""synthetic_31006\"",\""crop_roi_margin\""]"",""[\""synthetic\"",\""synthetic_31007\"",\""crop_roi_margin\""]"",""[\""synthetic\"",\""synthetic_31008\"",\""crop_roi_margin\""]"",""[\""synthetic\"",\""synthetic_31009\"",\""crop_roi_margin\""]"",""[\""synthetic\"",\""synthetic_31010\"",\""crop_roi_margin\""]"",""[\""synthetic\"",\""synthetic_31011\"",\""crop_roi_margin\""]"",""[\""synthetic\"",\""synthetic_31012\"",\""crop_roi_margin\""]"",""[\""synthetic\"",\""synthetic_31013\"",\""crop_roi_margin\""]"",""[\""synthetic\"",\""synthetic_31014\"",\""crop_roi_margin\""]"",""[\""synthetic\"",\""synthetic_31015\"",\""crop_roi_margin\""]"",""[\""synthetic\"",\""synthetic_31016\"",\""crop_roi_margin\""]"",""[\""synthetic\"",\""synthetic_31017\"",\""crop_roi_margin\""]"",""[\""synthetic\"",\""synthetic_31018\"",\""crop_roi_margin\""]"",""[\""synthetic\"",\""synthetic_31019\"",\""crop_roi_margin\""]"",""[\""synthetic\"",\""synthetic_31020\"",\""crop_roi_margin\""]"",""[\""synthetic\"",\""synthetic_31021\"",\""crop_roi_margin\""]"",""[\""synthetic\"",\""synthetic_31022\"",\""crop_roi_margin\""]"",""[\""synthetic\"",\""synthetic_31023\"",\""crop_roi_margin\""]"",""[\""synthetic\"",\""synthetic_31024\"",\""crop_roi_margin\""]"",""[\""synthetic\"",\""synthetic_31025\"",\""crop_roi_margin\""]"",""[\""synthetic\"",\""synthetic_31026\"",\""crop_roi_margin\""]"",""[\""synthetic\"",\""synthetic_31027\"",\""crop_roi_margin\""]"",""[\""synthetic\"",\""synthetic_31028\"",\""crop_roi_margin\""]"",""[\""synthetic\"",\""synthetic_31029\"",\""crop_roi_margin\""]"",""[\""synthetic\"",\""synthetic_31030\"",\""crop_roi_margin\""]"",""[\""synthetic\"",\""synthetic_31031\"",\""crop_roi_margin\""]""]",Descriptive direct ROI statistics; exact nonzero is not a clinical or material-change threshold. Controls use their own observed output as correct_operation: their zero here is by construction.
synthetic,crop_roi_margin,valid_control,correct_operation,mean,32,0,0.0,0.0,0.0,0.0,0.0,0.0,32,0,0.0,0.0,0.0,0.0,0.0,0.0,0,"[""[\""synthetic\"",\""synthetic_31000\"",\""crop_roi_margin\""]"",""[\""synthetic\"",\""synthetic_31001\"",\""crop_roi_margin\""]"",""[\""synthetic\"",\""synthetic_31002\"",\""crop_roi_margin\""]"",""[\""synthetic\"",\""synthetic_31003\"",\""crop_roi_margin\""]"",""[\""synthetic\"",\""synthetic_31004\"",\""crop_roi_margin\""]"",""[\""synthetic\"",\""synthetic_31005\"",\""crop_roi_margin\""]"",""[\""synthetic\"",\""synthetic_31006\"",\""crop_roi_margin\""]"",""[\""synthetic\"",\""synthetic_31007\"",\""crop_roi_margin\""]"",""[\""synthetic\"",\""synthetic_31008\"",\""crop_roi_margin\""]"",""[\""synthetic\"",\""synthetic_31009\"",\""crop_roi_margin\""]"",""[\""synthetic\"",\""synthetic_31010\"",\""crop_roi_margin\""]"",""[\""synthetic\"",\""synthetic_31011\"",\""crop_roi_margin\""]"",""[\""synthetic\"",\""synthetic_31012\"",\""crop_roi_margin\""]"",""[\""synthetic\"",\""synthetic_31013\"",\""crop_roi_margin\""]"",""[\""synthetic\"",\""synthetic_31014\"",\""crop_roi_margin\""]"",""[\""synthetic\"",\""synthetic_31015\"",\""crop_roi_margin\""]"",""[\""synthetic\"",\""synthetic_31016\"",\""crop_roi_margin\""]"",""[\""synthetic\"",\""synthetic_31017\"",\""crop_roi_margin\""]"",""[\""synthetic\"",\""synthetic_31018\"",\""crop_roi_margin\""]"",""[\""synthetic\"",\""synthetic_31019\"",\""crop_roi_margin\""]"",""[\""synthetic\"",\""synthetic_31020\"",\""crop_roi_margin\""]"",""[\""synthetic\"",\""synthetic_31021\"",\""crop_roi_margin\""]"",""[\""synthetic\"",\""synthetic_31022\"",\""crop_roi_margin\""]"",""[\""synthetic\"",\""synthetic_31023\"",\""crop_roi_margin\""]"",""[\""synthetic\"",\""synthetic_31024\"",\""crop_roi_margin\""]"",""[\""synthetic\"",\""synthetic_31025\"",\""crop_roi_margin\""]"",""[\""synthetic\"",\""synthetic_31026\"",\""crop_roi_margin\""]"",""[\""synthetic\"",\""synthetic_31027\"",\""crop_roi_margin\""]"",""[\""synthetic\"",\""synthetic_31028\"",\""crop_roi_margin\""]"",""[\""synthetic\"",\""synthetic_31029\"",\""crop_roi_margin\""]"",""[\""synthetic\"",\""synthetic_31030\"",\""crop_roi_margin\""]"",""[\""synthetic\"",\""synthetic_31031\"",\""crop_roi_margin\""]""]",Descriptive direct ROI statistics; exact nonzero is not a clinical or material-change threshold. Controls use their own observed output as correct_operation: their zero here is by construction.
synthetic,crop_roi_margin,valid_control,correct_operation,population_variance,32,0,0.0,0.0,0.0,0.0,0.0,0.0,32,0,0.0,0.0,0.0,0.0,0.0,0.0,0,"[""[\""synthetic\"",\""synthetic_31000\"",\""crop_roi_margin\""]"",""[\""synthetic\"",\""synthetic_31001\"",\""crop_roi_margin\""]"",""[\""synthetic\"",\""synthetic_31002\"",\""crop_roi_margin\""]"",""[\""synthetic\"",\""synthetic_31003\"",\""crop_roi_margin\""]"",""[\""synthetic\"",\""synthetic_31004\"",\""crop_roi_margin\""]"",""[\""synthetic\"",\""synthetic_31005\"",\""crop_roi_margin\""]"",""[\""synthetic\"",\""synthetic_31006\"",\""crop_roi_margin\""]"",""[\""synthetic\"",\""synthetic_31007\"",\""crop_roi_margin\""]"",""[\""synthetic\"",\""synthetic_31008\"",\""crop_roi_margin\""]"",""[\""synthetic\"",\""synthetic_31009\"",\""crop_roi_margin\""]"",""[\""synthetic\"",\""synthetic_31010\"",\""crop_roi_margin\""]"",""[\""synthetic\"",\""synthetic_31011\"",\""crop_roi_margin\""]"",""[\""synthetic\"",\""synthetic_31012\"",\""crop_roi_margin\""]"",""[\""synthetic\"",\""synthetic_31013\"",\""crop_roi_margin\""]"",""[\""synthetic\"",\""synthetic_31014\"",\""crop_roi_margin\""]"",""[\""synthetic\"",\""synthetic_31015\"",\""crop_roi_margin\""]"",""[\""synthetic\"",\""synthetic_31016\"",\""crop_roi_margin\""]"",""[\""synthetic\"",\""synthetic_31017\"",\""crop_roi_margin\""]"",""[\""synthetic\"",\""synthetic_31018\"",\""crop_roi_margin\""]"",""[\""synthetic\"",\""synthetic_31019\"",\""crop_roi_margin\""]"",""[\""synthetic\"",\""synthetic_31020\"",\""crop_roi_margin\""]"",""[\""synthetic\"",\""synthetic_31021\"",\""crop_roi_margin\""]"",""[\""synthetic\"",\""synthetic_31022\"",\""crop_roi_margin\""]"",""[\""synthetic\"",\""synthetic_31023\"",\""crop_roi_margin\""]"",""[\""synthetic\"",\""synthetic_31024\"",\""crop_roi_margin\""]"",""[\""synthetic\"",\""synthetic_31025\"",\""crop_roi_margin\""]"",""[\""synthetic\"",\""synthetic_31026\"",\""crop_roi_margin\""]"",""[\""synthetic\"",\""synthetic_31027\"",\""crop_roi_margin\""]"",""[\""synthetic\"",\""synthetic_31028\"",\""crop_roi_margin\""]"",""[\""synthetic\"",\""synthetic_31029\"",\""crop_roi_margin\""]"",""[\""synthetic\"",\""synthetic_31030\"",\""crop_roi_margin\""]"",""[\""synthetic\"",\""synthetic_31031\"",\""crop_roi_margin\""]""]",Descriptive direct ROI statistics; exact nonzero is not a clinical or material-change threshold. Controls use their own observed output as correct_operation: their zero here is by construction.
synthetic,half_voxel_sampling_displacement,own_wrapper_mutation,source,roi_voxels,32,0,4353,7977.25,10610.5,14344.5,21885,11157.21875,32,0,4353,7977.25,10610.5,14344.5,21885,11157.21875,32,"[""[\""synthetic\"",\""synthetic_31000\"",\""half_voxel_sampling_displacement\""]"",""[\""synthetic\"",\""synthetic_31001\"",\""half_voxel_sampling_displacement\""]"",""[\""synthetic\"",\""synthetic_31002\"",\""half_voxel_sampling_displacement\""]"",""[\""synthetic\"",\""synthetic_31003\"",\""half_voxel_sampling_displacement\""]"",""[\""synthetic\"",\""synthetic_31004\"",\""half_voxel_sampling_displacement\""]"",""[\""synthetic\"",\""synthetic_31005\"",\""half_voxel_sampling_displacement\""]"",""[\""synthetic\"",\""synthetic_31006\"",\""half_voxel_sampling_displacement\""]"",""[\""synthetic\"",\""synthetic_31007\"",\""half_voxel_sampling_displacement\""]"",""[\""synthetic\"",\""synthetic_31008\"",\""half_voxel_sampling_displacement\""]"",""[\""synthetic\"",\""synthetic_31009\"",\""half_voxel_sampling_displacement\""]"",""[\""synthetic\"",\""synthetic_31010\"",\""half_voxel_sampling_displacement\""]"",""[\""synthetic\"",\""synthetic_31011\"",\""half_voxel_sampling_displacement\""]"",""[\""synthetic\"",\""synthetic_31012\"",\""half_voxel_sampling_displacement\""]"",""[\""synthetic\"",\""synthetic_31013\"",\""half_voxel_sampling_displacement\""]"",""[\""synthetic\"",\""synthetic_31014\"",\""half_voxel_sampling_displacement\""]"",""[\""synthetic\"",\""synthetic_31015\"",\""half_voxel_sampling_displacement\""]"",""[\""synthetic\"",\""synthetic_31016\"",\""half_voxel_sampling_displacement\""]"",""[\""synthetic\"",\""synthetic_31017\"",\""half_voxel_sampling_displacement\""]"",""[\""synthetic\"",\""synthetic_31018\"",\""half_voxel_sampling_displacement\""]"",""[\""synthetic\"",\""synthetic_31019\"",\""half_voxel_sampling_displacement\""]"",""[\""synthetic\"",\""synthetic_31020\"",\""half_voxel_sampling_displacement\""]"",""[\""synthetic\"",\""synthetic_31021\"",\""half_voxel_sampling_displacement\""]"",""[\""synthetic\"",\""synthetic_31022\"",\""half_voxel_sampling_displacement\""]"",""[\""synthetic\"",\""synthetic_31023\"",\""half_voxel_sampling_displacement\""]"",""[\""synthetic\"",\""synthetic_31024\"",\""half_voxel_sampling_displacement\""]"",""[\""synthetic\"",\""synthetic_31025\"",\""half_voxel_sampling_displacement\""]"",""[\""synthetic\"",\""synthetic_31026\"",\""half_voxel_sampling_displacement\""]"",""[\""synthetic\"",\""synthetic_31027\"",\""half_voxel_sampling_displacement\""]"",""[\""synthetic\"",\""synthetic_31028\"",\""half_voxel_sampling_displacement\""]"",""[\""synthetic\"",\""synthetic_31029\"",\""half_voxel_sampling_displacement\""]"",""[\""synthetic\"",\""synthetic_31030\"",\""half_voxel_sampling_displacement\""]"",""[\""synthetic\"",\""synthetic_31031\"",\""half_voxel_sampling_displacement\""]""]",Descriptive direct ROI statistics; exact nonzero is not a clinical or material-change threshold. 
synthetic,half_voxel_sampling_displacement,own_wrapper_mutation,source,occupied_volume_mm3,32,0,-314.20995811537796,-58.094967289416445,-25.188161706159462,86.44010940636554,229.03403791134588,-7.337996254839766,32,0,2.0873046133710886,34.76528657922199,78.06877193599257,133.4844282665349,314.20995811537796,92.24993246257597,32,"[""[\""synthetic\"",\""synthetic_31000\"",\""half_voxel_sampling_displacement\""]"",""[\""synthetic\"",\""synthetic_31001\"",\""half_voxel_sampling_displacement\""]"",""[\""synthetic\"",\""synthetic_31002\"",\""half_voxel_sampling_displacement\""]"",""[\""synthetic\"",\""synthetic_31003\"",\""half_voxel_sampling_displacement\""]"",""[\""synthetic\"",\""synthetic_31004\"",\""half_voxel_sampling_displacement\""]"",""[\""synthetic\"",\""synthetic_31005\"",\""half_voxel_sampling_displacement\""]"",""[\""synthetic\"",\""synthetic_31006\"",\""half_voxel_sampling_displacement\""]"",""[\""synthetic\"",\""synthetic_31007\"",\""half_voxel_sampling_displacement\""]"",""[\""synthetic\"",\""synthetic_31008\"",\""half_voxel_sampling_displacement\""]"",""[\""synthetic\"",\""synthetic_31009\"",\""half_voxel_sampling_displacement\""]"",""[\""synthetic\"",\""synthetic_31010\"",\""half_voxel_sampling_displacement\""]"",""[\""synthetic\"",\""synthetic_31011\"",\""half_voxel_sampling_displacement\""]"",""[\""synthetic\"",\""synthetic_31012\"",\""half_voxel_sampling_displacement\""]"",""[\""synthetic\"",\""synthetic_31013\"",\""half_voxel_sampling_displacement\""]"",""[\""synthetic\"",\""synthetic_31014\"",\""half_voxel_sampling_displacement\""]"",""[\""synthetic\"",\""synthetic_31015\"",\""half_voxel_sampling_displacement\""]"",""[\""synthetic\"",\""synthetic_31016\"",\""half_voxel_sampling_displacement\""]"",""[\""synthetic\"",\""synthetic_31017\"",\""half_voxel_sampling_displacement\""]"",""[\""synthetic\"",\""synthetic_31018\"",\""half_voxel_sampling_displacement\""]"",""[\""synthetic\"",\""synthetic_31019\"",\""half_voxel_sampling_displacement\""]"",""[\""synthetic\"",\""synthetic_31020\"",\""half_voxel_sampling_displacement\""]"",""[\""synthetic\"",\""synthetic_31021\"",\""half_voxel_sampling_displacement\""]"",""[\""synthetic\"",\""synthetic_31022\"",\""half_voxel_sampling_displacement\""]"",""[\""synthetic\"",\""synthetic_31023\"",\""half_voxel_sampling_displacement\""]"",""[\""synthetic\"",\""synthetic_31024\"",\""half_voxel_sampling_displacement\""]"",""[\""synthetic\"",\""synthetic_31025\"",\""half_voxel_sampling_displacement\""]"",""[\""synthetic\"",\""synthetic_31026\"",\""half_voxel_sampling_displacement\""]"",""[\""synthetic\"",\""synthetic_31027\"",\""half_voxel_sampling_displacement\""]"",""[\""synthetic\"",\""synthetic_31028\"",\""half_voxel_sampling_displacement\""]"",""[\""synthetic\"",\""synthetic_31029\"",\""half_voxel_sampling_displacement\""]"",""[\""synthetic\"",\""synthetic_31030\"",\""half_voxel_sampling_displacement\""]"",""[\""synthetic\"",\""synthetic_31031\"",\""half_voxel_sampling_displacement\""]""]",Descriptive direct ROI statistics; exact nonzero is not a clinical or material-change threshold. 
synthetic,half_voxel_sampling_displacement,own_wrapper_mutation,source,mean,32,0,-1.248679447234323,-0.36571777483781803,-0.11759313927034787,0.21579878591095836,0.8527451599293917,-0.11033295448434793,32,0,0.014399088995665332,0.19459595104262134,0.2775582015525767,0.5411039157381274,1.248679447234323,0.37204396026261877,32,"[""[\""synthetic\"",\""synthetic_31000\"",\""half_voxel_sampling_displacement\""]"",""[\""synthetic\"",\""synthetic_31001\"",\""half_voxel_sampling_displacement\""]"",""[\""synthetic\"",\""synthetic_31002\"",\""half_voxel_sampling_displacement\""]"",""[\""synthetic\"",\""synthetic_31003\"",\""half_voxel_sampling_displacement\""]"",""[\""synthetic\"",\""synthetic_31004\"",\""half_voxel_sampling_displacement\""]"",""[\""synthetic\"",\""synthetic_31005\"",\""half_voxel_sampling_displacement\""]"",""[\""synthetic\"",\""synthetic_31006\"",\""half_voxel_sampling_displacement\""]"",""[\""synthetic\"",\""synthetic_31007\"",\""half_voxel_sampling_displacement\""]"",""[\""synthetic\"",\""synthetic_31008\"",\""half_voxel_sampling_displacement\""]"",""[\""synthetic\"",\""synthetic_31009\"",\""half_voxel_sampling_displacement\""]"",""[\""synthetic\"",\""synthetic_31010\"",\""half_voxel_sampling_displacement\""]"",""[\""synthetic\"",\""synthetic_31011\"",\""half_voxel_sampling_displacement\""]"",""[\""synthetic\"",\""synthetic_31012\"",\""half_voxel_sampling_displacement\""]"",""[\""synthetic\"",\""synthetic_31013\"",\""half_voxel_sampling_displacement\""]"",""[\""synthetic\"",\""synthetic_31014\"",\""half_voxel_sampling_displacement\""]"",""[\""synthetic\"",\""synthetic_31015\"",\""half_voxel_sampling_displacement\""]"",""[\""synthetic\"",\""synthetic_31016\"",\""half_voxel_sampling_displacement\""]"",""[\""synthetic\"",\""synthetic_31017\"",\""half_voxel_sampling_displacement\""]"",""[\""synthetic\"",\""synthetic_31018\"",\""half_voxel_sampling_displacement\""]"",""[\""synthetic\"",\""synthetic_31019\"",\""half_voxel_sampling_displacement\""]"",""[\""synthetic\"",\""synthetic_31020\"",\""half_voxel_sampling_displacement\""]"",""[\""synthetic\"",\""synthetic_31021\"",\""half_voxel_sampling_displacement\""]"",""[\""synthetic\"",\""synthetic_31022\"",\""half_voxel_sampling_displacement\""]"",""[\""synthetic\"",\""synthetic_31023\"",\""half_voxel_sampling_displacement\""]"",""[\""synthetic\"",\""synthetic_31024\"",\""half_voxel_sampling_displacement\""]"",""[\""synthetic\"",\""synthetic_31025\"",\""half_voxel_sampling_displacement\""]"",""[\""synthetic\"",\""synthetic_31026\"",\""half_voxel_sampling_displacement\""]"",""[\""synthetic\"",\""synthetic_31027\"",\""half_voxel_sampling_displacement\""]"",""[\""synthetic\"",\""synthetic_31028\"",\""half_voxel_sampling_displacement\""]"",""[\""synthetic\"",\""synthetic_31029\"",\""half_voxel_sampling_displacement\""]"",""[\""synthetic\"",\""synthetic_31030\"",\""half_voxel_sampling_displacement\""]"",""[\""synthetic\"",\""synthetic_31031\"",\""half_voxel_sampling_displacement\""]""]",Descriptive direct ROI statistics; exact nonzero is not a clinical or material-change threshold. 
synthetic,half_voxel_sampling_displacement,own_wrapper_mutation,source,population_variance,32,0,-31.30978224647521,-21.319656285102383,-15.670147538406411,-12.607661931529904,-0.14543745425697807,-16.770586519154122,32,0,0.14543745425697807,12.607661931529904,15.670147538406411,21.319656285102383,31.30978224647521,16.770586519154122,32,"[""[\""synthetic\"",\""synthetic_31000\"",\""half_voxel_sampling_displacement\""]"",""[\""synthetic\"",\""synthetic_31001\"",\""half_voxel_sampling_displacement\""]"",""[\""synthetic\"",\""synthetic_31002\"",\""half_voxel_sampling_displacement\""]"",""[\""synthetic\"",\""synthetic_31003\"",\""half_voxel_sampling_displacement\""]"",""[\""synthetic\"",\""synthetic_31004\"",\""half_voxel_sampling_displacement\""]"",""[\""synthetic\"",\""synthetic_31005\"",\""half_voxel_sampling_displacement\""]"",""[\""synthetic\"",\""synthetic_31006\"",\""half_voxel_sampling_displacement\""]"",""[\""synthetic\"",\""synthetic_31007\"",\""half_voxel_sampling_displacement\""]"",""[\""synthetic\"",\""synthetic_31008\"",\""half_voxel_sampling_displacement\""]"",""[\""synthetic\"",\""synthetic_31009\"",\""half_voxel_sampling_displacement\""]"",""[\""synthetic\"",\""synthetic_31010\"",\""half_voxel_sampling_displacement\""]"",""[\""synthetic\"",\""synthetic_31011\"",\""half_voxel_sampling_displacement\""]"",""[\""synthetic\"",\""synthetic_31012\"",\""half_voxel_sampling_displacement\""]"",""[\""synthetic\"",\""synthetic_31013\"",\""half_voxel_sampling_displacement\""]"",""[\""synthetic\"",\""synthetic_31014\"",\""half_voxel_sampling_displacement\""]"",""[\""synthetic\"",\""synthetic_31015\"",\""half_voxel_sampling_displacement\""]"",""[\""synthetic\"",\""synthetic_31016\"",\""half_voxel_sampling_displacement\""]"",""[\""synthetic\"",\""synthetic_31017\"",\""half_voxel_sampling_displacement\""]"",""[\""synthetic\"",\""synthetic_31018\"",\""half_voxel_sampling_displacement\""]"",""[\""synthetic\"",\""synthetic_31019\"",\""half_voxel_sampling_displacement\""]"",""[\""synthetic\"",\""synthetic_31020\"",\""half_voxel_sampling_displacement\""]"",""[\""synthetic\"",\""synthetic_31021\"",\""half_voxel_sampling_displacement\""]"",""[\""synthetic\"",\""synthetic_31022\"",\""half_voxel_sampling_displacement\""]"",""[\""synthetic\"",\""synthetic_31023\"",\""half_voxel_sampling_displacement\""]"",""[\""synthetic\"",\""synthetic_31024\"",\""half_voxel_sampling_displacement\""]"",""[\""synthetic\"",\""synthetic_31025\"",\""half_voxel_sampling_displacement\""]"",""[\""synthetic\"",\""synthetic_31026\"",\""half_voxel_sampling_displacement\""]"",""[\""synthetic\"",\""synthetic_31027\"",\""half_voxel_sampling_displacement\""]"",""[\""synthetic\"",\""synthetic_31028\"",\""half_voxel_sampling_displacement\""]"",""[\""synthetic\"",\""synthetic_31029\"",\""half_voxel_sampling_displacement\""]"",""[\""synthetic\"",\""synthetic_31030\"",\""half_voxel_sampling_displacement\""]"",""[\""synthetic\"",\""synthetic_31031\"",\""half_voxel_sampling_displacement\""]""]",Descriptive direct ROI statistics; exact nonzero is not a clinical or material-change threshold. 
synthetic,half_voxel_sampling_displacement,own_wrapper_mutation,correct_operation,roi_voxels,32,0,-1691,-226.25,-5.5,80.75,830,-139.90625,32,0,0,50.0,131.0,283.0,1691,265.09375,30,"[""[\""synthetic\"",\""synthetic_31000\"",\""half_voxel_sampling_displacement\""]"",""[\""synthetic\"",\""synthetic_31001\"",\""half_voxel_sampling_displacement\""]"",""[\""synthetic\"",\""synthetic_31002\"",\""half_voxel_sampling_displacement\""]"",""[\""synthetic\"",\""synthetic_31003\"",\""half_voxel_sampling_displacement\""]"",""[\""synthetic\"",\""synthetic_31004\"",\""half_voxel_sampling_displacement\""]"",""[\""synthetic\"",\""synthetic_31005\"",\""half_voxel_sampling_displacement\""]"",""[\""synthetic\"",\""synthetic_31006\"",\""half_voxel_sampling_displacement\""]"",""[\""synthetic\"",\""synthetic_31007\"",\""half_voxel_sampling_displacement\""]"",""[\""synthetic\"",\""synthetic_31008\"",\""half_voxel_sampling_displacement\""]"",""[\""synthetic\"",\""synthetic_31009\"",\""half_voxel_sampling_displacement\""]"",""[\""synthetic\"",\""synthetic_31010\"",\""half_voxel_sampling_displacement\""]"",""[\""synthetic\"",\""synthetic_31011\"",\""half_voxel_sampling_displacement\""]"",""[\""synthetic\"",\""synthetic_31012\"",\""half_voxel_sampling_displacement\""]"",""[\""synthetic\"",\""synthetic_31013\"",\""half_voxel_sampling_displacement\""]"",""[\""synthetic\"",\""synthetic_31014\"",\""half_voxel_sampling_displacement\""]"",""[\""synthetic\"",\""synthetic_31015\"",\""half_voxel_sampling_displacement\""]"",""[\""synthetic\"",\""synthetic_31016\"",\""half_voxel_sampling_displacement\""]"",""[\""synthetic\"",\""synthetic_31017\"",\""half_voxel_sampling_displacement\""]"",""[\""synthetic\"",\""synthetic_31018\"",\""half_voxel_sampling_displacement\""]"",""[\""synthetic\"",\""synthetic_31019\"",\""half_voxel_sampling_displacement\""]"",""[\""synthetic\"",\""synthetic_31020\"",\""half_voxel_sampling_displacement\""]"",""[\""synthetic\"",\""synthetic_31021\"",\""half_voxel_sampling_displacement\""]"",""[\""synthetic\"",\""synthetic_31022\"",\""half_voxel_sampling_displacement\""]"",""[\""synthetic\"",\""synthetic_31023\"",\""half_voxel_sampling_displacement\""]"",""[\""synthetic\"",\""synthetic_31024\"",\""half_voxel_sampling_displacement\""]"",""[\""synthetic\"",\""synthetic_31025\"",\""half_voxel_sampling_displacement\""]"",""[\""synthetic\"",\""synthetic_31026\"",\""half_voxel_sampling_displacement\""]"",""[\""synthetic\"",\""synthetic_31027\"",\""half_voxel_sampling_displacement\""]"",""[\""synthetic\"",\""synthetic_31028\"",\""half_voxel_sampling_displacement\""]"",""[\""synthetic\"",\""synthetic_31029\"",\""half_voxel_sampling_displacement\""]"",""[\""synthetic\"",\""synthetic_31030\"",\""half_voxel_sampling_displacement\""]"",""[\""synthetic\"",\""synthetic_31031\"",\""half_voxel_sampling_displacement\""]""]",Descriptive direct ROI statistics; exact nonzero is not a clinical or material-change threshold. 
synthetic,half_voxel_sampling_displacement,own_wrapper_mutation,correct_operation,occupied_volume_mm3,32,0,-865.7920000000013,-115.83999999999969,-2.8159999999998035,41.344000000000165,424.96000000000095,-71.63199999999992,32,0,0.0,25.600000000000136,67.07199999999966,144.8959999999995,865.7920000000013,135.72800000000004,30,"[""[\""synthetic\"",\""synthetic_31000\"",\""half_voxel_sampling_displacement\""]"",""[\""synthetic\"",\""synthetic_31001\"",\""half_voxel_sampling_displacement\""]"",""[\""synthetic\"",\""synthetic_31002\"",\""half_voxel_sampling_displacement\""]"",""[\""synthetic\"",\""synthetic_31003\"",\""half_voxel_sampling_displacement\""]"",""[\""synthetic\"",\""synthetic_31004\"",\""half_voxel_sampling_displacement\""]"",""[\""synthetic\"",\""synthetic_31005\"",\""half_voxel_sampling_displacement\""]"",""[\""synthetic\"",\""synthetic_31006\"",\""half_voxel_sampling_displacement\""]"",""[\""synthetic\"",\""synthetic_31007\"",\""half_voxel_sampling_displacement\""]"",""[\""synthetic\"",\""synthetic_31008\"",\""half_voxel_sampling_displacement\""]"",""[\""synthetic\"",\""synthetic_31009\"",\""half_voxel_sampling_displacement\""]"",""[\""synthetic\"",\""synthetic_31010\"",\""half_voxel_sampling_displacement\""]"",""[\""synthetic\"",\""synthetic_31011\"",\""half_voxel_sampling_displacement\""]"",""[\""synthetic\"",\""synthetic_31012\"",\""half_voxel_sampling_displacement\""]"",""[\""synthetic\"",\""synthetic_31013\"",\""half_voxel_sampling_displacement\""]"",""[\""synthetic\"",\""synthetic_31014\"",\""half_voxel_sampling_displacement\""]"",""[\""synthetic\"",\""synthetic_31015\"",\""half_voxel_sampling_displacement\""]"",""[\""synthetic\"",\""synthetic_31016\"",\""half_voxel_sampling_displacement\""]"",""[\""synthetic\"",\""synthetic_31017\"",\""half_voxel_sampling_displacement\""]"",""[\""synthetic\"",\""synthetic_31018\"",\""half_voxel_sampling_displacement\""]"",""[\""synthetic\"",\""synthetic_31019\"",\""half_voxel_sampling_displacement\""]"",""[\""synthetic\"",\""synthetic_31020\"",\""half_voxel_sampling_displacement\""]"",""[\""synthetic\"",\""synthetic_31021\"",\""half_voxel_sampling_displacement\""]"",""[\""synthetic\"",\""synthetic_31022\"",\""half_voxel_sampling_displacement\""]"",""[\""synthetic\"",\""synthetic_31023\"",\""half_voxel_sampling_displacement\""]"",""[\""synthetic\"",\""synthetic_31024\"",\""half_voxel_sampling_displacement\""]"",""[\""synthetic\"",\""synthetic_31025\"",\""half_voxel_sampling_displacement\""]"",""[\""synthetic\"",\""synthetic_31026\"",\""half_voxel_sampling_displacement\""]"",""[\""synthetic\"",\""synthetic_31027\"",\""half_voxel_sampling_displacement\""]"",""[\""synthetic\"",\""synthetic_31028\"",\""half_voxel_sampling_displacement\""]"",""[\""synthetic\"",\""synthetic_31029\"",\""half_voxel_sampling_displacement\""]"",""[\""synthetic\"",\""synthetic_31030\"",\""half_voxel_sampling_displacement\""]"",""[\""synthetic\"",\""synthetic_31031\"",\""half_voxel_sampling_displacement\""]""]",Descriptive direct ROI statistics; exact nonzero is not a clinical or material-change threshold. 
synthetic,half_voxel_sampling_displacement,own_wrapper_mutation,correct_operation,mean,32,0,-1.5064130424039832,-0.4009268541674345,-0.012199803757714678,0.6005614118035582,1.1712210675003558,0.009422802323912384,32,0,0.0436172064985314,0.23541975028758727,0.5526068278613264,0.87987696726,1.5064130424039832,0.5942670778703703,32,"[""[\""synthetic\"",\""synthetic_31000\"",\""half_voxel_sampling_displacement\""]"",""[\""synthetic\"",\""synthetic_31001\"",\""half_voxel_sampling_displacement\""]"",""[\""synthetic\"",\""synthetic_31002\"",\""half_voxel_sampling_displacement\""]"",""[\""synthetic\"",\""synthetic_31003\"",\""half_voxel_sampling_displacement\""]"",""[\""synthetic\"",\""synthetic_31004\"",\""half_voxel_sampling_displacement\""]"",""[\""synthetic\"",\""synthetic_31005\"",\""half_voxel_sampling_displacement\""]"",""[\""synthetic\"",\""synthetic_31006\"",\""half_voxel_sampling_displacement\""]"",""[\""synthetic\"",\""synthetic_31007\"",\""half_voxel_sampling_displacement\""]"",""[\""synthetic\"",\""synthetic_31008\"",\""half_voxel_sampling_displacement\""]"",""[\""synthetic\"",\""synthetic_31009\"",\""half_voxel_sampling_displacement\""]"",""[\""synthetic\"",\""synthetic_31010\"",\""half_voxel_sampling_displacement\""]"",""[\""synthetic\"",\""synthetic_31011\"",\""half_voxel_sampling_displacement\""]"",""[\""synthetic\"",\""synthetic_31012\"",\""half_voxel_sampling_displacement\""]"",""[\""synthetic\"",\""synthetic_31013\"",\""half_voxel_sampling_displacement\""]"",""[\""synthetic\"",\""synthetic_31014\"",\""half_voxel_sampling_displacement\""]"",""[\""synthetic\"",\""synthetic_31015\"",\""half_voxel_sampling_displacement\""]"",""[\""synthetic\"",\""synthetic_31016\"",\""half_voxel_sampling_displacement\""]"",""[\""synthetic\"",\""synthetic_31017\"",\""half_voxel_sampling_displacement\""]"",""[\""synthetic\"",\""synthetic_31018\"",\""half_voxel_sampling_displacement\""]"",""[\""synthetic\"",\""synthetic_31019\"",\""half_voxel_sampling_displacement\""]"",""[\""synthetic\"",\""synthetic_31020\"",\""half_voxel_sampling_displacement\""]"",""[\""synthetic\"",\""synthetic_31021\"",\""half_voxel_sampling_displacement\""]"",""[\""synthetic\"",\""synthetic_31022\"",\""half_voxel_sampling_displacement\""]"",""[\""synthetic\"",\""synthetic_31023\"",\""half_voxel_sampling_displacement\""]"",""[\""synthetic\"",\""synthetic_31024\"",\""half_voxel_sampling_displacement\""]"",""[\""synthetic\"",\""synthetic_31025\"",\""half_voxel_sampling_displacement\""]"",""[\""synthetic\"",\""synthetic_31026\"",\""half_voxel_sampling_displacement\""]"",""[\""synthetic\"",\""synthetic_31027\"",\""half_voxel_sampling_displacement\""]"",""[\""synthetic\"",\""synthetic_31028\"",\""half_voxel_sampling_displacement\""]"",""[\""synthetic\"",\""synthetic_31029\"",\""half_voxel_sampling_displacement\""]"",""[\""synthetic\"",\""synthetic_31030\"",\""half_voxel_sampling_displacement\""]"",""[\""synthetic\"",\""synthetic_31031\"",\""half_voxel_sampling_displacement\""]""]",Descriptive direct ROI statistics; exact nonzero is not a clinical or material-change threshold. 
synthetic,half_voxel_sampling_displacement,own_wrapper_mutation,correct_operation,population_variance,32,0,-28.774968045923856,-3.2232525807063297,1.451670583712911,7.84867675703228,32.86586819795701,0.4111202781145966,32,0,0.9014225451903144,2.5639902815435676,7.236898340168608,14.645875711738043,32.86586819795701,9.57918025477334,32,"[""[\""synthetic\"",\""synthetic_31000\"",\""half_voxel_sampling_displacement\""]"",""[\""synthetic\"",\""synthetic_31001\"",\""half_voxel_sampling_displacement\""]"",""[\""synthetic\"",\""synthetic_31002\"",\""half_voxel_sampling_displacement\""]"",""[\""synthetic\"",\""synthetic_31003\"",\""half_voxel_sampling_displacement\""]"",""[\""synthetic\"",\""synthetic_31004\"",\""half_voxel_sampling_displacement\""]"",""[\""synthetic\"",\""synthetic_31005\"",\""half_voxel_sampling_displacement\""]"",""[\""synthetic\"",\""synthetic_31006\"",\""half_voxel_sampling_displacement\""]"",""[\""synthetic\"",\""synthetic_31007\"",\""half_voxel_sampling_displacement\""]"",""[\""synthetic\"",\""synthetic_31008\"",\""half_voxel_sampling_displacement\""]"",""[\""synthetic\"",\""synthetic_31009\"",\""half_voxel_sampling_displacement\""]"",""[\""synthetic\"",\""synthetic_31010\"",\""half_voxel_sampling_displacement\""]"",""[\""synthetic\"",\""synthetic_31011\"",\""half_voxel_sampling_displacement\""]"",""[\""synthetic\"",\""synthetic_31012\"",\""half_voxel_sampling_displacement\""]"",""[\""synthetic\"",\""synthetic_31013\"",\""half_voxel_sampling_displacement\""]"",""[\""synthetic\"",\""synthetic_31014\"",\""half_voxel_sampling_displacement\""]"",""[\""synthetic\"",\""synthetic_31015\"",\""half_voxel_sampling_displacement\""]"",""[\""synthetic\"",\""synthetic_31016\"",\""half_voxel_sampling_displacement\""]"",""[\""synthetic\"",\""synthetic_31017\"",\""half_voxel_sampling_displacement\""]"",""[\""synthetic\"",\""synthetic_31018\"",\""half_voxel_sampling_displacement\""]"",""[\""synthetic\"",\""synthetic_31019\"",\""half_voxel_sampling_displacement\""]"",""[\""synthetic\"",\""synthetic_31020\"",\""half_voxel_sampling_displacement\""]"",""[\""synthetic\"",\""synthetic_31021\"",\""half_voxel_sampling_displacement\""]"",""[\""synthetic\"",\""synthetic_31022\"",\""half_voxel_sampling_displacement\""]"",""[\""synthetic\"",\""synthetic_31023\"",\""half_voxel_sampling_displacement\""]"",""[\""synthetic\"",\""synthetic_31024\"",\""half_voxel_sampling_displacement\""]"",""[\""synthetic\"",\""synthetic_31025\"",\""half_voxel_sampling_displacement\""]"",""[\""synthetic\"",\""synthetic_31026\"",\""half_voxel_sampling_displacement\""]"",""[\""synthetic\"",\""synthetic_31027\"",\""half_voxel_sampling_displacement\""]"",""[\""synthetic\"",\""synthetic_31028\"",\""half_voxel_sampling_displacement\""]"",""[\""synthetic\"",\""synthetic_31029\"",\""half_voxel_sampling_displacement\""]"",""[\""synthetic\"",\""synthetic_31030\"",\""half_voxel_sampling_displacement\""]"",""[\""synthetic\"",\""synthetic_31031\"",\""half_voxel_sampling_displacement\""]""]",Descriptive direct ROI statistics; exact nonzero is not a clinical or material-change threshold. 
synthetic,identity,valid_control,source,roi_voxels,32,0,0,0.0,0.0,0.0,0,0.0,32,0,0,0.0,0.0,0.0,0,0.0,0,"[""[\""synthetic\"",\""synthetic_31000\"",\""identity\""]"",""[\""synthetic\"",\""synthetic_31001\"",\""identity\""]"",""[\""synthetic\"",\""synthetic_31002\"",\""identity\""]"",""[\""synthetic\"",\""synthetic_31003\"",\""identity\""]"",""[\""synthetic\"",\""synthetic_31004\"",\""identity\""]"",""[\""synthetic\"",\""synthetic_31005\"",\""identity\""]"",""[\""synthetic\"",\""synthetic_31006\"",\""identity\""]"",""[\""synthetic\"",\""synthetic_31007\"",\""identity\""]"",""[\""synthetic\"",\""synthetic_31008\"",\""identity\""]"",""[\""synthetic\"",\""synthetic_31009\"",\""identity\""]"",""[\""synthetic\"",\""synthetic_31010\"",\""identity\""]"",""[\""synthetic\"",\""synthetic_31011\"",\""identity\""]"",""[\""synthetic\"",\""synthetic_31012\"",\""identity\""]"",""[\""synthetic\"",\""synthetic_31013\"",\""identity\""]"",""[\""synthetic\"",\""synthetic_31014\"",\""identity\""]"",""[\""synthetic\"",\""synthetic_31015\"",\""identity\""]"",""[\""synthetic\"",\""synthetic_31016\"",\""identity\""]"",""[\""synthetic\"",\""synthetic_31017\"",\""identity\""]"",""[\""synthetic\"",\""synthetic_31018\"",\""identity\""]"",""[\""synthetic\"",\""synthetic_31019\"",\""identity\""]"",""[\""synthetic\"",\""synthetic_31020\"",\""identity\""]"",""[\""synthetic\"",\""synthetic_31021\"",\""identity\""]"",""[\""synthetic\"",\""synthetic_31022\"",\""identity\""]"",""[\""synthetic\"",\""synthetic_31023\"",\""identity\""]"",""[\""synthetic\"",\""synthetic_31024\"",\""identity\""]"",""[\""synthetic\"",\""synthetic_31025\"",\""identity\""]"",""[\""synthetic\"",\""synthetic_31026\"",\""identity\""]"",""[\""synthetic\"",\""synthetic_31027\"",\""identity\""]"",""[\""synthetic\"",\""synthetic_31028\"",\""identity\""]"",""[\""synthetic\"",\""synthetic_31029\"",\""identity\""]"",""[\""synthetic\"",\""synthetic_31030\"",\""identity\""]"",""[\""synthetic\"",\""synthetic_31031\"",\""identity\""]""]",Descriptive direct ROI statistics; exact nonzero is not a clinical or material-change threshold. 
synthetic,identity,valid_control,source,occupied_volume_mm3,32,0,0.0,0.0,0.0,0.0,0.0,0.0,32,0,0.0,0.0,0.0,0.0,0.0,0.0,0,"[""[\""synthetic\"",\""synthetic_31000\"",\""identity\""]"",""[\""synthetic\"",\""synthetic_31001\"",\""identity\""]"",""[\""synthetic\"",\""synthetic_31002\"",\""identity\""]"",""[\""synthetic\"",\""synthetic_31003\"",\""identity\""]"",""[\""synthetic\"",\""synthetic_31004\"",\""identity\""]"",""[\""synthetic\"",\""synthetic_31005\"",\""identity\""]"",""[\""synthetic\"",\""synthetic_31006\"",\""identity\""]"",""[\""synthetic\"",\""synthetic_31007\"",\""identity\""]"",""[\""synthetic\"",\""synthetic_31008\"",\""identity\""]"",""[\""synthetic\"",\""synthetic_31009\"",\""identity\""]"",""[\""synthetic\"",\""synthetic_31010\"",\""identity\""]"",""[\""synthetic\"",\""synthetic_31011\"",\""identity\""]"",""[\""synthetic\"",\""synthetic_31012\"",\""identity\""]"",""[\""synthetic\"",\""synthetic_31013\"",\""identity\""]"",""[\""synthetic\"",\""synthetic_31014\"",\""identity\""]"",""[\""synthetic\"",\""synthetic_31015\"",\""identity\""]"",""[\""synthetic\"",\""synthetic_31016\"",\""identity\""]"",""[\""synthetic\"",\""synthetic_31017\"",\""identity\""]"",""[\""synthetic\"",\""synthetic_31018\"",\""identity\""]"",""[\""synthetic\"",\""synthetic_31019\"",\""identity\""]"",""[\""synthetic\"",\""synthetic_31020\"",\""identity\""]"",""[\""synthetic\"",\""synthetic_31021\"",\""identity\""]"",""[\""synthetic\"",\""synthetic_31022\"",\""identity\""]"",""[\""synthetic\"",\""synthetic_31023\"",\""identity\""]"",""[\""synthetic\"",\""synthetic_31024\"",\""identity\""]"",""[\""synthetic\"",\""synthetic_31025\"",\""identity\""]"",""[\""synthetic\"",\""synthetic_31026\"",\""identity\""]"",""[\""synthetic\"",\""synthetic_31027\"",\""identity\""]"",""[\""synthetic\"",\""synthetic_31028\"",\""identity\""]"",""[\""synthetic\"",\""synthetic_31029\"",\""identity\""]"",""[\""synthetic\"",\""synthetic_31030\"",\""identity\""]"",""[\""synthetic\"",\""synthetic_31031\"",\""identity\""]""]",Descriptive direct ROI statistics; exact nonzero is not a clinical or material-change threshold. 
synthetic,identity,valid_control,source,mean,32,0,0.0,0.0,0.0,0.0,0.0,0.0,32,0,0.0,0.0,0.0,0.0,0.0,0.0,0,"[""[\""synthetic\"",\""synthetic_31000\"",\""identity\""]"",""[\""synthetic\"",\""synthetic_31001\"",\""identity\""]"",""[\""synthetic\"",\""synthetic_31002\"",\""identity\""]"",""[\""synthetic\"",\""synthetic_31003\"",\""identity\""]"",""[\""synthetic\"",\""synthetic_31004\"",\""identity\""]"",""[\""synthetic\"",\""synthetic_31005\"",\""identity\""]"",""[\""synthetic\"",\""synthetic_31006\"",\""identity\""]"",""[\""synthetic\"",\""synthetic_31007\"",\""identity\""]"",""[\""synthetic\"",\""synthetic_31008\"",\""identity\""]"",""[\""synthetic\"",\""synthetic_31009\"",\""identity\""]"",""[\""synthetic\"",\""synthetic_31010\"",\""identity\""]"",""[\""synthetic\"",\""synthetic_31011\"",\""identity\""]"",""[\""synthetic\"",\""synthetic_31012\"",\""identity\""]"",""[\""synthetic\"",\""synthetic_31013\"",\""identity\""]"",""[\""synthetic\"",\""synthetic_31014\"",\""identity\""]"",""[\""synthetic\"",\""synthetic_31015\"",\""identity\""]"",""[\""synthetic\"",\""synthetic_31016\"",\""identity\""]"",""[\""synthetic\"",\""synthetic_31017\"",\""identity\""]"",""[\""synthetic\"",\""synthetic_31018\"",\""identity\""]"",""[\""synthetic\"",\""synthetic_31019\"",\""identity\""]"",""[\""synthetic\"",\""synthetic_31020\"",\""identity\""]"",""[\""synthetic\"",\""synthetic_31021\"",\""identity\""]"",""[\""synthetic\"",\""synthetic_31022\"",\""identity\""]"",""[\""synthetic\"",\""synthetic_31023\"",\""identity\""]"",""[\""synthetic\"",\""synthetic_31024\"",\""identity\""]"",""[\""synthetic\"",\""synthetic_31025\"",\""identity\""]"",""[\""synthetic\"",\""synthetic_31026\"",\""identity\""]"",""[\""synthetic\"",\""synthetic_31027\"",\""identity\""]"",""[\""synthetic\"",\""synthetic_31028\"",\""identity\""]"",""[\""synthetic\"",\""synthetic_31029\"",\""identity\""]"",""[\""synthetic\"",\""synthetic_31030\"",\""identity\""]"",""[\""synthetic\"",\""synthetic_31031\"",\""identity\""]""]",Descriptive direct ROI statistics; exact nonzero is not a clinical or material-change threshold. 
synthetic,identity,valid_control,source,population_variance,32,0,0.0,0.0,0.0,0.0,0.0,0.0,32,0,0.0,0.0,0.0,0.0,0.0,0.0,0,"[""[\""synthetic\"",\""synthetic_31000\"",\""identity\""]"",""[\""synthetic\"",\""synthetic_31001\"",\""identity\""]"",""[\""synthetic\"",\""synthetic_31002\"",\""identity\""]"",""[\""synthetic\"",\""synthetic_31003\"",\""identity\""]"",""[\""synthetic\"",\""synthetic_31004\"",\""identity\""]"",""[\""synthetic\"",\""synthetic_31005\"",\""identity\""]"",""[\""synthetic\"",\""synthetic_31006\"",\""identity\""]"",""[\""synthetic\"",\""synthetic_31007\"",\""identity\""]"",""[\""synthetic\"",\""synthetic_31008\"",\""identity\""]"",""[\""synthetic\"",\""synthetic_31009\"",\""identity\""]"",""[\""synthetic\"",\""synthetic_31010\"",\""identity\""]"",""[\""synthetic\"",\""synthetic_31011\"",\""identity\""]"",""[\""synthetic\"",\""synthetic_31012\"",\""identity\""]"",""[\""synthetic\"",\""synthetic_31013\"",\""identity\""]"",""[\""synthetic\"",\""synthetic_31014\"",\""identity\""]"",""[\""synthetic\"",\""synthetic_31015\"",\""identity\""]"",""[\""synthetic\"",\""synthetic_31016\"",\""identity\""]"",""[\""synthetic\"",\""synthetic_31017\"",\""identity\""]"",""[\""synthetic\"",\""synthetic_31018\"",\""identity\""]"",""[\""synthetic\"",\""synthetic_31019\"",\""identity\""]"",""[\""synthetic\"",\""synthetic_31020\"",\""identity\""]"",""[\""synthetic\"",\""synthetic_31021\"",\""identity\""]"",""[\""synthetic\"",\""synthetic_31022\"",\""identity\""]"",""[\""synthetic\"",\""synthetic_31023\"",\""identity\""]"",""[\""synthetic\"",\""synthetic_31024\"",\""identity\""]"",""[\""synthetic\"",\""synthetic_31025\"",\""identity\""]"",""[\""synthetic\"",\""synthetic_31026\"",\""identity\""]"",""[\""synthetic\"",\""synthetic_31027\"",\""identity\""]"",""[\""synthetic\"",\""synthetic_31028\"",\""identity\""]"",""[\""synthetic\"",\""synthetic_31029\"",\""identity\""]"",""[\""synthetic\"",\""synthetic_31030\"",\""identity\""]"",""[\""synthetic\"",\""synthetic_31031\"",\""identity\""]""]",Descriptive direct ROI statistics; exact nonzero is not a clinical or material-change threshold. 
synthetic,identity,valid_control,correct_operation,roi_voxels,32,0,0,0.0,0.0,0.0,0,0.0,32,0,0,0.0,0.0,0.0,0,0.0,0,"[""[\""synthetic\"",\""synthetic_31000\"",\""identity\""]"",""[\""synthetic\"",\""synthetic_31001\"",\""identity\""]"",""[\""synthetic\"",\""synthetic_31002\"",\""identity\""]"",""[\""synthetic\"",\""synthetic_31003\"",\""identity\""]"",""[\""synthetic\"",\""synthetic_31004\"",\""identity\""]"",""[\""synthetic\"",\""synthetic_31005\"",\""identity\""]"",""[\""synthetic\"",\""synthetic_31006\"",\""identity\""]"",""[\""synthetic\"",\""synthetic_31007\"",\""identity\""]"",""[\""synthetic\"",\""synthetic_31008\"",\""identity\""]"",""[\""synthetic\"",\""synthetic_31009\"",\""identity\""]"",""[\""synthetic\"",\""synthetic_31010\"",\""identity\""]"",""[\""synthetic\"",\""synthetic_31011\"",\""identity\""]"",""[\""synthetic\"",\""synthetic_31012\"",\""identity\""]"",""[\""synthetic\"",\""synthetic_31013\"",\""identity\""]"",""[\""synthetic\"",\""synthetic_31014\"",\""identity\""]"",""[\""synthetic\"",\""synthetic_31015\"",\""identity\""]"",""[\""synthetic\"",\""synthetic_31016\"",\""identity\""]"",""[\""synthetic\"",\""synthetic_31017\"",\""identity\""]"",""[\""synthetic\"",\""synthetic_31018\"",\""identity\""]"",""[\""synthetic\"",\""synthetic_31019\"",\""identity\""]"",""[\""synthetic\"",\""synthetic_31020\"",\""identity\""]"",""[\""synthetic\"",\""synthetic_31021\"",\""identity\""]"",""[\""synthetic\"",\""synthetic_31022\"",\""identity\""]"",""[\""synthetic\"",\""synthetic_31023\"",\""identity\""]"",""[\""synthetic\"",\""synthetic_31024\"",\""identity\""]"",""[\""synthetic\"",\""synthetic_31025\"",\""identity\""]"",""[\""synthetic\"",\""synthetic_31026\"",\""identity\""]"",""[\""synthetic\"",\""synthetic_31027\"",\""identity\""]"",""[\""synthetic\"",\""synthetic_31028\"",\""identity\""]"",""[\""synthetic\"",\""synthetic_31029\"",\""identity\""]"",""[\""synthetic\"",\""synthetic_31030\"",\""identity\""]"",""[\""synthetic\"",\""synthetic_31031\"",\""identity\""]""]",Descriptive direct ROI statistics; exact nonzero is not a clinical or material-change threshold. Controls use their own observed output as correct_operation: their zero here is by construction.
synthetic,identity,valid_control,correct_operation,occupied_volume_mm3,32,0,0.0,0.0,0.0,0.0,0.0,0.0,32,0,0.0,0.0,0.0,0.0,0.0,0.0,0,"[""[\""synthetic\"",\""synthetic_31000\"",\""identity\""]"",""[\""synthetic\"",\""synthetic_31001\"",\""identity\""]"",""[\""synthetic\"",\""synthetic_31002\"",\""identity\""]"",""[\""synthetic\"",\""synthetic_31003\"",\""identity\""]"",""[\""synthetic\"",\""synthetic_31004\"",\""identity\""]"",""[\""synthetic\"",\""synthetic_31005\"",\""identity\""]"",""[\""synthetic\"",\""synthetic_31006\"",\""identity\""]"",""[\""synthetic\"",\""synthetic_31007\"",\""identity\""]"",""[\""synthetic\"",\""synthetic_31008\"",\""identity\""]"",""[\""synthetic\"",\""synthetic_31009\"",\""identity\""]"",""[\""synthetic\"",\""synthetic_31010\"",\""identity\""]"",""[\""synthetic\"",\""synthetic_31011\"",\""identity\""]"",""[\""synthetic\"",\""synthetic_31012\"",\""identity\""]"",""[\""synthetic\"",\""synthetic_31013\"",\""identity\""]"",""[\""synthetic\"",\""synthetic_31014\"",\""identity\""]"",""[\""synthetic\"",\""synthetic_31015\"",\""identity\""]"",""[\""synthetic\"",\""synthetic_31016\"",\""identity\""]"",""[\""synthetic\"",\""synthetic_31017\"",\""identity\""]"",""[\""synthetic\"",\""synthetic_31018\"",\""identity\""]"",""[\""synthetic\"",\""synthetic_31019\"",\""identity\""]"",""[\""synthetic\"",\""synthetic_31020\"",\""identity\""]"",""[\""synthetic\"",\""synthetic_31021\"",\""identity\""]"",""[\""synthetic\"",\""synthetic_31022\"",\""identity\""]"",""[\""synthetic\"",\""synthetic_31023\"",\""identity\""]"",""[\""synthetic\"",\""synthetic_31024\"",\""identity\""]"",""[\""synthetic\"",\""synthetic_31025\"",\""identity\""]"",""[\""synthetic\"",\""synthetic_31026\"",\""identity\""]"",""[\""synthetic\"",\""synthetic_31027\"",\""identity\""]"",""[\""synthetic\"",\""synthetic_31028\"",\""identity\""]"",""[\""synthetic\"",\""synthetic_31029\"",\""identity\""]"",""[\""synthetic\"",\""synthetic_31030\"",\""identity\""]"",""[\""synthetic\"",\""synthetic_31031\"",\""identity\""]""]",Descriptive direct ROI statistics; exact nonzero is not a clinical or material-change threshold. Controls use their own observed output as correct_operation: their zero here is by construction.
synthetic,identity,valid_control,correct_operation,mean,32,0,0.0,0.0,0.0,0.0,0.0,0.0,32,0,0.0,0.0,0.0,0.0,0.0,0.0,0,"[""[\""synthetic\"",\""synthetic_31000\"",\""identity\""]"",""[\""synthetic\"",\""synthetic_31001\"",\""identity\""]"",""[\""synthetic\"",\""synthetic_31002\"",\""identity\""]"",""[\""synthetic\"",\""synthetic_31003\"",\""identity\""]"",""[\""synthetic\"",\""synthetic_31004\"",\""identity\""]"",""[\""synthetic\"",\""synthetic_31005\"",\""identity\""]"",""[\""synthetic\"",\""synthetic_31006\"",\""identity\""]"",""[\""synthetic\"",\""synthetic_31007\"",\""identity\""]"",""[\""synthetic\"",\""synthetic_31008\"",\""identity\""]"",""[\""synthetic\"",\""synthetic_31009\"",\""identity\""]"",""[\""synthetic\"",\""synthetic_31010\"",\""identity\""]"",""[\""synthetic\"",\""synthetic_31011\"",\""identity\""]"",""[\""synthetic\"",\""synthetic_31012\"",\""identity\""]"",""[\""synthetic\"",\""synthetic_31013\"",\""identity\""]"",""[\""synthetic\"",\""synthetic_31014\"",\""identity\""]"",""[\""synthetic\"",\""synthetic_31015\"",\""identity\""]"",""[\""synthetic\"",\""synthetic_31016\"",\""identity\""]"",""[\""synthetic\"",\""synthetic_31017\"",\""identity\""]"",""[\""synthetic\"",\""synthetic_31018\"",\""identity\""]"",""[\""synthetic\"",\""synthetic_31019\"",\""identity\""]"",""[\""synthetic\"",\""synthetic_31020\"",\""identity\""]"",""[\""synthetic\"",\""synthetic_31021\"",\""identity\""]"",""[\""synthetic\"",\""synthetic_31022\"",\""identity\""]"",""[\""synthetic\"",\""synthetic_31023\"",\""identity\""]"",""[\""synthetic\"",\""synthetic_31024\"",\""identity\""]"",""[\""synthetic\"",\""synthetic_31025\"",\""identity\""]"",""[\""synthetic\"",\""synthetic_31026\"",\""identity\""]"",""[\""synthetic\"",\""synthetic_31027\"",\""identity\""]"",""[\""synthetic\"",\""synthetic_31028\"",\""identity\""]"",""[\""synthetic\"",\""synthetic_31029\"",\""identity\""]"",""[\""synthetic\"",\""synthetic_31030\"",\""identity\""]"",""[\""synthetic\"",\""synthetic_31031\"",\""identity\""]""]",Descriptive direct ROI statistics; exact nonzero is not a clinical or material-change threshold. Controls use their own observed output as correct_operation: their zero here is by construction.
synthetic,identity,valid_control,correct_operation,population_variance,32,0,0.0,0.0,0.0,0.0,0.0,0.0,32,0,0.0,0.0,0.0,0.0,0.0,0.0,0,"[""[\""synthetic\"",\""synthetic_31000\"",\""identity\""]"",""[\""synthetic\"",\""synthetic_31001\"",\""identity\""]"",""[\""synthetic\"",\""synthetic_31002\"",\""identity\""]"",""[\""synthetic\"",\""synthetic_31003\"",\""identity\""]"",""[\""synthetic\"",\""synthetic_31004\"",\""identity\""]"",""[\""synthetic\"",\""synthetic_31005\"",\""identity\""]"",""[\""synthetic\"",\""synthetic_31006\"",\""identity\""]"",""[\""synthetic\"",\""synthetic_31007\"",\""identity\""]"",""[\""synthetic\"",\""synthetic_31008\"",\""identity\""]"",""[\""synthetic\"",\""synthetic_31009\"",\""identity\""]"",""[\""synthetic\"",\""synthetic_31010\"",\""identity\""]"",""[\""synthetic\"",\""synthetic_31011\"",\""identity\""]"",""[\""synthetic\"",\""synthetic_31012\"",\""identity\""]"",""[\""synthetic\"",\""synthetic_31013\"",\""identity\""]"",""[\""synthetic\"",\""synthetic_31014\"",\""identity\""]"",""[\""synthetic\"",\""synthetic_31015\"",\""identity\""]"",""[\""synthetic\"",\""synthetic_31016\"",\""identity\""]"",""[\""synthetic\"",\""synthetic_31017\"",\""identity\""]"",""[\""synthetic\"",\""synthetic_31018\"",\""identity\""]"",""[\""synthetic\"",\""synthetic_31019\"",\""identity\""]"",""[\""synthetic\"",\""synthetic_31020\"",\""identity\""]"",""[\""synthetic\"",\""synthetic_31021\"",\""identity\""]"",""[\""synthetic\"",\""synthetic_31022\"",\""identity\""]"",""[\""synthetic\"",\""synthetic_31023\"",\""identity\""]"",""[\""synthetic\"",\""synthetic_31024\"",\""identity\""]"",""[\""synthetic\"",\""synthetic_31025\"",\""identity\""]"",""[\""synthetic\"",\""synthetic_31026\"",\""identity\""]"",""[\""synthetic\"",\""synthetic_31027\"",\""identity\""]"",""[\""synthetic\"",\""synthetic_31028\"",\""identity\""]"",""[\""synthetic\"",\""synthetic_31029\"",\""identity\""]"",""[\""synthetic\"",\""synthetic_31030\"",\""identity\""]"",""[\""synthetic\"",\""synthetic_31031\"",\""identity\""]""]",Descriptive direct ROI statistics; exact nonzero is not a clinical or material-change threshold. Controls use their own observed output as correct_operation: their zero here is by construction.
synthetic,isotropic_0p8mm,valid_control,source,roi_voxels,32,0,4346,7939.5,10830.0,13789.25,21806,11297.125,32,0,4346,7939.5,10830.0,13789.25,21806,11297.125,32,"[""[\""synthetic\"",\""synthetic_31000\"",\""isotropic_0p8mm\""]"",""[\""synthetic\"",\""synthetic_31001\"",\""isotropic_0p8mm\""]"",""[\""synthetic\"",\""synthetic_31002\"",\""isotropic_0p8mm\""]"",""[\""synthetic\"",\""synthetic_31003\"",\""isotropic_0p8mm\""]"",""[\""synthetic\"",\""synthetic_31004\"",\""isotropic_0p8mm\""]"",""[\""synthetic\"",\""synthetic_31005\"",\""isotropic_0p8mm\""]"",""[\""synthetic\"",\""synthetic_31006\"",\""isotropic_0p8mm\""]"",""[\""synthetic\"",\""synthetic_31007\"",\""isotropic_0p8mm\""]"",""[\""synthetic\"",\""synthetic_31008\"",\""isotropic_0p8mm\""]"",""[\""synthetic\"",\""synthetic_31009\"",\""isotropic_0p8mm\""]"",""[\""synthetic\"",\""synthetic_31010\"",\""isotropic_0p8mm\""]"",""[\""synthetic\"",\""synthetic_31011\"",\""isotropic_0p8mm\""]"",""[\""synthetic\"",\""synthetic_31012\"",\""isotropic_0p8mm\""]"",""[\""synthetic\"",\""synthetic_31013\"",\""isotropic_0p8mm\""]"",""[\""synthetic\"",\""synthetic_31014\"",\""isotropic_0p8mm\""]"",""[\""synthetic\"",\""synthetic_31015\"",\""isotropic_0p8mm\""]"",""[\""synthetic\"",\""synthetic_31016\"",\""isotropic_0p8mm\""]"",""[\""synthetic\"",\""synthetic_31017\"",\""isotropic_0p8mm\""]"",""[\""synthetic\"",\""synthetic_31018\"",\""isotropic_0p8mm\""]"",""[\""synthetic\"",\""synthetic_31019\"",\""isotropic_0p8mm\""]"",""[\""synthetic\"",\""synthetic_31020\"",\""isotropic_0p8mm\""]"",""[\""synthetic\"",\""synthetic_31021\"",\""isotropic_0p8mm\""]"",""[\""synthetic\"",\""synthetic_31022\"",\""isotropic_0p8mm\""]"",""[\""synthetic\"",\""synthetic_31023\"",\""isotropic_0p8mm\""]"",""[\""synthetic\"",\""synthetic_31024\"",\""isotropic_0p8mm\""]"",""[\""synthetic\"",\""synthetic_31025\"",\""isotropic_0p8mm\""]"",""[\""synthetic\"",\""synthetic_31026\"",\""isotropic_0p8mm\""]"",""[\""synthetic\"",\""synthetic_31027\"",\""isotropic_0p8mm\""]"",""[\""synthetic\"",\""synthetic_31028\"",\""isotropic_0p8mm\""]"",""[\""synthetic\"",\""synthetic_31029\"",\""isotropic_0p8mm\""]"",""[\""synthetic\"",\""synthetic_31030\"",\""isotropic_0p8mm\""]"",""[\""synthetic\"",\""synthetic_31031\"",\""isotropic_0p8mm\""]""]",Descriptive direct ROI statistics; exact nonzero is not a clinical or material-change threshold. 
synthetic,isotropic_0p8mm,valid_control,source,occupied_volume_mm3,32,0,-195.92596208865507,-16.71198555820979,37.97245018136482,124.82296102320652,551.5820418846233,64.29400374516015,32,0,1.496695386628744,25.12219567397642,76.69507017877959,147.75342863278547,551.5820418846233,109.09465654049197,32,"[""[\""synthetic\"",\""synthetic_31000\"",\""isotropic_0p8mm\""]"",""[\""synthetic\"",\""synthetic_31001\"",\""isotropic_0p8mm\""]"",""[\""synthetic\"",\""synthetic_31002\"",\""isotropic_0p8mm\""]"",""[\""synthetic\"",\""synthetic_31003\"",\""isotropic_0p8mm\""]"",""[\""synthetic\"",\""synthetic_31004\"",\""isotropic_0p8mm\""]"",""[\""synthetic\"",\""synthetic_31005\"",\""isotropic_0p8mm\""]"",""[\""synthetic\"",\""synthetic_31006\"",\""isotropic_0p8mm\""]"",""[\""synthetic\"",\""synthetic_31007\"",\""isotropic_0p8mm\""]"",""[\""synthetic\"",\""synthetic_31008\"",\""isotropic_0p8mm\""]"",""[\""synthetic\"",\""synthetic_31009\"",\""isotropic_0p8mm\""]"",""[\""synthetic\"",\""synthetic_31010\"",\""isotropic_0p8mm\""]"",""[\""synthetic\"",\""synthetic_31011\"",\""isotropic_0p8mm\""]"",""[\""synthetic\"",\""synthetic_31012\"",\""isotropic_0p8mm\""]"",""[\""synthetic\"",\""synthetic_31013\"",\""isotropic_0p8mm\""]"",""[\""synthetic\"",\""synthetic_31014\"",\""isotropic_0p8mm\""]"",""[\""synthetic\"",\""synthetic_31015\"",\""isotropic_0p8mm\""]"",""[\""synthetic\"",\""synthetic_31016\"",\""isotropic_0p8mm\""]"",""[\""synthetic\"",\""synthetic_31017\"",\""isotropic_0p8mm\""]"",""[\""synthetic\"",\""synthetic_31018\"",\""isotropic_0p8mm\""]"",""[\""synthetic\"",\""synthetic_31019\"",\""isotropic_0p8mm\""]"",""[\""synthetic\"",\""synthetic_31020\"",\""isotropic_0p8mm\""]"",""[\""synthetic\"",\""synthetic_31021\"",\""isotropic_0p8mm\""]"",""[\""synthetic\"",\""synthetic_31022\"",\""isotropic_0p8mm\""]"",""[\""synthetic\"",\""synthetic_31023\"",\""isotropic_0p8mm\""]"",""[\""synthetic\"",\""synthetic_31024\"",\""isotropic_0p8mm\""]"",""[\""synthetic\"",\""synthetic_31025\"",\""isotropic_0p8mm\""]"",""[\""synthetic\"",\""synthetic_31026\"",\""isotropic_0p8mm\""]"",""[\""synthetic\"",\""synthetic_31027\"",\""isotropic_0p8mm\""]"",""[\""synthetic\"",\""synthetic_31028\"",\""isotropic_0p8mm\""]"",""[\""synthetic\"",\""synthetic_31029\"",\""isotropic_0p8mm\""]"",""[\""synthetic\"",\""synthetic_31030\"",\""isotropic_0p8mm\""]"",""[\""synthetic\"",\""synthetic_31031\"",\""isotropic_0p8mm\""]""]",Descriptive direct ROI statistics; exact nonzero is not a clinical or material-change threshold. 
synthetic,isotropic_0p8mm,valid_control,source,mean,32,0,-0.8755796439404606,-0.3629470371030865,-0.16947699523428794,0.16285009206587336,0.6308848277068723,-0.11975575680826032,32,0,0.06125994253528866,0.17292789039039885,0.2797457628350115,0.4592710624674281,0.8755796439404606,0.32706672330244674,32,"[""[\""synthetic\"",\""synthetic_31000\"",\""isotropic_0p8mm\""]"",""[\""synthetic\"",\""synthetic_31001\"",\""isotropic_0p8mm\""]"",""[\""synthetic\"",\""synthetic_31002\"",\""isotropic_0p8mm\""]"",""[\""synthetic\"",\""synthetic_31003\"",\""isotropic_0p8mm\""]"",""[\""synthetic\"",\""synthetic_31004\"",\""isotropic_0p8mm\""]"",""[\""synthetic\"",\""synthetic_31005\"",\""isotropic_0p8mm\""]"",""[\""synthetic\"",\""synthetic_31006\"",\""isotropic_0p8mm\""]"",""[\""synthetic\"",\""synthetic_31007\"",\""isotropic_0p8mm\""]"",""[\""synthetic\"",\""synthetic_31008\"",\""isotropic_0p8mm\""]"",""[\""synthetic\"",\""synthetic_31009\"",\""isotropic_0p8mm\""]"",""[\""synthetic\"",\""synthetic_31010\"",\""isotropic_0p8mm\""]"",""[\""synthetic\"",\""synthetic_31011\"",\""isotropic_0p8mm\""]"",""[\""synthetic\"",\""synthetic_31012\"",\""isotropic_0p8mm\""]"",""[\""synthetic\"",\""synthetic_31013\"",\""isotropic_0p8mm\""]"",""[\""synthetic\"",\""synthetic_31014\"",\""isotropic_0p8mm\""]"",""[\""synthetic\"",\""synthetic_31015\"",\""isotropic_0p8mm\""]"",""[\""synthetic\"",\""synthetic_31016\"",\""isotropic_0p8mm\""]"",""[\""synthetic\"",\""synthetic_31017\"",\""isotropic_0p8mm\""]"",""[\""synthetic\"",\""synthetic_31018\"",\""isotropic_0p8mm\""]"",""[\""synthetic\"",\""synthetic_31019\"",\""isotropic_0p8mm\""]"",""[\""synthetic\"",\""synthetic_31020\"",\""isotropic_0p8mm\""]"",""[\""synthetic\"",\""synthetic_31021\"",\""isotropic_0p8mm\""]"",""[\""synthetic\"",\""synthetic_31022\"",\""isotropic_0p8mm\""]"",""[\""synthetic\"",\""synthetic_31023\"",\""isotropic_0p8mm\""]"",""[\""synthetic\"",\""synthetic_31024\"",\""isotropic_0p8mm\""]"",""[\""synthetic\"",\""synthetic_31025\"",\""isotropic_0p8mm\""]"",""[\""synthetic\"",\""synthetic_31026\"",\""isotropic_0p8mm\""]"",""[\""synthetic\"",\""synthetic_31027\"",\""isotropic_0p8mm\""]"",""[\""synthetic\"",\""synthetic_31028\"",\""isotropic_0p8mm\""]"",""[\""synthetic\"",\""synthetic_31029\"",\""isotropic_0p8mm\""]"",""[\""synthetic\"",\""synthetic_31030\"",\""isotropic_0p8mm\""]"",""[\""synthetic\"",\""synthetic_31031\"",\""isotropic_0p8mm\""]""]",Descriptive direct ROI statistics; exact nonzero is not a clinical or material-change threshold. 
synthetic,isotropic_0p8mm,valid_control,source,population_variance,32,0,-33.01130565221399,-22.640766233252194,-18.12997907113956,-10.59221135948988,-2.144056331935815,-17.181706797268717,32,0,2.144056331935815,10.59221135948988,18.12997907113956,22.640766233252194,33.01130565221399,17.181706797268717,32,"[""[\""synthetic\"",\""synthetic_31000\"",\""isotropic_0p8mm\""]"",""[\""synthetic\"",\""synthetic_31001\"",\""isotropic_0p8mm\""]"",""[\""synthetic\"",\""synthetic_31002\"",\""isotropic_0p8mm\""]"",""[\""synthetic\"",\""synthetic_31003\"",\""isotropic_0p8mm\""]"",""[\""synthetic\"",\""synthetic_31004\"",\""isotropic_0p8mm\""]"",""[\""synthetic\"",\""synthetic_31005\"",\""isotropic_0p8mm\""]"",""[\""synthetic\"",\""synthetic_31006\"",\""isotropic_0p8mm\""]"",""[\""synthetic\"",\""synthetic_31007\"",\""isotropic_0p8mm\""]"",""[\""synthetic\"",\""synthetic_31008\"",\""isotropic_0p8mm\""]"",""[\""synthetic\"",\""synthetic_31009\"",\""isotropic_0p8mm\""]"",""[\""synthetic\"",\""synthetic_31010\"",\""isotropic_0p8mm\""]"",""[\""synthetic\"",\""synthetic_31011\"",\""isotropic_0p8mm\""]"",""[\""synthetic\"",\""synthetic_31012\"",\""isotropic_0p8mm\""]"",""[\""synthetic\"",\""synthetic_31013\"",\""isotropic_0p8mm\""]"",""[\""synthetic\"",\""synthetic_31014\"",\""isotropic_0p8mm\""]"",""[\""synthetic\"",\""synthetic_31015\"",\""isotropic_0p8mm\""]"",""[\""synthetic\"",\""synthetic_31016\"",\""isotropic_0p8mm\""]"",""[\""synthetic\"",\""synthetic_31017\"",\""isotropic_0p8mm\""]"",""[\""synthetic\"",\""synthetic_31018\"",\""isotropic_0p8mm\""]"",""[\""synthetic\"",\""synthetic_31019\"",\""isotropic_0p8mm\""]"",""[\""synthetic\"",\""synthetic_31020\"",\""isotropic_0p8mm\""]"",""[\""synthetic\"",\""synthetic_31021\"",\""isotropic_0p8mm\""]"",""[\""synthetic\"",\""synthetic_31022\"",\""isotropic_0p8mm\""]"",""[\""synthetic\"",\""synthetic_31023\"",\""isotropic_0p8mm\""]"",""[\""synthetic\"",\""synthetic_31024\"",\""isotropic_0p8mm\""]"",""[\""synthetic\"",\""synthetic_31025\"",\""isotropic_0p8mm\""]"",""[\""synthetic\"",\""synthetic_31026\"",\""isotropic_0p8mm\""]"",""[\""synthetic\"",\""synthetic_31027\"",\""isotropic_0p8mm\""]"",""[\""synthetic\"",\""synthetic_31028\"",\""isotropic_0p8mm\""]"",""[\""synthetic\"",\""synthetic_31029\"",\""isotropic_0p8mm\""]"",""[\""synthetic\"",\""synthetic_31030\"",\""isotropic_0p8mm\""]"",""[\""synthetic\"",\""synthetic_31031\"",\""isotropic_0p8mm\""]""]",Descriptive direct ROI statistics; exact nonzero is not a clinical or material-change threshold. 
synthetic,isotropic_0p8mm,valid_control,correct_operation,roi_voxels,32,0,0,0.0,0.0,0.0,0,0.0,32,0,0,0.0,0.0,0.0,0,0.0,0,"[""[\""synthetic\"",\""synthetic_31000\"",\""isotropic_0p8mm\""]"",""[\""synthetic\"",\""synthetic_31001\"",\""isotropic_0p8mm\""]"",""[\""synthetic\"",\""synthetic_31002\"",\""isotropic_0p8mm\""]"",""[\""synthetic\"",\""synthetic_31003\"",\""isotropic_0p8mm\""]"",""[\""synthetic\"",\""synthetic_31004\"",\""isotropic_0p8mm\""]"",""[\""synthetic\"",\""synthetic_31005\"",\""isotropic_0p8mm\""]"",""[\""synthetic\"",\""synthetic_31006\"",\""isotropic_0p8mm\""]"",""[\""synthetic\"",\""synthetic_31007\"",\""isotropic_0p8mm\""]"",""[\""synthetic\"",\""synthetic_31008\"",\""isotropic_0p8mm\""]"",""[\""synthetic\"",\""synthetic_31009\"",\""isotropic_0p8mm\""]"",""[\""synthetic\"",\""synthetic_31010\"",\""isotropic_0p8mm\""]"",""[\""synthetic\"",\""synthetic_31011\"",\""isotropic_0p8mm\""]"",""[\""synthetic\"",\""synthetic_31012\"",\""isotropic_0p8mm\""]"",""[\""synthetic\"",\""synthetic_31013\"",\""isotropic_0p8mm\""]"",""[\""synthetic\"",\""synthetic_31014\"",\""isotropic_0p8mm\""]"",""[\""synthetic\"",\""synthetic_31015\"",\""isotropic_0p8mm\""]"",""[\""synthetic\"",\""synthetic_31016\"",\""isotropic_0p8mm\""]"",""[\""synthetic\"",\""synthetic_31017\"",\""isotropic_0p8mm\""]"",""[\""synthetic\"",\""synthetic_31018\"",\""isotropic_0p8mm\""]"",""[\""synthetic\"",\""synthetic_31019\"",\""isotropic_0p8mm\""]"",""[\""synthetic\"",\""synthetic_31020\"",\""isotropic_0p8mm\""]"",""[\""synthetic\"",\""synthetic_31021\"",\""isotropic_0p8mm\""]"",""[\""synthetic\"",\""synthetic_31022\"",\""isotropic_0p8mm\""]"",""[\""synthetic\"",\""synthetic_31023\"",\""isotropic_0p8mm\""]"",""[\""synthetic\"",\""synthetic_31024\"",\""isotropic_0p8mm\""]"",""[\""synthetic\"",\""synthetic_31025\"",\""isotropic_0p8mm\""]"",""[\""synthetic\"",\""synthetic_31026\"",\""isotropic_0p8mm\""]"",""[\""synthetic\"",\""synthetic_31027\"",\""isotropic_0p8mm\""]"",""[\""synthetic\"",\""synthetic_31028\"",\""isotropic_0p8mm\""]"",""[\""synthetic\"",\""synthetic_31029\"",\""isotropic_0p8mm\""]"",""[\""synthetic\"",\""synthetic_31030\"",\""isotropic_0p8mm\""]"",""[\""synthetic\"",\""synthetic_31031\"",\""isotropic_0p8mm\""]""]",Descriptive direct ROI statistics; exact nonzero is not a clinical or material-change threshold. Controls use their own observed output as correct_operation: their zero here is by construction.
synthetic,isotropic_0p8mm,valid_control,correct_operation,occupied_volume_mm3,32,0,0.0,0.0,0.0,0.0,0.0,0.0,32,0,0.0,0.0,0.0,0.0,0.0,0.0,0,"[""[\""synthetic\"",\""synthetic_31000\"",\""isotropic_0p8mm\""]"",""[\""synthetic\"",\""synthetic_31001\"",\""isotropic_0p8mm\""]"",""[\""synthetic\"",\""synthetic_31002\"",\""isotropic_0p8mm\""]"",""[\""synthetic\"",\""synthetic_31003\"",\""isotropic_0p8mm\""]"",""[\""synthetic\"",\""synthetic_31004\"",\""isotropic_0p8mm\""]"",""[\""synthetic\"",\""synthetic_31005\"",\""isotropic_0p8mm\""]"",""[\""synthetic\"",\""synthetic_31006\"",\""isotropic_0p8mm\""]"",""[\""synthetic\"",\""synthetic_31007\"",\""isotropic_0p8mm\""]"",""[\""synthetic\"",\""synthetic_31008\"",\""isotropic_0p8mm\""]"",""[\""synthetic\"",\""synthetic_31009\"",\""isotropic_0p8mm\""]"",""[\""synthetic\"",\""synthetic_31010\"",\""isotropic_0p8mm\""]"",""[\""synthetic\"",\""synthetic_31011\"",\""isotropic_0p8mm\""]"",""[\""synthetic\"",\""synthetic_31012\"",\""isotropic_0p8mm\""]"",""[\""synthetic\"",\""synthetic_31013\"",\""isotropic_0p8mm\""]"",""[\""synthetic\"",\""synthetic_31014\"",\""isotropic_0p8mm\""]"",""[\""synthetic\"",\""synthetic_31015\"",\""isotropic_0p8mm\""]"",""[\""synthetic\"",\""synthetic_31016\"",\""isotropic_0p8mm\""]"",""[\""synthetic\"",\""synthetic_31017\"",\""isotropic_0p8mm\""]"",""[\""synthetic\"",\""synthetic_31018\"",\""isotropic_0p8mm\""]"",""[\""synthetic\"",\""synthetic_31019\"",\""isotropic_0p8mm\""]"",""[\""synthetic\"",\""synthetic_31020\"",\""isotropic_0p8mm\""]"",""[\""synthetic\"",\""synthetic_31021\"",\""isotropic_0p8mm\""]"",""[\""synthetic\"",\""synthetic_31022\"",\""isotropic_0p8mm\""]"",""[\""synthetic\"",\""synthetic_31023\"",\""isotropic_0p8mm\""]"",""[\""synthetic\"",\""synthetic_31024\"",\""isotropic_0p8mm\""]"",""[\""synthetic\"",\""synthetic_31025\"",\""isotropic_0p8mm\""]"",""[\""synthetic\"",\""synthetic_31026\"",\""isotropic_0p8mm\""]"",""[\""synthetic\"",\""synthetic_31027\"",\""isotropic_0p8mm\""]"",""[\""synthetic\"",\""synthetic_31028\"",\""isotropic_0p8mm\""]"",""[\""synthetic\"",\""synthetic_31029\"",\""isotropic_0p8mm\""]"",""[\""synthetic\"",\""synthetic_31030\"",\""isotropic_0p8mm\""]"",""[\""synthetic\"",\""synthetic_31031\"",\""isotropic_0p8mm\""]""]",Descriptive direct ROI statistics; exact nonzero is not a clinical or material-change threshold. Controls use their own observed output as correct_operation: their zero here is by construction.
synthetic,isotropic_0p8mm,valid_control,correct_operation,mean,32,0,0.0,0.0,0.0,0.0,0.0,0.0,32,0,0.0,0.0,0.0,0.0,0.0,0.0,0,"[""[\""synthetic\"",\""synthetic_31000\"",\""isotropic_0p8mm\""]"",""[\""synthetic\"",\""synthetic_31001\"",\""isotropic_0p8mm\""]"",""[\""synthetic\"",\""synthetic_31002\"",\""isotropic_0p8mm\""]"",""[\""synthetic\"",\""synthetic_31003\"",\""isotropic_0p8mm\""]"",""[\""synthetic\"",\""synthetic_31004\"",\""isotropic_0p8mm\""]"",""[\""synthetic\"",\""synthetic_31005\"",\""isotropic_0p8mm\""]"",""[\""synthetic\"",\""synthetic_31006\"",\""isotropic_0p8mm\""]"",""[\""synthetic\"",\""synthetic_31007\"",\""isotropic_0p8mm\""]"",""[\""synthetic\"",\""synthetic_31008\"",\""isotropic_0p8mm\""]"",""[\""synthetic\"",\""synthetic_31009\"",\""isotropic_0p8mm\""]"",""[\""synthetic\"",\""synthetic_31010\"",\""isotropic_0p8mm\""]"",""[\""synthetic\"",\""synthetic_31011\"",\""isotropic_0p8mm\""]"",""[\""synthetic\"",\""synthetic_31012\"",\""isotropic_0p8mm\""]"",""[\""synthetic\"",\""synthetic_31013\"",\""isotropic_0p8mm\""]"",""[\""synthetic\"",\""synthetic_31014\"",\""isotropic_0p8mm\""]"",""[\""synthetic\"",\""synthetic_31015\"",\""isotropic_0p8mm\""]"",""[\""synthetic\"",\""synthetic_31016\"",\""isotropic_0p8mm\""]"",""[\""synthetic\"",\""synthetic_31017\"",\""isotropic_0p8mm\""]"",""[\""synthetic\"",\""synthetic_31018\"",\""isotropic_0p8mm\""]"",""[\""synthetic\"",\""synthetic_31019\"",\""isotropic_0p8mm\""]"",""[\""synthetic\"",\""synthetic_31020\"",\""isotropic_0p8mm\""]"",""[\""synthetic\"",\""synthetic_31021\"",\""isotropic_0p8mm\""]"",""[\""synthetic\"",\""synthetic_31022\"",\""isotropic_0p8mm\""]"",""[\""synthetic\"",\""synthetic_31023\"",\""isotropic_0p8mm\""]"",""[\""synthetic\"",\""synthetic_31024\"",\""isotropic_0p8mm\""]"",""[\""synthetic\"",\""synthetic_31025\"",\""isotropic_0p8mm\""]"",""[\""synthetic\"",\""synthetic_31026\"",\""isotropic_0p8mm\""]"",""[\""synthetic\"",\""synthetic_31027\"",\""isotropic_0p8mm\""]"",""[\""synthetic\"",\""synthetic_31028\"",\""isotropic_0p8mm\""]"",""[\""synthetic\"",\""synthetic_31029\"",\""isotropic_0p8mm\""]"",""[\""synthetic\"",\""synthetic_31030\"",\""isotropic_0p8mm\""]"",""[\""synthetic\"",\""synthetic_31031\"",\""isotropic_0p8mm\""]""]",Descriptive direct ROI statistics; exact nonzero is not a clinical or material-change threshold. Controls use their own observed output as correct_operation: their zero here is by construction.
synthetic,isotropic_0p8mm,valid_control,correct_operation,population_variance,32,0,0.0,0.0,0.0,0.0,0.0,0.0,32,0,0.0,0.0,0.0,0.0,0.0,0.0,0,"[""[\""synthetic\"",\""synthetic_31000\"",\""isotropic_0p8mm\""]"",""[\""synthetic\"",\""synthetic_31001\"",\""isotropic_0p8mm\""]"",""[\""synthetic\"",\""synthetic_31002\"",\""isotropic_0p8mm\""]"",""[\""synthetic\"",\""synthetic_31003\"",\""isotropic_0p8mm\""]"",""[\""synthetic\"",\""synthetic_31004\"",\""isotropic_0p8mm\""]"",""[\""synthetic\"",\""synthetic_31005\"",\""isotropic_0p8mm\""]"",""[\""synthetic\"",\""synthetic_31006\"",\""isotropic_0p8mm\""]"",""[\""synthetic\"",\""synthetic_31007\"",\""isotropic_0p8mm\""]"",""[\""synthetic\"",\""synthetic_31008\"",\""isotropic_0p8mm\""]"",""[\""synthetic\"",\""synthetic_31009\"",\""isotropic_0p8mm\""]"",""[\""synthetic\"",\""synthetic_31010\"",\""isotropic_0p8mm\""]"",""[\""synthetic\"",\""synthetic_31011\"",\""isotropic_0p8mm\""]"",""[\""synthetic\"",\""synthetic_31012\"",\""isotropic_0p8mm\""]"",""[\""synthetic\"",\""synthetic_31013\"",\""isotropic_0p8mm\""]"",""[\""synthetic\"",\""synthetic_31014\"",\""isotropic_0p8mm\""]"",""[\""synthetic\"",\""synthetic_31015\"",\""isotropic_0p8mm\""]"",""[\""synthetic\"",\""synthetic_31016\"",\""isotropic_0p8mm\""]"",""[\""synthetic\"",\""synthetic_31017\"",\""isotropic_0p8mm\""]"",""[\""synthetic\"",\""synthetic_31018\"",\""isotropic_0p8mm\""]"",""[\""synthetic\"",\""synthetic_31019\"",\""isotropic_0p8mm\""]"",""[\""synthetic\"",\""synthetic_31020\"",\""isotropic_0p8mm\""]"",""[\""synthetic\"",\""synthetic_31021\"",\""isotropic_0p8mm\""]"",""[\""synthetic\"",\""synthetic_31022\"",\""isotropic_0p8mm\""]"",""[\""synthetic\"",\""synthetic_31023\"",\""isotropic_0p8mm\""]"",""[\""synthetic\"",\""synthetic_31024\"",\""isotropic_0p8mm\""]"",""[\""synthetic\"",\""synthetic_31025\"",\""isotropic_0p8mm\""]"",""[\""synthetic\"",\""synthetic_31026\"",\""isotropic_0p8mm\""]"",""[\""synthetic\"",\""synthetic_31027\"",\""isotropic_0p8mm\""]"",""[\""synthetic\"",\""synthetic_31028\"",\""isotropic_0p8mm\""]"",""[\""synthetic\"",\""synthetic_31029\"",\""isotropic_0p8mm\""]"",""[\""synthetic\"",\""synthetic_31030\"",\""isotropic_0p8mm\""]"",""[\""synthetic\"",\""synthetic_31031\"",\""isotropic_0p8mm\""]""]",Descriptive direct ROI statistics; exact nonzero is not a clinical or material-change threshold. Controls use their own observed output as correct_operation: their zero here is by construction.
synthetic,isotropic_1mm,valid_control,source,roi_voxels,32,0,1287,3177.0,4426.5,5753.75,9775,4544.15625,32,0,1287,3177.0,4426.5,5753.75,9775,4544.15625,32,"[""[\""synthetic\"",\""synthetic_31000\"",\""isotropic_1mm\""]"",""[\""synthetic\"",\""synthetic_31001\"",\""isotropic_1mm\""]"",""[\""synthetic\"",\""synthetic_31002\"",\""isotropic_1mm\""]"",""[\""synthetic\"",\""synthetic_31003\"",\""isotropic_1mm\""]"",""[\""synthetic\"",\""synthetic_31004\"",\""isotropic_1mm\""]"",""[\""synthetic\"",\""synthetic_31005\"",\""isotropic_1mm\""]"",""[\""synthetic\"",\""synthetic_31006\"",\""isotropic_1mm\""]"",""[\""synthetic\"",\""synthetic_31007\"",\""isotropic_1mm\""]"",""[\""synthetic\"",\""synthetic_31008\"",\""isotropic_1mm\""]"",""[\""synthetic\"",\""synthetic_31009\"",\""isotropic_1mm\""]"",""[\""synthetic\"",\""synthetic_31010\"",\""isotropic_1mm\""]"",""[\""synthetic\"",\""synthetic_31011\"",\""isotropic_1mm\""]"",""[\""synthetic\"",\""synthetic_31012\"",\""isotropic_1mm\""]"",""[\""synthetic\"",\""synthetic_31013\"",\""isotropic_1mm\""]"",""[\""synthetic\"",\""synthetic_31014\"",\""isotropic_1mm\""]"",""[\""synthetic\"",\""synthetic_31015\"",\""isotropic_1mm\""]"",""[\""synthetic\"",\""synthetic_31016\"",\""isotropic_1mm\""]"",""[\""synthetic\"",\""synthetic_31017\"",\""isotropic_1mm\""]"",""[\""synthetic\"",\""synthetic_31018\"",\""isotropic_1mm\""]"",""[\""synthetic\"",\""synthetic_31019\"",\""isotropic_1mm\""]"",""[\""synthetic\"",\""synthetic_31020\"",\""isotropic_1mm\""]"",""[\""synthetic\"",\""synthetic_31021\"",\""isotropic_1mm\""]"",""[\""synthetic\"",\""synthetic_31022\"",\""isotropic_1mm\""]"",""[\""synthetic\"",\""synthetic_31023\"",\""isotropic_1mm\""]"",""[\""synthetic\"",\""synthetic_31024\"",\""isotropic_1mm\""]"",""[\""synthetic\"",\""synthetic_31025\"",\""isotropic_1mm\""]"",""[\""synthetic\"",\""synthetic_31026\"",\""isotropic_1mm\""]"",""[\""synthetic\"",\""synthetic_31027\"",\""isotropic_1mm\""]"",""[\""synthetic\"",\""synthetic_31028\"",\""isotropic_1mm\""]"",""[\""synthetic\"",\""synthetic_31029\"",\""isotropic_1mm\""]"",""[\""synthetic\"",\""synthetic_31030\"",\""isotropic_1mm\""]"",""[\""synthetic\"",\""synthetic_31031\"",\""isotropic_1mm\""]""]",Descriptive direct ROI statistics; exact nonzero is not a clinical or material-change threshold. 
synthetic,isotropic_1mm,valid_control,source,occupied_volume_mm3,32,0,-507.9859191099904,-62.79491564133605,2.130408403137153,38.06210220342837,195.1322171681004,-37.78374625484172,32,0,2.514370498648532,24.268710341565566,53.09494526356275,98.49429148663762,507.9859191099904,93.88295609111744,32,"[""[\""synthetic\"",\""synthetic_31000\"",\""isotropic_1mm\""]"",""[\""synthetic\"",\""synthetic_31001\"",\""isotropic_1mm\""]"",""[\""synthetic\"",\""synthetic_31002\"",\""isotropic_1mm\""]"",""[\""synthetic\"",\""synthetic_31003\"",\""isotropic_1mm\""]"",""[\""synthetic\"",\""synthetic_31004\"",\""isotropic_1mm\""]"",""[\""synthetic\"",\""synthetic_31005\"",\""isotropic_1mm\""]"",""[\""synthetic\"",\""synthetic_31006\"",\""isotropic_1mm\""]"",""[\""synthetic\"",\""synthetic_31007\"",\""isotropic_1mm\""]"",""[\""synthetic\"",\""synthetic_31008\"",\""isotropic_1mm\""]"",""[\""synthetic\"",\""synthetic_31009\"",\""isotropic_1mm\""]"",""[\""synthetic\"",\""synthetic_31010\"",\""isotropic_1mm\""]"",""[\""synthetic\"",\""synthetic_31011\"",\""isotropic_1mm\""]"",""[\""synthetic\"",\""synthetic_31012\"",\""isotropic_1mm\""]"",""[\""synthetic\"",\""synthetic_31013\"",\""isotropic_1mm\""]"",""[\""synthetic\"",\""synthetic_31014\"",\""isotropic_1mm\""]"",""[\""synthetic\"",\""synthetic_31015\"",\""isotropic_1mm\""]"",""[\""synthetic\"",\""synthetic_31016\"",\""isotropic_1mm\""]"",""[\""synthetic\"",\""synthetic_31017\"",\""isotropic_1mm\""]"",""[\""synthetic\"",\""synthetic_31018\"",\""isotropic_1mm\""]"",""[\""synthetic\"",\""synthetic_31019\"",\""isotropic_1mm\""]"",""[\""synthetic\"",\""synthetic_31020\"",\""isotropic_1mm\""]"",""[\""synthetic\"",\""synthetic_31021\"",\""isotropic_1mm\""]"",""[\""synthetic\"",\""synthetic_31022\"",\""isotropic_1mm\""]"",""[\""synthetic\"",\""synthetic_31023\"",\""isotropic_1mm\""]"",""[\""synthetic\"",\""synthetic_31024\"",\""isotropic_1mm\""]"",""[\""synthetic\"",\""synthetic_31025\"",\""isotropic_1mm\""]"",""[\""synthetic\"",\""synthetic_31026\"",\""isotropic_1mm\""]"",""[\""synthetic\"",\""synthetic_31027\"",\""isotropic_1mm\""]"",""[\""synthetic\"",\""synthetic_31028\"",\""isotropic_1mm\""]"",""[\""synthetic\"",\""synthetic_31029\"",\""isotropic_1mm\""]"",""[\""synthetic\"",\""synthetic_31030\"",\""isotropic_1mm\""]"",""[\""synthetic\"",\""synthetic_31031\"",\""isotropic_1mm\""]""]",Descriptive direct ROI statistics; exact nonzero is not a clinical or material-change threshold. 
synthetic,isotropic_1mm,valid_control,source,mean,32,0,-0.8001221725872028,-0.2968662893247263,-0.10874002650793846,0.1129019619778438,0.7833583923940581,-0.07234727766591703,32,0,0.006780755453564824,0.10957714551960474,0.22625892998431307,0.3814353544126835,0.8001221725872028,0.265194525858905,32,"[""[\""synthetic\"",\""synthetic_31000\"",\""isotropic_1mm\""]"",""[\""synthetic\"",\""synthetic_31001\"",\""isotropic_1mm\""]"",""[\""synthetic\"",\""synthetic_31002\"",\""isotropic_1mm\""]"",""[\""synthetic\"",\""synthetic_31003\"",\""isotropic_1mm\""]"",""[\""synthetic\"",\""synthetic_31004\"",\""isotropic_1mm\""]"",""[\""synthetic\"",\""synthetic_31005\"",\""isotropic_1mm\""]"",""[\""synthetic\"",\""synthetic_31006\"",\""isotropic_1mm\""]"",""[\""synthetic\"",\""synthetic_31007\"",\""isotropic_1mm\""]"",""[\""synthetic\"",\""synthetic_31008\"",\""isotropic_1mm\""]"",""[\""synthetic\"",\""synthetic_31009\"",\""isotropic_1mm\""]"",""[\""synthetic\"",\""synthetic_31010\"",\""isotropic_1mm\""]"",""[\""synthetic\"",\""synthetic_31011\"",\""isotropic_1mm\""]"",""[\""synthetic\"",\""synthetic_31012\"",\""isotropic_1mm\""]"",""[\""synthetic\"",\""synthetic_31013\"",\""isotropic_1mm\""]"",""[\""synthetic\"",\""synthetic_31014\"",\""isotropic_1mm\""]"",""[\""synthetic\"",\""synthetic_31015\"",\""isotropic_1mm\""]"",""[\""synthetic\"",\""synthetic_31016\"",\""isotropic_1mm\""]"",""[\""synthetic\"",\""synthetic_31017\"",\""isotropic_1mm\""]"",""[\""synthetic\"",\""synthetic_31018\"",\""isotropic_1mm\""]"",""[\""synthetic\"",\""synthetic_31019\"",\""isotropic_1mm\""]"",""[\""synthetic\"",\""synthetic_31020\"",\""isotropic_1mm\""]"",""[\""synthetic\"",\""synthetic_31021\"",\""isotropic_1mm\""]"",""[\""synthetic\"",\""synthetic_31022\"",\""isotropic_1mm\""]"",""[\""synthetic\"",\""synthetic_31023\"",\""isotropic_1mm\""]"",""[\""synthetic\"",\""synthetic_31024\"",\""isotropic_1mm\""]"",""[\""synthetic\"",\""synthetic_31025\"",\""isotropic_1mm\""]"",""[\""synthetic\"",\""synthetic_31026\"",\""isotropic_1mm\""]"",""[\""synthetic\"",\""synthetic_31027\"",\""isotropic_1mm\""]"",""[\""synthetic\"",\""synthetic_31028\"",\""isotropic_1mm\""]"",""[\""synthetic\"",\""synthetic_31029\"",\""isotropic_1mm\""]"",""[\""synthetic\"",\""synthetic_31030\"",\""isotropic_1mm\""]"",""[\""synthetic\"",\""synthetic_31031\"",\""isotropic_1mm\""]""]",Descriptive direct ROI statistics; exact nonzero is not a clinical or material-change threshold. 
synthetic,isotropic_1mm,valid_control,source,population_variance,32,0,-35.44275059157343,-21.83828365233319,-18.391170052064155,-9.646319313588108,1.810098670718105,-16.79023761747874,32,0,0.20560154868240943,9.646319313588108,18.391170052064155,21.83828365233319,35.44275059157343,16.916218881191273,32,"[""[\""synthetic\"",\""synthetic_31000\"",\""isotropic_1mm\""]"",""[\""synthetic\"",\""synthetic_31001\"",\""isotropic_1mm\""]"",""[\""synthetic\"",\""synthetic_31002\"",\""isotropic_1mm\""]"",""[\""synthetic\"",\""synthetic_31003\"",\""isotropic_1mm\""]"",""[\""synthetic\"",\""synthetic_31004\"",\""isotropic_1mm\""]"",""[\""synthetic\"",\""synthetic_31005\"",\""isotropic_1mm\""]"",""[\""synthetic\"",\""synthetic_31006\"",\""isotropic_1mm\""]"",""[\""synthetic\"",\""synthetic_31007\"",\""isotropic_1mm\""]"",""[\""synthetic\"",\""synthetic_31008\"",\""isotropic_1mm\""]"",""[\""synthetic\"",\""synthetic_31009\"",\""isotropic_1mm\""]"",""[\""synthetic\"",\""synthetic_31010\"",\""isotropic_1mm\""]"",""[\""synthetic\"",\""synthetic_31011\"",\""isotropic_1mm\""]"",""[\""synthetic\"",\""synthetic_31012\"",\""isotropic_1mm\""]"",""[\""synthetic\"",\""synthetic_31013\"",\""isotropic_1mm\""]"",""[\""synthetic\"",\""synthetic_31014\"",\""isotropic_1mm\""]"",""[\""synthetic\"",\""synthetic_31015\"",\""isotropic_1mm\""]"",""[\""synthetic\"",\""synthetic_31016\"",\""isotropic_1mm\""]"",""[\""synthetic\"",\""synthetic_31017\"",\""isotropic_1mm\""]"",""[\""synthetic\"",\""synthetic_31018\"",\""isotropic_1mm\""]"",""[\""synthetic\"",\""synthetic_31019\"",\""isotropic_1mm\""]"",""[\""synthetic\"",\""synthetic_31020\"",\""isotropic_1mm\""]"",""[\""synthetic\"",\""synthetic_31021\"",\""isotropic_1mm\""]"",""[\""synthetic\"",\""synthetic_31022\"",\""isotropic_1mm\""]"",""[\""synthetic\"",\""synthetic_31023\"",\""isotropic_1mm\""]"",""[\""synthetic\"",\""synthetic_31024\"",\""isotropic_1mm\""]"",""[\""synthetic\"",\""synthetic_31025\"",\""isotropic_1mm\""]"",""[\""synthetic\"",\""synthetic_31026\"",\""isotropic_1mm\""]"",""[\""synthetic\"",\""synthetic_31027\"",\""isotropic_1mm\""]"",""[\""synthetic\"",\""synthetic_31028\"",\""isotropic_1mm\""]"",""[\""synthetic\"",\""synthetic_31029\"",\""isotropic_1mm\""]"",""[\""synthetic\"",\""synthetic_31030\"",\""isotropic_1mm\""]"",""[\""synthetic\"",\""synthetic_31031\"",\""isotropic_1mm\""]""]",Descriptive direct ROI statistics; exact nonzero is not a clinical or material-change threshold. 
synthetic,isotropic_1mm,valid_control,correct_operation,roi_voxels,32,0,0,0.0,0.0,0.0,0,0.0,32,0,0,0.0,0.0,0.0,0,0.0,0,"[""[\""synthetic\"",\""synthetic_31000\"",\""isotropic_1mm\""]"",""[\""synthetic\"",\""synthetic_31001\"",\""isotropic_1mm\""]"",""[\""synthetic\"",\""synthetic_31002\"",\""isotropic_1mm\""]"",""[\""synthetic\"",\""synthetic_31003\"",\""isotropic_1mm\""]"",""[\""synthetic\"",\""synthetic_31004\"",\""isotropic_1mm\""]"",""[\""synthetic\"",\""synthetic_31005\"",\""isotropic_1mm\""]"",""[\""synthetic\"",\""synthetic_31006\"",\""isotropic_1mm\""]"",""[\""synthetic\"",\""synthetic_31007\"",\""isotropic_1mm\""]"",""[\""synthetic\"",\""synthetic_31008\"",\""isotropic_1mm\""]"",""[\""synthetic\"",\""synthetic_31009\"",\""isotropic_1mm\""]"",""[\""synthetic\"",\""synthetic_31010\"",\""isotropic_1mm\""]"",""[\""synthetic\"",\""synthetic_31011\"",\""isotropic_1mm\""]"",""[\""synthetic\"",\""synthetic_31012\"",\""isotropic_1mm\""]"",""[\""synthetic\"",\""synthetic_31013\"",\""isotropic_1mm\""]"",""[\""synthetic\"",\""synthetic_31014\"",\""isotropic_1mm\""]"",""[\""synthetic\"",\""synthetic_31015\"",\""isotropic_1mm\""]"",""[\""synthetic\"",\""synthetic_31016\"",\""isotropic_1mm\""]"",""[\""synthetic\"",\""synthetic_31017\"",\""isotropic_1mm\""]"",""[\""synthetic\"",\""synthetic_31018\"",\""isotropic_1mm\""]"",""[\""synthetic\"",\""synthetic_31019\"",\""isotropic_1mm\""]"",""[\""synthetic\"",\""synthetic_31020\"",\""isotropic_1mm\""]"",""[\""synthetic\"",\""synthetic_31021\"",\""isotropic_1mm\""]"",""[\""synthetic\"",\""synthetic_31022\"",\""isotropic_1mm\""]"",""[\""synthetic\"",\""synthetic_31023\"",\""isotropic_1mm\""]"",""[\""synthetic\"",\""synthetic_31024\"",\""isotropic_1mm\""]"",""[\""synthetic\"",\""synthetic_31025\"",\""isotropic_1mm\""]"",""[\""synthetic\"",\""synthetic_31026\"",\""isotropic_1mm\""]"",""[\""synthetic\"",\""synthetic_31027\"",\""isotropic_1mm\""]"",""[\""synthetic\"",\""synthetic_31028\"",\""isotropic_1mm\""]"",""[\""synthetic\"",\""synthetic_31029\"",\""isotropic_1mm\""]"",""[\""synthetic\"",\""synthetic_31030\"",\""isotropic_1mm\""]"",""[\""synthetic\"",\""synthetic_31031\"",\""isotropic_1mm\""]""]",Descriptive direct ROI statistics; exact nonzero is not a clinical or material-change threshold. Controls use their own observed output as correct_operation: their zero here is by construction.
synthetic,isotropic_1mm,valid_control,correct_operation,occupied_volume_mm3,32,0,0.0,0.0,0.0,0.0,0.0,0.0,32,0,0.0,0.0,0.0,0.0,0.0,0.0,0,"[""[\""synthetic\"",\""synthetic_31000\"",\""isotropic_1mm\""]"",""[\""synthetic\"",\""synthetic_31001\"",\""isotropic_1mm\""]"",""[\""synthetic\"",\""synthetic_31002\"",\""isotropic_1mm\""]"",""[\""synthetic\"",\""synthetic_31003\"",\""isotropic_1mm\""]"",""[\""synthetic\"",\""synthetic_31004\"",\""isotropic_1mm\""]"",""[\""synthetic\"",\""synthetic_31005\"",\""isotropic_1mm\""]"",""[\""synthetic\"",\""synthetic_31006\"",\""isotropic_1mm\""]"",""[\""synthetic\"",\""synthetic_31007\"",\""isotropic_1mm\""]"",""[\""synthetic\"",\""synthetic_31008\"",\""isotropic_1mm\""]"",""[\""synthetic\"",\""synthetic_31009\"",\""isotropic_1mm\""]"",""[\""synthetic\"",\""synthetic_31010\"",\""isotropic_1mm\""]"",""[\""synthetic\"",\""synthetic_31011\"",\""isotropic_1mm\""]"",""[\""synthetic\"",\""synthetic_31012\"",\""isotropic_1mm\""]"",""[\""synthetic\"",\""synthetic_31013\"",\""isotropic_1mm\""]"",""[\""synthetic\"",\""synthetic_31014\"",\""isotropic_1mm\""]"",""[\""synthetic\"",\""synthetic_31015\"",\""isotropic_1mm\""]"",""[\""synthetic\"",\""synthetic_31016\"",\""isotropic_1mm\""]"",""[\""synthetic\"",\""synthetic_31017\"",\""isotropic_1mm\""]"",""[\""synthetic\"",\""synthetic_31018\"",\""isotropic_1mm\""]"",""[\""synthetic\"",\""synthetic_31019\"",\""isotropic_1mm\""]"",""[\""synthetic\"",\""synthetic_31020\"",\""isotropic_1mm\""]"",""[\""synthetic\"",\""synthetic_31021\"",\""isotropic_1mm\""]"",""[\""synthetic\"",\""synthetic_31022\"",\""isotropic_1mm\""]"",""[\""synthetic\"",\""synthetic_31023\"",\""isotropic_1mm\""]"",""[\""synthetic\"",\""synthetic_31024\"",\""isotropic_1mm\""]"",""[\""synthetic\"",\""synthetic_31025\"",\""isotropic_1mm\""]"",""[\""synthetic\"",\""synthetic_31026\"",\""isotropic_1mm\""]"",""[\""synthetic\"",\""synthetic_31027\"",\""isotropic_1mm\""]"",""[\""synthetic\"",\""synthetic_31028\"",\""isotropic_1mm\""]"",""[\""synthetic\"",\""synthetic_31029\"",\""isotropic_1mm\""]"",""[\""synthetic\"",\""synthetic_31030\"",\""isotropic_1mm\""]"",""[\""synthetic\"",\""synthetic_31031\"",\""isotropic_1mm\""]""]",Descriptive direct ROI statistics; exact nonzero is not a clinical or material-change threshold. Controls use their own observed output as correct_operation: their zero here is by construction.
synthetic,isotropic_1mm,valid_control,correct_operation,mean,32,0,0.0,0.0,0.0,0.0,0.0,0.0,32,0,0.0,0.0,0.0,0.0,0.0,0.0,0,"[""[\""synthetic\"",\""synthetic_31000\"",\""isotropic_1mm\""]"",""[\""synthetic\"",\""synthetic_31001\"",\""isotropic_1mm\""]"",""[\""synthetic\"",\""synthetic_31002\"",\""isotropic_1mm\""]"",""[\""synthetic\"",\""synthetic_31003\"",\""isotropic_1mm\""]"",""[\""synthetic\"",\""synthetic_31004\"",\""isotropic_1mm\""]"",""[\""synthetic\"",\""synthetic_31005\"",\""isotropic_1mm\""]"",""[\""synthetic\"",\""synthetic_31006\"",\""isotropic_1mm\""]"",""[\""synthetic\"",\""synthetic_31007\"",\""isotropic_1mm\""]"",""[\""synthetic\"",\""synthetic_31008\"",\""isotropic_1mm\""]"",""[\""synthetic\"",\""synthetic_31009\"",\""isotropic_1mm\""]"",""[\""synthetic\"",\""synthetic_31010\"",\""isotropic_1mm\""]"",""[\""synthetic\"",\""synthetic_31011\"",\""isotropic_1mm\""]"",""[\""synthetic\"",\""synthetic_31012\"",\""isotropic_1mm\""]"",""[\""synthetic\"",\""synthetic_31013\"",\""isotropic_1mm\""]"",""[\""synthetic\"",\""synthetic_31014\"",\""isotropic_1mm\""]"",""[\""synthetic\"",\""synthetic_31015\"",\""isotropic_1mm\""]"",""[\""synthetic\"",\""synthetic_31016\"",\""isotropic_1mm\""]"",""[\""synthetic\"",\""synthetic_31017\"",\""isotropic_1mm\""]"",""[\""synthetic\"",\""synthetic_31018\"",\""isotropic_1mm\""]"",""[\""synthetic\"",\""synthetic_31019\"",\""isotropic_1mm\""]"",""[\""synthetic\"",\""synthetic_31020\"",\""isotropic_1mm\""]"",""[\""synthetic\"",\""synthetic_31021\"",\""isotropic_1mm\""]"",""[\""synthetic\"",\""synthetic_31022\"",\""isotropic_1mm\""]"",""[\""synthetic\"",\""synthetic_31023\"",\""isotropic_1mm\""]"",""[\""synthetic\"",\""synthetic_31024\"",\""isotropic_1mm\""]"",""[\""synthetic\"",\""synthetic_31025\"",\""isotropic_1mm\""]"",""[\""synthetic\"",\""synthetic_31026\"",\""isotropic_1mm\""]"",""[\""synthetic\"",\""synthetic_31027\"",\""isotropic_1mm\""]"",""[\""synthetic\"",\""synthetic_31028\"",\""isotropic_1mm\""]"",""[\""synthetic\"",\""synthetic_31029\"",\""isotropic_1mm\""]"",""[\""synthetic\"",\""synthetic_31030\"",\""isotropic_1mm\""]"",""[\""synthetic\"",\""synthetic_31031\"",\""isotropic_1mm\""]""]",Descriptive direct ROI statistics; exact nonzero is not a clinical or material-change threshold. Controls use their own observed output as correct_operation: their zero here is by construction.
synthetic,isotropic_1mm,valid_control,correct_operation,population_variance,32,0,0.0,0.0,0.0,0.0,0.0,0.0,32,0,0.0,0.0,0.0,0.0,0.0,0.0,0,"[""[\""synthetic\"",\""synthetic_31000\"",\""isotropic_1mm\""]"",""[\""synthetic\"",\""synthetic_31001\"",\""isotropic_1mm\""]"",""[\""synthetic\"",\""synthetic_31002\"",\""isotropic_1mm\""]"",""[\""synthetic\"",\""synthetic_31003\"",\""isotropic_1mm\""]"",""[\""synthetic\"",\""synthetic_31004\"",\""isotropic_1mm\""]"",""[\""synthetic\"",\""synthetic_31005\"",\""isotropic_1mm\""]"",""[\""synthetic\"",\""synthetic_31006\"",\""isotropic_1mm\""]"",""[\""synthetic\"",\""synthetic_31007\"",\""isotropic_1mm\""]"",""[\""synthetic\"",\""synthetic_31008\"",\""isotropic_1mm\""]"",""[\""synthetic\"",\""synthetic_31009\"",\""isotropic_1mm\""]"",""[\""synthetic\"",\""synthetic_31010\"",\""isotropic_1mm\""]"",""[\""synthetic\"",\""synthetic_31011\"",\""isotropic_1mm\""]"",""[\""synthetic\"",\""synthetic_31012\"",\""isotropic_1mm\""]"",""[\""synthetic\"",\""synthetic_31013\"",\""isotropic_1mm\""]"",""[\""synthetic\"",\""synthetic_31014\"",\""isotropic_1mm\""]"",""[\""synthetic\"",\""synthetic_31015\"",\""isotropic_1mm\""]"",""[\""synthetic\"",\""synthetic_31016\"",\""isotropic_1mm\""]"",""[\""synthetic\"",\""synthetic_31017\"",\""isotropic_1mm\""]"",""[\""synthetic\"",\""synthetic_31018\"",\""isotropic_1mm\""]"",""[\""synthetic\"",\""synthetic_31019\"",\""isotropic_1mm\""]"",""[\""synthetic\"",\""synthetic_31020\"",\""isotropic_1mm\""]"",""[\""synthetic\"",\""synthetic_31021\"",\""isotropic_1mm\""]"",""[\""synthetic\"",\""synthetic_31022\"",\""isotropic_1mm\""]"",""[\""synthetic\"",\""synthetic_31023\"",\""isotropic_1mm\""]"",""[\""synthetic\"",\""synthetic_31024\"",\""isotropic_1mm\""]"",""[\""synthetic\"",\""synthetic_31025\"",\""isotropic_1mm\""]"",""[\""synthetic\"",\""synthetic_31026\"",\""isotropic_1mm\""]"",""[\""synthetic\"",\""synthetic_31027\"",\""isotropic_1mm\""]"",""[\""synthetic\"",\""synthetic_31028\"",\""isotropic_1mm\""]"",""[\""synthetic\"",\""synthetic_31029\"",\""isotropic_1mm\""]"",""[\""synthetic\"",\""synthetic_31030\"",\""isotropic_1mm\""]"",""[\""synthetic\"",\""synthetic_31031\"",\""isotropic_1mm\""]""]",Descriptive direct ROI statistics; exact nonzero is not a clinical or material-change threshold. Controls use their own observed output as correct_operation: their zero here is by construction.
synthetic,isotropic_2mm,valid_control,source,roi_voxels,32,0,-2122,-1677.25,-1407.0,-1197.25,-888,-1467.34375,32,0,888,1197.25,1407.0,1677.25,2122,1467.34375,32,"[""[\""synthetic\"",\""synthetic_31000\"",\""isotropic_2mm\""]"",""[\""synthetic\"",\""synthetic_31001\"",\""isotropic_2mm\""]"",""[\""synthetic\"",\""synthetic_31002\"",\""isotropic_2mm\""]"",""[\""synthetic\"",\""synthetic_31003\"",\""isotropic_2mm\""]"",""[\""synthetic\"",\""synthetic_31004\"",\""isotropic_2mm\""]"",""[\""synthetic\"",\""synthetic_31005\"",\""isotropic_2mm\""]"",""[\""synthetic\"",\""synthetic_31006\"",\""isotropic_2mm\""]"",""[\""synthetic\"",\""synthetic_31007\"",\""isotropic_2mm\""]"",""[\""synthetic\"",\""synthetic_31008\"",\""isotropic_2mm\""]"",""[\""synthetic\"",\""synthetic_31009\"",\""isotropic_2mm\""]"",""[\""synthetic\"",\""synthetic_31010\"",\""isotropic_2mm\""]"",""[\""synthetic\"",\""synthetic_31011\"",\""isotropic_2mm\""]"",""[\""synthetic\"",\""synthetic_31012\"",\""isotropic_2mm\""]"",""[\""synthetic\"",\""synthetic_31013\"",\""isotropic_2mm\""]"",""[\""synthetic\"",\""synthetic_31014\"",\""isotropic_2mm\""]"",""[\""synthetic\"",\""synthetic_31015\"",\""isotropic_2mm\""]"",""[\""synthetic\"",\""synthetic_31016\"",\""isotropic_2mm\""]"",""[\""synthetic\"",\""synthetic_31017\"",\""isotropic_2mm\""]"",""[\""synthetic\"",\""synthetic_31018\"",\""isotropic_2mm\""]"",""[\""synthetic\"",\""synthetic_31019\"",\""isotropic_2mm\""]"",""[\""synthetic\"",\""synthetic_31020\"",\""isotropic_2mm\""]"",""[\""synthetic\"",\""synthetic_31021\"",\""isotropic_2mm\""]"",""[\""synthetic\"",\""synthetic_31022\"",\""isotropic_2mm\""]"",""[\""synthetic\"",\""synthetic_31023\"",\""isotropic_2mm\""]"",""[\""synthetic\"",\""synthetic_31024\"",\""isotropic_2mm\""]"",""[\""synthetic\"",\""synthetic_31025\"",\""isotropic_2mm\""]"",""[\""synthetic\"",\""synthetic_31026\"",\""isotropic_2mm\""]"",""[\""synthetic\"",\""synthetic_31027\"",\""isotropic_2mm\""]"",""[\""synthetic\"",\""synthetic_31028\"",\""isotropic_2mm\""]"",""[\""synthetic\"",\""synthetic_31029\"",\""isotropic_2mm\""]"",""[\""synthetic\"",\""synthetic_31030\"",\""isotropic_2mm\""]"",""[\""synthetic\"",\""synthetic_31031\"",\""isotropic_2mm\""]""]",Descriptive direct ROI statistics; exact nonzero is not a clinical or material-change threshold. 
synthetic,isotropic_2mm,valid_control,source,occupied_volume_mm3,32,0,-434.18858222248036,-161.7680141897422,13.63214500821664,109.84947386570298,508.13221716810403,1.5600037451581983,32,0,1.9161058698509805,70.36881651659269,140.02180229708165,233.16288435392153,508.13221716810403,163.99782548374856,32,"[""[\""synthetic\"",\""synthetic_31000\"",\""isotropic_2mm\""]"",""[\""synthetic\"",\""synthetic_31001\"",\""isotropic_2mm\""]"",""[\""synthetic\"",\""synthetic_31002\"",\""isotropic_2mm\""]"",""[\""synthetic\"",\""synthetic_31003\"",\""isotropic_2mm\""]"",""[\""synthetic\"",\""synthetic_31004\"",\""isotropic_2mm\""]"",""[\""synthetic\"",\""synthetic_31005\"",\""isotropic_2mm\""]"",""[\""synthetic\"",\""synthetic_31006\"",\""isotropic_2mm\""]"",""[\""synthetic\"",\""synthetic_31007\"",\""isotropic_2mm\""]"",""[\""synthetic\"",\""synthetic_31008\"",\""isotropic_2mm\""]"",""[\""synthetic\"",\""synthetic_31009\"",\""isotropic_2mm\""]"",""[\""synthetic\"",\""synthetic_31010\"",\""isotropic_2mm\""]"",""[\""synthetic\"",\""synthetic_31011\"",\""isotropic_2mm\""]"",""[\""synthetic\"",\""synthetic_31012\"",\""isotropic_2mm\""]"",""[\""synthetic\"",\""synthetic_31013\"",\""isotropic_2mm\""]"",""[\""synthetic\"",\""synthetic_31014\"",\""isotropic_2mm\""]"",""[\""synthetic\"",\""synthetic_31015\"",\""isotropic_2mm\""]"",""[\""synthetic\"",\""synthetic_31016\"",\""isotropic_2mm\""]"",""[\""synthetic\"",\""synthetic_31017\"",\""isotropic_2mm\""]"",""[\""synthetic\"",\""synthetic_31018\"",\""isotropic_2mm\""]"",""[\""synthetic\"",\""synthetic_31019\"",\""isotropic_2mm\""]"",""[\""synthetic\"",\""synthetic_31020\"",\""isotropic_2mm\""]"",""[\""synthetic\"",\""synthetic_31021\"",\""isotropic_2mm\""]"",""[\""synthetic\"",\""synthetic_31022\"",\""isotropic_2mm\""]"",""[\""synthetic\"",\""synthetic_31023\"",\""isotropic_2mm\""]"",""[\""synthetic\"",\""synthetic_31024\"",\""isotropic_2mm\""]"",""[\""synthetic\"",\""synthetic_31025\"",\""isotropic_2mm\""]"",""[\""synthetic\"",\""synthetic_31026\"",\""isotropic_2mm\""]"",""[\""synthetic\"",\""synthetic_31027\"",\""isotropic_2mm\""]"",""[\""synthetic\"",\""synthetic_31028\"",\""isotropic_2mm\""]"",""[\""synthetic\"",\""synthetic_31029\"",\""isotropic_2mm\""]"",""[\""synthetic\"",\""synthetic_31030\"",\""isotropic_2mm\""]"",""[\""synthetic\"",\""synthetic_31031\"",\""isotropic_2mm\""]""]",Descriptive direct ROI statistics; exact nonzero is not a clinical or material-change threshold. 
synthetic,isotropic_2mm,valid_control,source,mean,32,0,-1.3939086259968894,-0.5367862770139519,-0.0038436315032326362,0.16494080627353103,2.6272758192419925,-0.14542114387033706,32,0,0.012374596613552447,0.0888148863097662,0.2993401805423336,0.570027789445035,2.6272758192419925,0.49295811524483696,32,"[""[\""synthetic\"",\""synthetic_31000\"",\""isotropic_2mm\""]"",""[\""synthetic\"",\""synthetic_31001\"",\""isotropic_2mm\""]"",""[\""synthetic\"",\""synthetic_31002\"",\""isotropic_2mm\""]"",""[\""synthetic\"",\""synthetic_31003\"",\""isotropic_2mm\""]"",""[\""synthetic\"",\""synthetic_31004\"",\""isotropic_2mm\""]"",""[\""synthetic\"",\""synthetic_31005\"",\""isotropic_2mm\""]"",""[\""synthetic\"",\""synthetic_31006\"",\""isotropic_2mm\""]"",""[\""synthetic\"",\""synthetic_31007\"",\""isotropic_2mm\""]"",""[\""synthetic\"",\""synthetic_31008\"",\""isotropic_2mm\""]"",""[\""synthetic\"",\""synthetic_31009\"",\""isotropic_2mm\""]"",""[\""synthetic\"",\""synthetic_31010\"",\""isotropic_2mm\""]"",""[\""synthetic\"",\""synthetic_31011\"",\""isotropic_2mm\""]"",""[\""synthetic\"",\""synthetic_31012\"",\""isotropic_2mm\""]"",""[\""synthetic\"",\""synthetic_31013\"",\""isotropic_2mm\""]"",""[\""synthetic\"",\""synthetic_31014\"",\""isotropic_2mm\""]"",""[\""synthetic\"",\""synthetic_31015\"",\""isotropic_2mm\""]"",""[\""synthetic\"",\""synthetic_31016\"",\""isotropic_2mm\""]"",""[\""synthetic\"",\""synthetic_31017\"",\""isotropic_2mm\""]"",""[\""synthetic\"",\""synthetic_31018\"",\""isotropic_2mm\""]"",""[\""synthetic\"",\""synthetic_31019\"",\""isotropic_2mm\""]"",""[\""synthetic\"",\""synthetic_31020\"",\""isotropic_2mm\""]"",""[\""synthetic\"",\""synthetic_31021\"",\""isotropic_2mm\""]"",""[\""synthetic\"",\""synthetic_31022\"",\""isotropic_2mm\""]"",""[\""synthetic\"",\""synthetic_31023\"",\""isotropic_2mm\""]"",""[\""synthetic\"",\""synthetic_31024\"",\""isotropic_2mm\""]"",""[\""synthetic\"",\""synthetic_31025\"",\""isotropic_2mm\""]"",""[\""synthetic\"",\""synthetic_31026\"",\""isotropic_2mm\""]"",""[\""synthetic\"",\""synthetic_31027\"",\""isotropic_2mm\""]"",""[\""synthetic\"",\""synthetic_31028\"",\""isotropic_2mm\""]"",""[\""synthetic\"",\""synthetic_31029\"",\""isotropic_2mm\""]"",""[\""synthetic\"",\""synthetic_31030\"",\""isotropic_2mm\""]"",""[\""synthetic\"",\""synthetic_31031\"",\""isotropic_2mm\""]""]",Descriptive direct ROI statistics; exact nonzero is not a clinical or material-change threshold. 
synthetic,isotropic_2mm,valid_control,source,population_variance,32,0,-41.926011076015016,-28.664114714288075,-19.108082431820208,-12.259203476421547,12.597980616001621,-17.742143248171928,32,0,5.064356149746686,12.576004089929256,19.108082431820208,28.664114714288075,41.926011076015016,19.82987168886933,32,"[""[\""synthetic\"",\""synthetic_31000\"",\""isotropic_2mm\""]"",""[\""synthetic\"",\""synthetic_31001\"",\""isotropic_2mm\""]"",""[\""synthetic\"",\""synthetic_31002\"",\""isotropic_2mm\""]"",""[\""synthetic\"",\""synthetic_31003\"",\""isotropic_2mm\""]"",""[\""synthetic\"",\""synthetic_31004\"",\""isotropic_2mm\""]"",""[\""synthetic\"",\""synthetic_31005\"",\""isotropic_2mm\""]"",""[\""synthetic\"",\""synthetic_31006\"",\""isotropic_2mm\""]"",""[\""synthetic\"",\""synthetic_31007\"",\""isotropic_2mm\""]"",""[\""synthetic\"",\""synthetic_31008\"",\""isotropic_2mm\""]"",""[\""synthetic\"",\""synthetic_31009\"",\""isotropic_2mm\""]"",""[\""synthetic\"",\""synthetic_31010\"",\""isotropic_2mm\""]"",""[\""synthetic\"",\""synthetic_31011\"",\""isotropic_2mm\""]"",""[\""synthetic\"",\""synthetic_31012\"",\""isotropic_2mm\""]"",""[\""synthetic\"",\""synthetic_31013\"",\""isotropic_2mm\""]"",""[\""synthetic\"",\""synthetic_31014\"",\""isotropic_2mm\""]"",""[\""synthetic\"",\""synthetic_31015\"",\""isotropic_2mm\""]"",""[\""synthetic\"",\""synthetic_31016\"",\""isotropic_2mm\""]"",""[\""synthetic\"",\""synthetic_31017\"",\""isotropic_2mm\""]"",""[\""synthetic\"",\""synthetic_31018\"",\""isotropic_2mm\""]"",""[\""synthetic\"",\""synthetic_31019\"",\""isotropic_2mm\""]"",""[\""synthetic\"",\""synthetic_31020\"",\""isotropic_2mm\""]"",""[\""synthetic\"",\""synthetic_31021\"",\""isotropic_2mm\""]"",""[\""synthetic\"",\""synthetic_31022\"",\""isotropic_2mm\""]"",""[\""synthetic\"",\""synthetic_31023\"",\""isotropic_2mm\""]"",""[\""synthetic\"",\""synthetic_31024\"",\""isotropic_2mm\""]"",""[\""synthetic\"",\""synthetic_31025\"",\""isotropic_2mm\""]"",""[\""synthetic\"",\""synthetic_31026\"",\""isotropic_2mm\""]"",""[\""synthetic\"",\""synthetic_31027\"",\""isotropic_2mm\""]"",""[\""synthetic\"",\""synthetic_31028\"",\""isotropic_2mm\""]"",""[\""synthetic\"",\""synthetic_31029\"",\""isotropic_2mm\""]"",""[\""synthetic\"",\""synthetic_31030\"",\""isotropic_2mm\""]"",""[\""synthetic\"",\""synthetic_31031\"",\""isotropic_2mm\""]""]",Descriptive direct ROI statistics; exact nonzero is not a clinical or material-change threshold. 
synthetic,isotropic_2mm,valid_control,correct_operation,roi_voxels,32,0,0,0.0,0.0,0.0,0,0.0,32,0,0,0.0,0.0,0.0,0,0.0,0,"[""[\""synthetic\"",\""synthetic_31000\"",\""isotropic_2mm\""]"",""[\""synthetic\"",\""synthetic_31001\"",\""isotropic_2mm\""]"",""[\""synthetic\"",\""synthetic_31002\"",\""isotropic_2mm\""]"",""[\""synthetic\"",\""synthetic_31003\"",\""isotropic_2mm\""]"",""[\""synthetic\"",\""synthetic_31004\"",\""isotropic_2mm\""]"",""[\""synthetic\"",\""synthetic_31005\"",\""isotropic_2mm\""]"",""[\""synthetic\"",\""synthetic_31006\"",\""isotropic_2mm\""]"",""[\""synthetic\"",\""synthetic_31007\"",\""isotropic_2mm\""]"",""[\""synthetic\"",\""synthetic_31008\"",\""isotropic_2mm\""]"",""[\""synthetic\"",\""synthetic_31009\"",\""isotropic_2mm\""]"",""[\""synthetic\"",\""synthetic_31010\"",\""isotropic_2mm\""]"",""[\""synthetic\"",\""synthetic_31011\"",\""isotropic_2mm\""]"",""[\""synthetic\"",\""synthetic_31012\"",\""isotropic_2mm\""]"",""[\""synthetic\"",\""synthetic_31013\"",\""isotropic_2mm\""]"",""[\""synthetic\"",\""synthetic_31014\"",\""isotropic_2mm\""]"",""[\""synthetic\"",\""synthetic_31015\"",\""isotropic_2mm\""]"",""[\""synthetic\"",\""synthetic_31016\"",\""isotropic_2mm\""]"",""[\""synthetic\"",\""synthetic_31017\"",\""isotropic_2mm\""]"",""[\""synthetic\"",\""synthetic_31018\"",\""isotropic_2mm\""]"",""[\""synthetic\"",\""synthetic_31019\"",\""isotropic_2mm\""]"",""[\""synthetic\"",\""synthetic_31020\"",\""isotropic_2mm\""]"",""[\""synthetic\"",\""synthetic_31021\"",\""isotropic_2mm\""]"",""[\""synthetic\"",\""synthetic_31022\"",\""isotropic_2mm\""]"",""[\""synthetic\"",\""synthetic_31023\"",\""isotropic_2mm\""]"",""[\""synthetic\"",\""synthetic_31024\"",\""isotropic_2mm\""]"",""[\""synthetic\"",\""synthetic_31025\"",\""isotropic_2mm\""]"",""[\""synthetic\"",\""synthetic_31026\"",\""isotropic_2mm\""]"",""[\""synthetic\"",\""synthetic_31027\"",\""isotropic_2mm\""]"",""[\""synthetic\"",\""synthetic_31028\"",\""isotropic_2mm\""]"",""[\""synthetic\"",\""synthetic_31029\"",\""isotropic_2mm\""]"",""[\""synthetic\"",\""synthetic_31030\"",\""isotropic_2mm\""]"",""[\""synthetic\"",\""synthetic_31031\"",\""isotropic_2mm\""]""]",Descriptive direct ROI statistics; exact nonzero is not a clinical or material-change threshold. Controls use their own observed output as correct_operation: their zero here is by construction.
synthetic,isotropic_2mm,valid_control,correct_operation,occupied_volume_mm3,32,0,0.0,0.0,0.0,0.0,0.0,0.0,32,0,0.0,0.0,0.0,0.0,0.0,0.0,0,"[""[\""synthetic\"",\""synthetic_31000\"",\""isotropic_2mm\""]"",""[\""synthetic\"",\""synthetic_31001\"",\""isotropic_2mm\""]"",""[\""synthetic\"",\""synthetic_31002\"",\""isotropic_2mm\""]"",""[\""synthetic\"",\""synthetic_31003\"",\""isotropic_2mm\""]"",""[\""synthetic\"",\""synthetic_31004\"",\""isotropic_2mm\""]"",""[\""synthetic\"",\""synthetic_31005\"",\""isotropic_2mm\""]"",""[\""synthetic\"",\""synthetic_31006\"",\""isotropic_2mm\""]"",""[\""synthetic\"",\""synthetic_31007\"",\""isotropic_2mm\""]"",""[\""synthetic\"",\""synthetic_31008\"",\""isotropic_2mm\""]"",""[\""synthetic\"",\""synthetic_31009\"",\""isotropic_2mm\""]"",""[\""synthetic\"",\""synthetic_31010\"",\""isotropic_2mm\""]"",""[\""synthetic\"",\""synthetic_31011\"",\""isotropic_2mm\""]"",""[\""synthetic\"",\""synthetic_31012\"",\""isotropic_2mm\""]"",""[\""synthetic\"",\""synthetic_31013\"",\""isotropic_2mm\""]"",""[\""synthetic\"",\""synthetic_31014\"",\""isotropic_2mm\""]"",""[\""synthetic\"",\""synthetic_31015\"",\""isotropic_2mm\""]"",""[\""synthetic\"",\""synthetic_31016\"",\""isotropic_2mm\""]"",""[\""synthetic\"",\""synthetic_31017\"",\""isotropic_2mm\""]"",""[\""synthetic\"",\""synthetic_31018\"",\""isotropic_2mm\""]"",""[\""synthetic\"",\""synthetic_31019\"",\""isotropic_2mm\""]"",""[\""synthetic\"",\""synthetic_31020\"",\""isotropic_2mm\""]"",""[\""synthetic\"",\""synthetic_31021\"",\""isotropic_2mm\""]"",""[\""synthetic\"",\""synthetic_31022\"",\""isotropic_2mm\""]"",""[\""synthetic\"",\""synthetic_31023\"",\""isotropic_2mm\""]"",""[\""synthetic\"",\""synthetic_31024\"",\""isotropic_2mm\""]"",""[\""synthetic\"",\""synthetic_31025\"",\""isotropic_2mm\""]"",""[\""synthetic\"",\""synthetic_31026\"",\""isotropic_2mm\""]"",""[\""synthetic\"",\""synthetic_31027\"",\""isotropic_2mm\""]"",""[\""synthetic\"",\""synthetic_31028\"",\""isotropic_2mm\""]"",""[\""synthetic\"",\""synthetic_31029\"",\""isotropic_2mm\""]"",""[\""synthetic\"",\""synthetic_31030\"",\""isotropic_2mm\""]"",""[\""synthetic\"",\""synthetic_31031\"",\""isotropic_2mm\""]""]",Descriptive direct ROI statistics; exact nonzero is not a clinical or material-change threshold. Controls use their own observed output as correct_operation: their zero here is by construction.
synthetic,isotropic_2mm,valid_control,correct_operation,mean,32,0,0.0,0.0,0.0,0.0,0.0,0.0,32,0,0.0,0.0,0.0,0.0,0.0,0.0,0,"[""[\""synthetic\"",\""synthetic_31000\"",\""isotropic_2mm\""]"",""[\""synthetic\"",\""synthetic_31001\"",\""isotropic_2mm\""]"",""[\""synthetic\"",\""synthetic_31002\"",\""isotropic_2mm\""]"",""[\""synthetic\"",\""synthetic_31003\"",\""isotropic_2mm\""]"",""[\""synthetic\"",\""synthetic_31004\"",\""isotropic_2mm\""]"",""[\""synthetic\"",\""synthetic_31005\"",\""isotropic_2mm\""]"",""[\""synthetic\"",\""synthetic_31006\"",\""isotropic_2mm\""]"",""[\""synthetic\"",\""synthetic_31007\"",\""isotropic_2mm\""]"",""[\""synthetic\"",\""synthetic_31008\"",\""isotropic_2mm\""]"",""[\""synthetic\"",\""synthetic_31009\"",\""isotropic_2mm\""]"",""[\""synthetic\"",\""synthetic_31010\"",\""isotropic_2mm\""]"",""[\""synthetic\"",\""synthetic_31011\"",\""isotropic_2mm\""]"",""[\""synthetic\"",\""synthetic_31012\"",\""isotropic_2mm\""]"",""[\""synthetic\"",\""synthetic_31013\"",\""isotropic_2mm\""]"",""[\""synthetic\"",\""synthetic_31014\"",\""isotropic_2mm\""]"",""[\""synthetic\"",\""synthetic_31015\"",\""isotropic_2mm\""]"",""[\""synthetic\"",\""synthetic_31016\"",\""isotropic_2mm\""]"",""[\""synthetic\"",\""synthetic_31017\"",\""isotropic_2mm\""]"",""[\""synthetic\"",\""synthetic_31018\"",\""isotropic_2mm\""]"",""[\""synthetic\"",\""synthetic_31019\"",\""isotropic_2mm\""]"",""[\""synthetic\"",\""synthetic_31020\"",\""isotropic_2mm\""]"",""[\""synthetic\"",\""synthetic_31021\"",\""isotropic_2mm\""]"",""[\""synthetic\"",\""synthetic_31022\"",\""isotropic_2mm\""]"",""[\""synthetic\"",\""synthetic_31023\"",\""isotropic_2mm\""]"",""[\""synthetic\"",\""synthetic_31024\"",\""isotropic_2mm\""]"",""[\""synthetic\"",\""synthetic_31025\"",\""isotropic_2mm\""]"",""[\""synthetic\"",\""synthetic_31026\"",\""isotropic_2mm\""]"",""[\""synthetic\"",\""synthetic_31027\"",\""isotropic_2mm\""]"",""[\""synthetic\"",\""synthetic_31028\"",\""isotropic_2mm\""]"",""[\""synthetic\"",\""synthetic_31029\"",\""isotropic_2mm\""]"",""[\""synthetic\"",\""synthetic_31030\"",\""isotropic_2mm\""]"",""[\""synthetic\"",\""synthetic_31031\"",\""isotropic_2mm\""]""]",Descriptive direct ROI statistics; exact nonzero is not a clinical or material-change threshold. Controls use their own observed output as correct_operation: their zero here is by construction.
synthetic,isotropic_2mm,valid_control,correct_operation,population_variance,32,0,0.0,0.0,0.0,0.0,0.0,0.0,32,0,0.0,0.0,0.0,0.0,0.0,0.0,0,"[""[\""synthetic\"",\""synthetic_31000\"",\""isotropic_2mm\""]"",""[\""synthetic\"",\""synthetic_31001\"",\""isotropic_2mm\""]"",""[\""synthetic\"",\""synthetic_31002\"",\""isotropic_2mm\""]"",""[\""synthetic\"",\""synthetic_31003\"",\""isotropic_2mm\""]"",""[\""synthetic\"",\""synthetic_31004\"",\""isotropic_2mm\""]"",""[\""synthetic\"",\""synthetic_31005\"",\""isotropic_2mm\""]"",""[\""synthetic\"",\""synthetic_31006\"",\""isotropic_2mm\""]"",""[\""synthetic\"",\""synthetic_31007\"",\""isotropic_2mm\""]"",""[\""synthetic\"",\""synthetic_31008\"",\""isotropic_2mm\""]"",""[\""synthetic\"",\""synthetic_31009\"",\""isotropic_2mm\""]"",""[\""synthetic\"",\""synthetic_31010\"",\""isotropic_2mm\""]"",""[\""synthetic\"",\""synthetic_31011\"",\""isotropic_2mm\""]"",""[\""synthetic\"",\""synthetic_31012\"",\""isotropic_2mm\""]"",""[\""synthetic\"",\""synthetic_31013\"",\""isotropic_2mm\""]"",""[\""synthetic\"",\""synthetic_31014\"",\""isotropic_2mm\""]"",""[\""synthetic\"",\""synthetic_31015\"",\""isotropic_2mm\""]"",""[\""synthetic\"",\""synthetic_31016\"",\""isotropic_2mm\""]"",""[\""synthetic\"",\""synthetic_31017\"",\""isotropic_2mm\""]"",""[\""synthetic\"",\""synthetic_31018\"",\""isotropic_2mm\""]"",""[\""synthetic\"",\""synthetic_31019\"",\""isotropic_2mm\""]"",""[\""synthetic\"",\""synthetic_31020\"",\""isotropic_2mm\""]"",""[\""synthetic\"",\""synthetic_31021\"",\""isotropic_2mm\""]"",""[\""synthetic\"",\""synthetic_31022\"",\""isotropic_2mm\""]"",""[\""synthetic\"",\""synthetic_31023\"",\""isotropic_2mm\""]"",""[\""synthetic\"",\""synthetic_31024\"",\""isotropic_2mm\""]"",""[\""synthetic\"",\""synthetic_31025\"",\""isotropic_2mm\""]"",""[\""synthetic\"",\""synthetic_31026\"",\""isotropic_2mm\""]"",""[\""synthetic\"",\""synthetic_31027\"",\""isotropic_2mm\""]"",""[\""synthetic\"",\""synthetic_31028\"",\""isotropic_2mm\""]"",""[\""synthetic\"",\""synthetic_31029\"",\""isotropic_2mm\""]"",""[\""synthetic\"",\""synthetic_31030\"",\""isotropic_2mm\""]"",""[\""synthetic\"",\""synthetic_31031\"",\""isotropic_2mm\""]""]",Descriptive direct ROI statistics; exact nonzero is not a clinical or material-change threshold. Controls use their own observed output as correct_operation: their zero here is by construction.
synthetic,linear_mask_threshold,own_wrapper_mutation,source,roi_voxels,32,0,4268,7930.25,10783.0,13755.25,21711,11104.5625,32,0,4268,7930.25,10783.0,13755.25,21711,11104.5625,32,"[""[\""synthetic\"",\""synthetic_31000\"",\""linear_mask_threshold\""]"",""[\""synthetic\"",\""synthetic_31001\"",\""linear_mask_threshold\""]"",""[\""synthetic\"",\""synthetic_31002\"",\""linear_mask_threshold\""]"",""[\""synthetic\"",\""synthetic_31003\"",\""linear_mask_threshold\""]"",""[\""synthetic\"",\""synthetic_31004\"",\""linear_mask_threshold\""]"",""[\""synthetic\"",\""synthetic_31005\"",\""linear_mask_threshold\""]"",""[\""synthetic\"",\""synthetic_31006\"",\""linear_mask_threshold\""]"",""[\""synthetic\"",\""synthetic_31007\"",\""linear_mask_threshold\""]"",""[\""synthetic\"",\""synthetic_31008\"",\""linear_mask_threshold\""]"",""[\""synthetic\"",\""synthetic_31009\"",\""linear_mask_threshold\""]"",""[\""synthetic\"",\""synthetic_31010\"",\""linear_mask_threshold\""]"",""[\""synthetic\"",\""synthetic_31011\"",\""linear_mask_threshold\""]"",""[\""synthetic\"",\""synthetic_31012\"",\""linear_mask_threshold\""]"",""[\""synthetic\"",\""synthetic_31013\"",\""linear_mask_threshold\""]"",""[\""synthetic\"",\""synthetic_31014\"",\""linear_mask_threshold\""]"",""[\""synthetic\"",\""synthetic_31015\"",\""linear_mask_threshold\""]"",""[\""synthetic\"",\""synthetic_31016\"",\""linear_mask_threshold\""]"",""[\""synthetic\"",\""synthetic_31017\"",\""linear_mask_threshold\""]"",""[\""synthetic\"",\""synthetic_31018\"",\""linear_mask_threshold\""]"",""[\""synthetic\"",\""synthetic_31019\"",\""linear_mask_threshold\""]"",""[\""synthetic\"",\""synthetic_31020\"",\""linear_mask_threshold\""]"",""[\""synthetic\"",\""synthetic_31021\"",\""linear_mask_threshold\""]"",""[\""synthetic\"",\""synthetic_31022\"",\""linear_mask_threshold\""]"",""[\""synthetic\"",\""synthetic_31023\"",\""linear_mask_threshold\""]"",""[\""synthetic\"",\""synthetic_31024\"",\""linear_mask_threshold\""]"",""[\""synthetic\"",\""synthetic_31025\"",\""linear_mask_threshold\""]"",""[\""synthetic\"",\""synthetic_31026\"",\""linear_mask_threshold\""]"",""[\""synthetic\"",\""synthetic_31027\"",\""linear_mask_threshold\""]"",""[\""synthetic\"",\""synthetic_31028\"",\""linear_mask_threshold\""]"",""[\""synthetic\"",\""synthetic_31029\"",\""linear_mask_threshold\""]"",""[\""synthetic\"",\""synthetic_31030\"",\""linear_mask_threshold\""]"",""[\""synthetic\"",\""synthetic_31031\"",\""linear_mask_threshold\""]""]",Descriptive direct ROI statistics; exact nonzero is not a clinical or material-change threshold. 
synthetic,linear_mask_threshold,own_wrapper_mutation,source,occupied_volume_mm3,32,0,-209.7499620886556,-66.26334554422465,-36.90947992442966,-3.2564985218946276,149.66204188462325,-34.29799625483983,32,0,0.7884520165398499,22.634310276854194,41.85710533001679,70.70651016483544,209.7499620886556,58.17757869159479,32,"[""[\""synthetic\"",\""synthetic_31000\"",\""linear_mask_threshold\""]"",""[\""synthetic\"",\""synthetic_31001\"",\""linear_mask_threshold\""]"",""[\""synthetic\"",\""synthetic_31002\"",\""linear_mask_threshold\""]"",""[\""synthetic\"",\""synthetic_31003\"",\""linear_mask_threshold\""]"",""[\""synthetic\"",\""synthetic_31004\"",\""linear_mask_threshold\""]"",""[\""synthetic\"",\""synthetic_31005\"",\""linear_mask_threshold\""]"",""[\""synthetic\"",\""synthetic_31006\"",\""linear_mask_threshold\""]"",""[\""synthetic\"",\""synthetic_31007\"",\""linear_mask_threshold\""]"",""[\""synthetic\"",\""synthetic_31008\"",\""linear_mask_threshold\""]"",""[\""synthetic\"",\""synthetic_31009\"",\""linear_mask_threshold\""]"",""[\""synthetic\"",\""synthetic_31010\"",\""linear_mask_threshold\""]"",""[\""synthetic\"",\""synthetic_31011\"",\""linear_mask_threshold\""]"",""[\""synthetic\"",\""synthetic_31012\"",\""linear_mask_threshold\""]"",""[\""synthetic\"",\""synthetic_31013\"",\""linear_mask_threshold\""]"",""[\""synthetic\"",\""synthetic_31014\"",\""linear_mask_threshold\""]"",""[\""synthetic\"",\""synthetic_31015\"",\""linear_mask_threshold\""]"",""[\""synthetic\"",\""synthetic_31016\"",\""linear_mask_threshold\""]"",""[\""synthetic\"",\""synthetic_31017\"",\""linear_mask_threshold\""]"",""[\""synthetic\"",\""synthetic_31018\"",\""linear_mask_threshold\""]"",""[\""synthetic\"",\""synthetic_31019\"",\""linear_mask_threshold\""]"",""[\""synthetic\"",\""synthetic_31020\"",\""linear_mask_threshold\""]"",""[\""synthetic\"",\""synthetic_31021\"",\""linear_mask_threshold\""]"",""[\""synthetic\"",\""synthetic_31022\"",\""linear_mask_threshold\""]"",""[\""synthetic\"",\""synthetic_31023\"",\""linear_mask_threshold\""]"",""[\""synthetic\"",\""synthetic_31024\"",\""linear_mask_threshold\""]"",""[\""synthetic\"",\""synthetic_31025\"",\""linear_mask_threshold\""]"",""[\""synthetic\"",\""synthetic_31026\"",\""linear_mask_threshold\""]"",""[\""synthetic\"",\""synthetic_31027\"",\""linear_mask_threshold\""]"",""[\""synthetic\"",\""synthetic_31028\"",\""linear_mask_threshold\""]"",""[\""synthetic\"",\""synthetic_31029\"",\""linear_mask_threshold\""]"",""[\""synthetic\"",\""synthetic_31030\"",\""linear_mask_threshold\""]"",""[\""synthetic\"",\""synthetic_31031\"",\""linear_mask_threshold\""]""]",Descriptive direct ROI statistics; exact nonzero is not a clinical or material-change threshold. 
synthetic,linear_mask_threshold,own_wrapper_mutation,source,mean,32,0,-0.4089875343246143,-0.11162681695543913,-0.029468275738628646,0.04573895493882052,0.3584882497228554,-0.003210224878120914,32,0,0.002981585449606916,0.03213550311729968,0.10600965494753711,0.22112921291816162,0.4089875343246143,0.136166503173003,32,"[""[\""synthetic\"",\""synthetic_31000\"",\""linear_mask_threshold\""]"",""[\""synthetic\"",\""synthetic_31001\"",\""linear_mask_threshold\""]"",""[\""synthetic\"",\""synthetic_31002\"",\""linear_mask_threshold\""]"",""[\""synthetic\"",\""synthetic_31003\"",\""linear_mask_threshold\""]"",""[\""synthetic\"",\""synthetic_31004\"",\""linear_mask_threshold\""]"",""[\""synthetic\"",\""synthetic_31005\"",\""linear_mask_threshold\""]"",""[\""synthetic\"",\""synthetic_31006\"",\""linear_mask_threshold\""]"",""[\""synthetic\"",\""synthetic_31007\"",\""linear_mask_threshold\""]"",""[\""synthetic\"",\""synthetic_31008\"",\""linear_mask_threshold\""]"",""[\""synthetic\"",\""synthetic_31009\"",\""linear_mask_threshold\""]"",""[\""synthetic\"",\""synthetic_31010\"",\""linear_mask_threshold\""]"",""[\""synthetic\"",\""synthetic_31011\"",\""linear_mask_threshold\""]"",""[\""synthetic\"",\""synthetic_31012\"",\""linear_mask_threshold\""]"",""[\""synthetic\"",\""synthetic_31013\"",\""linear_mask_threshold\""]"",""[\""synthetic\"",\""synthetic_31014\"",\""linear_mask_threshold\""]"",""[\""synthetic\"",\""synthetic_31015\"",\""linear_mask_threshold\""]"",""[\""synthetic\"",\""synthetic_31016\"",\""linear_mask_threshold\""]"",""[\""synthetic\"",\""synthetic_31017\"",\""linear_mask_threshold\""]"",""[\""synthetic\"",\""synthetic_31018\"",\""linear_mask_threshold\""]"",""[\""synthetic\"",\""synthetic_31019\"",\""linear_mask_threshold\""]"",""[\""synthetic\"",\""synthetic_31020\"",\""linear_mask_threshold\""]"",""[\""synthetic\"",\""synthetic_31021\"",\""linear_mask_threshold\""]"",""[\""synthetic\"",\""synthetic_31022\"",\""linear_mask_threshold\""]"",""[\""synthetic\"",\""synthetic_31023\"",\""linear_mask_threshold\""]"",""[\""synthetic\"",\""synthetic_31024\"",\""linear_mask_threshold\""]"",""[\""synthetic\"",\""synthetic_31025\"",\""linear_mask_threshold\""]"",""[\""synthetic\"",\""synthetic_31026\"",\""linear_mask_threshold\""]"",""[\""synthetic\"",\""synthetic_31027\"",\""linear_mask_threshold\""]"",""[\""synthetic\"",\""synthetic_31028\"",\""linear_mask_threshold\""]"",""[\""synthetic\"",\""synthetic_31029\"",\""linear_mask_threshold\""]"",""[\""synthetic\"",\""synthetic_31030\"",\""linear_mask_threshold\""]"",""[\""synthetic\"",\""synthetic_31031\"",\""linear_mask_threshold\""]""]",Descriptive direct ROI statistics; exact nonzero is not a clinical or material-change threshold. 
synthetic,linear_mask_threshold,own_wrapper_mutation,source,population_variance,32,0,-27.72483099530848,-22.80809100510824,-18.50878793639734,-15.077024021189956,-7.222287924345721,-18.109345815259672,32,0,7.222287924345721,15.077024021189956,18.50878793639734,22.80809100510824,27.72483099530848,18.109345815259672,32,"[""[\""synthetic\"",\""synthetic_31000\"",\""linear_mask_threshold\""]"",""[\""synthetic\"",\""synthetic_31001\"",\""linear_mask_threshold\""]"",""[\""synthetic\"",\""synthetic_31002\"",\""linear_mask_threshold\""]"",""[\""synthetic\"",\""synthetic_31003\"",\""linear_mask_threshold\""]"",""[\""synthetic\"",\""synthetic_31004\"",\""linear_mask_threshold\""]"",""[\""synthetic\"",\""synthetic_31005\"",\""linear_mask_threshold\""]"",""[\""synthetic\"",\""synthetic_31006\"",\""linear_mask_threshold\""]"",""[\""synthetic\"",\""synthetic_31007\"",\""linear_mask_threshold\""]"",""[\""synthetic\"",\""synthetic_31008\"",\""linear_mask_threshold\""]"",""[\""synthetic\"",\""synthetic_31009\"",\""linear_mask_threshold\""]"",""[\""synthetic\"",\""synthetic_31010\"",\""linear_mask_threshold\""]"",""[\""synthetic\"",\""synthetic_31011\"",\""linear_mask_threshold\""]"",""[\""synthetic\"",\""synthetic_31012\"",\""linear_mask_threshold\""]"",""[\""synthetic\"",\""synthetic_31013\"",\""linear_mask_threshold\""]"",""[\""synthetic\"",\""synthetic_31014\"",\""linear_mask_threshold\""]"",""[\""synthetic\"",\""synthetic_31015\"",\""linear_mask_threshold\""]"",""[\""synthetic\"",\""synthetic_31016\"",\""linear_mask_threshold\""]"",""[\""synthetic\"",\""synthetic_31017\"",\""linear_mask_threshold\""]"",""[\""synthetic\"",\""synthetic_31018\"",\""linear_mask_threshold\""]"",""[\""synthetic\"",\""synthetic_31019\"",\""linear_mask_threshold\""]"",""[\""synthetic\"",\""synthetic_31020\"",\""linear_mask_threshold\""]"",""[\""synthetic\"",\""synthetic_31021\"",\""linear_mask_threshold\""]"",""[\""synthetic\"",\""synthetic_31022\"",\""linear_mask_threshold\""]"",""[\""synthetic\"",\""synthetic_31023\"",\""linear_mask_threshold\""]"",""[\""synthetic\"",\""synthetic_31024\"",\""linear_mask_threshold\""]"",""[\""synthetic\"",\""synthetic_31025\"",\""linear_mask_threshold\""]"",""[\""synthetic\"",\""synthetic_31026\"",\""linear_mask_threshold\""]"",""[\""synthetic\"",\""synthetic_31027\"",\""linear_mask_threshold\""]"",""[\""synthetic\"",\""synthetic_31028\"",\""linear_mask_threshold\""]"",""[\""synthetic\"",\""synthetic_31029\"",\""linear_mask_threshold\""]"",""[\""synthetic\"",\""synthetic_31030\"",\""linear_mask_threshold\""]"",""[\""synthetic\"",\""synthetic_31031\"",\""linear_mask_threshold\""]""]",Descriptive direct ROI statistics; exact nonzero is not a clinical or material-change threshold. 
synthetic,linear_mask_threshold,own_wrapper_mutation,correct_operation,roi_voxels,32,0,-785,-271.0,-180.5,-53.0,120,-192.5625,32,0,2,72.25,180.5,271.0,785,207.875,32,"[""[\""synthetic\"",\""synthetic_31000\"",\""linear_mask_threshold\""]"",""[\""synthetic\"",\""synthetic_31001\"",\""linear_mask_threshold\""]"",""[\""synthetic\"",\""synthetic_31002\"",\""linear_mask_threshold\""]"",""[\""synthetic\"",\""synthetic_31003\"",\""linear_mask_threshold\""]"",""[\""synthetic\"",\""synthetic_31004\"",\""linear_mask_threshold\""]"",""[\""synthetic\"",\""synthetic_31005\"",\""linear_mask_threshold\""]"",""[\""synthetic\"",\""synthetic_31006\"",\""linear_mask_threshold\""]"",""[\""synthetic\"",\""synthetic_31007\"",\""linear_mask_threshold\""]"",""[\""synthetic\"",\""synthetic_31008\"",\""linear_mask_threshold\""]"",""[\""synthetic\"",\""synthetic_31009\"",\""linear_mask_threshold\""]"",""[\""synthetic\"",\""synthetic_31010\"",\""linear_mask_threshold\""]"",""[\""synthetic\"",\""synthetic_31011\"",\""linear_mask_threshold\""]"",""[\""synthetic\"",\""synthetic_31012\"",\""linear_mask_threshold\""]"",""[\""synthetic\"",\""synthetic_31013\"",\""linear_mask_threshold\""]"",""[\""synthetic\"",\""synthetic_31014\"",\""linear_mask_threshold\""]"",""[\""synthetic\"",\""synthetic_31015\"",\""linear_mask_threshold\""]"",""[\""synthetic\"",\""synthetic_31016\"",\""linear_mask_threshold\""]"",""[\""synthetic\"",\""synthetic_31017\"",\""linear_mask_threshold\""]"",""[\""synthetic\"",\""synthetic_31018\"",\""linear_mask_threshold\""]"",""[\""synthetic\"",\""synthetic_31019\"",\""linear_mask_threshold\""]"",""[\""synthetic\"",\""synthetic_31020\"",\""linear_mask_threshold\""]"",""[\""synthetic\"",\""synthetic_31021\"",\""linear_mask_threshold\""]"",""[\""synthetic\"",\""synthetic_31022\"",\""linear_mask_threshold\""]"",""[\""synthetic\"",\""synthetic_31023\"",\""linear_mask_threshold\""]"",""[\""synthetic\"",\""synthetic_31024\"",\""linear_mask_threshold\""]"",""[\""synthetic\"",\""synthetic_31025\"",\""linear_mask_threshold\""]"",""[\""synthetic\"",\""synthetic_31026\"",\""linear_mask_threshold\""]"",""[\""synthetic\"",\""synthetic_31027\"",\""linear_mask_threshold\""]"",""[\""synthetic\"",\""synthetic_31028\"",\""linear_mask_threshold\""]"",""[\""synthetic\"",\""synthetic_31029\"",\""linear_mask_threshold\""]"",""[\""synthetic\"",\""synthetic_31030\"",\""linear_mask_threshold\""]"",""[\""synthetic\"",\""synthetic_31031\"",\""linear_mask_threshold\""]""]",Descriptive direct ROI statistics; exact nonzero is not a clinical or material-change threshold. 
synthetic,linear_mask_threshold,own_wrapper_mutation,correct_operation,occupied_volume_mm3,32,0,-401.9200000000001,-138.75199999999973,-92.41599999999971,-27.135999999999967,61.44000000000051,-98.59199999999998,32,0,1.0239999999994325,36.992000000000075,92.41599999999971,138.75199999999973,401.9200000000001,106.43199999999999,32,"[""[\""synthetic\"",\""synthetic_31000\"",\""linear_mask_threshold\""]"",""[\""synthetic\"",\""synthetic_31001\"",\""linear_mask_threshold\""]"",""[\""synthetic\"",\""synthetic_31002\"",\""linear_mask_threshold\""]"",""[\""synthetic\"",\""synthetic_31003\"",\""linear_mask_threshold\""]"",""[\""synthetic\"",\""synthetic_31004\"",\""linear_mask_threshold\""]"",""[\""synthetic\"",\""synthetic_31005\"",\""linear_mask_threshold\""]"",""[\""synthetic\"",\""synthetic_31006\"",\""linear_mask_threshold\""]"",""[\""synthetic\"",\""synthetic_31007\"",\""linear_mask_threshold\""]"",""[\""synthetic\"",\""synthetic_31008\"",\""linear_mask_threshold\""]"",""[\""synthetic\"",\""synthetic_31009\"",\""linear_mask_threshold\""]"",""[\""synthetic\"",\""synthetic_31010\"",\""linear_mask_threshold\""]"",""[\""synthetic\"",\""synthetic_31011\"",\""linear_mask_threshold\""]"",""[\""synthetic\"",\""synthetic_31012\"",\""linear_mask_threshold\""]"",""[\""synthetic\"",\""synthetic_31013\"",\""linear_mask_threshold\""]"",""[\""synthetic\"",\""synthetic_31014\"",\""linear_mask_threshold\""]"",""[\""synthetic\"",\""synthetic_31015\"",\""linear_mask_threshold\""]"",""[\""synthetic\"",\""synthetic_31016\"",\""linear_mask_threshold\""]"",""[\""synthetic\"",\""synthetic_31017\"",\""linear_mask_threshold\""]"",""[\""synthetic\"",\""synthetic_31018\"",\""linear_mask_threshold\""]"",""[\""synthetic\"",\""synthetic_31019\"",\""linear_mask_threshold\""]"",""[\""synthetic\"",\""synthetic_31020\"",\""linear_mask_threshold\""]"",""[\""synthetic\"",\""synthetic_31021\"",\""linear_mask_threshold\""]"",""[\""synthetic\"",\""synthetic_31022\"",\""linear_mask_threshold\""]"",""[\""synthetic\"",\""synthetic_31023\"",\""linear_mask_threshold\""]"",""[\""synthetic\"",\""synthetic_31024\"",\""linear_mask_threshold\""]"",""[\""synthetic\"",\""synthetic_31025\"",\""linear_mask_threshold\""]"",""[\""synthetic\"",\""synthetic_31026\"",\""linear_mask_threshold\""]"",""[\""synthetic\"",\""synthetic_31027\"",\""linear_mask_threshold\""]"",""[\""synthetic\"",\""synthetic_31028\"",\""linear_mask_threshold\""]"",""[\""synthetic\"",\""synthetic_31029\"",\""linear_mask_threshold\""]"",""[\""synthetic\"",\""synthetic_31030\"",\""linear_mask_threshold\""]"",""[\""synthetic\"",\""synthetic_31031\"",\""linear_mask_threshold\""]""]",Descriptive direct ROI statistics; exact nonzero is not a clinical or material-change threshold. 
synthetic,linear_mask_threshold,own_wrapper_mutation,correct_operation,mean,32,0,-0.27590672198183686,-0.07009107634150968,0.12204608150453744,0.2604734900327656,0.5920183877214154,0.1165455319301394,32,0,0.03486894005519514,0.1166575703585076,0.20484990241633472,0.28123711828326936,0.5920183877214154,0.2251813728935243,32,"[""[\""synthetic\"",\""synthetic_31000\"",\""linear_mask_threshold\""]"",""[\""synthetic\"",\""synthetic_31001\"",\""linear_mask_threshold\""]"",""[\""synthetic\"",\""synthetic_31002\"",\""linear_mask_threshold\""]"",""[\""synthetic\"",\""synthetic_31003\"",\""linear_mask_threshold\""]"",""[\""synthetic\"",\""synthetic_31004\"",\""linear_mask_threshold\""]"",""[\""synthetic\"",\""synthetic_31005\"",\""linear_mask_threshold\""]"",""[\""synthetic\"",\""synthetic_31006\"",\""linear_mask_threshold\""]"",""[\""synthetic\"",\""synthetic_31007\"",\""linear_mask_threshold\""]"",""[\""synthetic\"",\""synthetic_31008\"",\""linear_mask_threshold\""]"",""[\""synthetic\"",\""synthetic_31009\"",\""linear_mask_threshold\""]"",""[\""synthetic\"",\""synthetic_31010\"",\""linear_mask_threshold\""]"",""[\""synthetic\"",\""synthetic_31011\"",\""linear_mask_threshold\""]"",""[\""synthetic\"",\""synthetic_31012\"",\""linear_mask_threshold\""]"",""[\""synthetic\"",\""synthetic_31013\"",\""linear_mask_threshold\""]"",""[\""synthetic\"",\""synthetic_31014\"",\""linear_mask_threshold\""]"",""[\""synthetic\"",\""synthetic_31015\"",\""linear_mask_threshold\""]"",""[\""synthetic\"",\""synthetic_31016\"",\""linear_mask_threshold\""]"",""[\""synthetic\"",\""synthetic_31017\"",\""linear_mask_threshold\""]"",""[\""synthetic\"",\""synthetic_31018\"",\""linear_mask_threshold\""]"",""[\""synthetic\"",\""synthetic_31019\"",\""linear_mask_threshold\""]"",""[\""synthetic\"",\""synthetic_31020\"",\""linear_mask_threshold\""]"",""[\""synthetic\"",\""synthetic_31021\"",\""linear_mask_threshold\""]"",""[\""synthetic\"",\""synthetic_31022\"",\""linear_mask_threshold\""]"",""[\""synthetic\"",\""synthetic_31023\"",\""linear_mask_threshold\""]"",""[\""synthetic\"",\""synthetic_31024\"",\""linear_mask_threshold\""]"",""[\""synthetic\"",\""synthetic_31025\"",\""linear_mask_threshold\""]"",""[\""synthetic\"",\""synthetic_31026\"",\""linear_mask_threshold\""]"",""[\""synthetic\"",\""synthetic_31027\"",\""linear_mask_threshold\""]"",""[\""synthetic\"",\""synthetic_31028\"",\""linear_mask_threshold\""]"",""[\""synthetic\"",\""synthetic_31029\"",\""linear_mask_threshold\""]"",""[\""synthetic\"",\""synthetic_31030\"",\""linear_mask_threshold\""]"",""[\""synthetic\"",\""synthetic_31031\"",\""linear_mask_threshold\""]""]",Descriptive direct ROI statistics; exact nonzero is not a clinical or material-change threshold. 
synthetic,linear_mask_threshold,own_wrapper_mutation,correct_operation,population_variance,32,0,-10.236011042794587,-3.965921444052583,-0.9821509405094844,2.295168739634491,9.976662949730894,-0.9276390179909555,32,0,0.0020745368373695783,1.4341251654974059,3.0212899558354422,4.2579177098126735,10.236011042794587,3.372170072383412,32,"[""[\""synthetic\"",\""synthetic_31000\"",\""linear_mask_threshold\""]"",""[\""synthetic\"",\""synthetic_31001\"",\""linear_mask_threshold\""]"",""[\""synthetic\"",\""synthetic_31002\"",\""linear_mask_threshold\""]"",""[\""synthetic\"",\""synthetic_31003\"",\""linear_mask_threshold\""]"",""[\""synthetic\"",\""synthetic_31004\"",\""linear_mask_threshold\""]"",""[\""synthetic\"",\""synthetic_31005\"",\""linear_mask_threshold\""]"",""[\""synthetic\"",\""synthetic_31006\"",\""linear_mask_threshold\""]"",""[\""synthetic\"",\""synthetic_31007\"",\""linear_mask_threshold\""]"",""[\""synthetic\"",\""synthetic_31008\"",\""linear_mask_threshold\""]"",""[\""synthetic\"",\""synthetic_31009\"",\""linear_mask_threshold\""]"",""[\""synthetic\"",\""synthetic_31010\"",\""linear_mask_threshold\""]"",""[\""synthetic\"",\""synthetic_31011\"",\""linear_mask_threshold\""]"",""[\""synthetic\"",\""synthetic_31012\"",\""linear_mask_threshold\""]"",""[\""synthetic\"",\""synthetic_31013\"",\""linear_mask_threshold\""]"",""[\""synthetic\"",\""synthetic_31014\"",\""linear_mask_threshold\""]"",""[\""synthetic\"",\""synthetic_31015\"",\""linear_mask_threshold\""]"",""[\""synthetic\"",\""synthetic_31016\"",\""linear_mask_threshold\""]"",""[\""synthetic\"",\""synthetic_31017\"",\""linear_mask_threshold\""]"",""[\""synthetic\"",\""synthetic_31018\"",\""linear_mask_threshold\""]"",""[\""synthetic\"",\""synthetic_31019\"",\""linear_mask_threshold\""]"",""[\""synthetic\"",\""synthetic_31020\"",\""linear_mask_threshold\""]"",""[\""synthetic\"",\""synthetic_31021\"",\""linear_mask_threshold\""]"",""[\""synthetic\"",\""synthetic_31022\"",\""linear_mask_threshold\""]"",""[\""synthetic\"",\""synthetic_31023\"",\""linear_mask_threshold\""]"",""[\""synthetic\"",\""synthetic_31024\"",\""linear_mask_threshold\""]"",""[\""synthetic\"",\""synthetic_31025\"",\""linear_mask_threshold\""]"",""[\""synthetic\"",\""synthetic_31026\"",\""linear_mask_threshold\""]"",""[\""synthetic\"",\""synthetic_31027\"",\""linear_mask_threshold\""]"",""[\""synthetic\"",\""synthetic_31028\"",\""linear_mask_threshold\""]"",""[\""synthetic\"",\""synthetic_31029\"",\""linear_mask_threshold\""]"",""[\""synthetic\"",\""synthetic_31030\"",\""linear_mask_threshold\""]"",""[\""synthetic\"",\""synthetic_31031\"",\""linear_mask_threshold\""]""]",Descriptive direct ROI statistics; exact nonzero is not a clinical or material-change threshold. 
synthetic,orient,valid_control,source,roi_voxels,32,0,0,0.0,0.0,0.0,0,0.0,32,0,0,0.0,0.0,0.0,0,0.0,0,"[""[\""synthetic\"",\""synthetic_31000\"",\""orient\""]"",""[\""synthetic\"",\""synthetic_31001\"",\""orient\""]"",""[\""synthetic\"",\""synthetic_31002\"",\""orient\""]"",""[\""synthetic\"",\""synthetic_31003\"",\""orient\""]"",""[\""synthetic\"",\""synthetic_31004\"",\""orient\""]"",""[\""synthetic\"",\""synthetic_31005\"",\""orient\""]"",""[\""synthetic\"",\""synthetic_31006\"",\""orient\""]"",""[\""synthetic\"",\""synthetic_31007\"",\""orient\""]"",""[\""synthetic\"",\""synthetic_31008\"",\""orient\""]"",""[\""synthetic\"",\""synthetic_31009\"",\""orient\""]"",""[\""synthetic\"",\""synthetic_31010\"",\""orient\""]"",""[\""synthetic\"",\""synthetic_31011\"",\""orient\""]"",""[\""synthetic\"",\""synthetic_31012\"",\""orient\""]"",""[\""synthetic\"",\""synthetic_31013\"",\""orient\""]"",""[\""synthetic\"",\""synthetic_31014\"",\""orient\""]"",""[\""synthetic\"",\""synthetic_31015\"",\""orient\""]"",""[\""synthetic\"",\""synthetic_31016\"",\""orient\""]"",""[\""synthetic\"",\""synthetic_31017\"",\""orient\""]"",""[\""synthetic\"",\""synthetic_31018\"",\""orient\""]"",""[\""synthetic\"",\""synthetic_31019\"",\""orient\""]"",""[\""synthetic\"",\""synthetic_31020\"",\""orient\""]"",""[\""synthetic\"",\""synthetic_31021\"",\""orient\""]"",""[\""synthetic\"",\""synthetic_31022\"",\""orient\""]"",""[\""synthetic\"",\""synthetic_31023\"",\""orient\""]"",""[\""synthetic\"",\""synthetic_31024\"",\""orient\""]"",""[\""synthetic\"",\""synthetic_31025\"",\""orient\""]"",""[\""synthetic\"",\""synthetic_31026\"",\""orient\""]"",""[\""synthetic\"",\""synthetic_31027\"",\""orient\""]"",""[\""synthetic\"",\""synthetic_31028\"",\""orient\""]"",""[\""synthetic\"",\""synthetic_31029\"",\""orient\""]"",""[\""synthetic\"",\""synthetic_31030\"",\""orient\""]"",""[\""synthetic\"",\""synthetic_31031\"",\""orient\""]""]",Descriptive direct ROI statistics; exact nonzero is not a clinical or material-change threshold. 
synthetic,orient,valid_control,source,occupied_volume_mm3,32,0,-3.637978807091713e-12,-2.2737367544323206e-13,0.0,4.547473508864641e-13,3.637978807091713e-12,1.1368683772161603e-13,32,0,0.0,0.0,4.547473508864641e-13,1.8189894035458565e-12,3.637978807091713e-12,9.094947017729282e-13,17,"[""[\""synthetic\"",\""synthetic_31000\"",\""orient\""]"",""[\""synthetic\"",\""synthetic_31001\"",\""orient\""]"",""[\""synthetic\"",\""synthetic_31002\"",\""orient\""]"",""[\""synthetic\"",\""synthetic_31003\"",\""orient\""]"",""[\""synthetic\"",\""synthetic_31004\"",\""orient\""]"",""[\""synthetic\"",\""synthetic_31005\"",\""orient\""]"",""[\""synthetic\"",\""synthetic_31006\"",\""orient\""]"",""[\""synthetic\"",\""synthetic_31007\"",\""orient\""]"",""[\""synthetic\"",\""synthetic_31008\"",\""orient\""]"",""[\""synthetic\"",\""synthetic_31009\"",\""orient\""]"",""[\""synthetic\"",\""synthetic_31010\"",\""orient\""]"",""[\""synthetic\"",\""synthetic_31011\"",\""orient\""]"",""[\""synthetic\"",\""synthetic_31012\"",\""orient\""]"",""[\""synthetic\"",\""synthetic_31013\"",\""orient\""]"",""[\""synthetic\"",\""synthetic_31014\"",\""orient\""]"",""[\""synthetic\"",\""synthetic_31015\"",\""orient\""]"",""[\""synthetic\"",\""synthetic_31016\"",\""orient\""]"",""[\""synthetic\"",\""synthetic_31017\"",\""orient\""]"",""[\""synthetic\"",\""synthetic_31018\"",\""orient\""]"",""[\""synthetic\"",\""synthetic_31019\"",\""orient\""]"",""[\""synthetic\"",\""synthetic_31020\"",\""orient\""]"",""[\""synthetic\"",\""synthetic_31021\"",\""orient\""]"",""[\""synthetic\"",\""synthetic_31022\"",\""orient\""]"",""[\""synthetic\"",\""synthetic_31023\"",\""orient\""]"",""[\""synthetic\"",\""synthetic_31024\"",\""orient\""]"",""[\""synthetic\"",\""synthetic_31025\"",\""orient\""]"",""[\""synthetic\"",\""synthetic_31026\"",\""orient\""]"",""[\""synthetic\"",\""synthetic_31027\"",\""orient\""]"",""[\""synthetic\"",\""synthetic_31028\"",\""orient\""]"",""[\""synthetic\"",\""synthetic_31029\"",\""orient\""]"",""[\""synthetic\"",\""synthetic_31030\"",\""orient\""]"",""[\""synthetic\"",\""synthetic_31031\"",\""orient\""]""]",Descriptive direct ROI statistics; exact nonzero is not a clinical or material-change threshold. 
synthetic,orient,valid_control,source,mean,32,0,0.0,0.0,0.0,0.0,0.0,0.0,32,0,0.0,0.0,0.0,0.0,0.0,0.0,0,"[""[\""synthetic\"",\""synthetic_31000\"",\""orient\""]"",""[\""synthetic\"",\""synthetic_31001\"",\""orient\""]"",""[\""synthetic\"",\""synthetic_31002\"",\""orient\""]"",""[\""synthetic\"",\""synthetic_31003\"",\""orient\""]"",""[\""synthetic\"",\""synthetic_31004\"",\""orient\""]"",""[\""synthetic\"",\""synthetic_31005\"",\""orient\""]"",""[\""synthetic\"",\""synthetic_31006\"",\""orient\""]"",""[\""synthetic\"",\""synthetic_31007\"",\""orient\""]"",""[\""synthetic\"",\""synthetic_31008\"",\""orient\""]"",""[\""synthetic\"",\""synthetic_31009\"",\""orient\""]"",""[\""synthetic\"",\""synthetic_31010\"",\""orient\""]"",""[\""synthetic\"",\""synthetic_31011\"",\""orient\""]"",""[\""synthetic\"",\""synthetic_31012\"",\""orient\""]"",""[\""synthetic\"",\""synthetic_31013\"",\""orient\""]"",""[\""synthetic\"",\""synthetic_31014\"",\""orient\""]"",""[\""synthetic\"",\""synthetic_31015\"",\""orient\""]"",""[\""synthetic\"",\""synthetic_31016\"",\""orient\""]"",""[\""synthetic\"",\""synthetic_31017\"",\""orient\""]"",""[\""synthetic\"",\""synthetic_31018\"",\""orient\""]"",""[\""synthetic\"",\""synthetic_31019\"",\""orient\""]"",""[\""synthetic\"",\""synthetic_31020\"",\""orient\""]"",""[\""synthetic\"",\""synthetic_31021\"",\""orient\""]"",""[\""synthetic\"",\""synthetic_31022\"",\""orient\""]"",""[\""synthetic\"",\""synthetic_31023\"",\""orient\""]"",""[\""synthetic\"",\""synthetic_31024\"",\""orient\""]"",""[\""synthetic\"",\""synthetic_31025\"",\""orient\""]"",""[\""synthetic\"",\""synthetic_31026\"",\""orient\""]"",""[\""synthetic\"",\""synthetic_31027\"",\""orient\""]"",""[\""synthetic\"",\""synthetic_31028\"",\""orient\""]"",""[\""synthetic\"",\""synthetic_31029\"",\""orient\""]"",""[\""synthetic\"",\""synthetic_31030\"",\""orient\""]"",""[\""synthetic\"",\""synthetic_31031\"",\""orient\""]""]",Descriptive direct ROI statistics; exact nonzero is not a clinical or material-change threshold. 
synthetic,orient,valid_control,source,population_variance,32,0,-1.1368683772161603e-13,-5.684341886080802e-14,0.0,0.0,5.684341886080802e-14,-1.9539925233402755e-14,32,0,0.0,0.0,0.0,5.684341886080802e-14,1.1368683772161603e-13,3.019806626980426e-14,14,"[""[\""synthetic\"",\""synthetic_31000\"",\""orient\""]"",""[\""synthetic\"",\""synthetic_31001\"",\""orient\""]"",""[\""synthetic\"",\""synthetic_31002\"",\""orient\""]"",""[\""synthetic\"",\""synthetic_31003\"",\""orient\""]"",""[\""synthetic\"",\""synthetic_31004\"",\""orient\""]"",""[\""synthetic\"",\""synthetic_31005\"",\""orient\""]"",""[\""synthetic\"",\""synthetic_31006\"",\""orient\""]"",""[\""synthetic\"",\""synthetic_31007\"",\""orient\""]"",""[\""synthetic\"",\""synthetic_31008\"",\""orient\""]"",""[\""synthetic\"",\""synthetic_31009\"",\""orient\""]"",""[\""synthetic\"",\""synthetic_31010\"",\""orient\""]"",""[\""synthetic\"",\""synthetic_31011\"",\""orient\""]"",""[\""synthetic\"",\""synthetic_31012\"",\""orient\""]"",""[\""synthetic\"",\""synthetic_31013\"",\""orient\""]"",""[\""synthetic\"",\""synthetic_31014\"",\""orient\""]"",""[\""synthetic\"",\""synthetic_31015\"",\""orient\""]"",""[\""synthetic\"",\""synthetic_31016\"",\""orient\""]"",""[\""synthetic\"",\""synthetic_31017\"",\""orient\""]"",""[\""synthetic\"",\""synthetic_31018\"",\""orient\""]"",""[\""synthetic\"",\""synthetic_31019\"",\""orient\""]"",""[\""synthetic\"",\""synthetic_31020\"",\""orient\""]"",""[\""synthetic\"",\""synthetic_31021\"",\""orient\""]"",""[\""synthetic\"",\""synthetic_31022\"",\""orient\""]"",""[\""synthetic\"",\""synthetic_31023\"",\""orient\""]"",""[\""synthetic\"",\""synthetic_31024\"",\""orient\""]"",""[\""synthetic\"",\""synthetic_31025\"",\""orient\""]"",""[\""synthetic\"",\""synthetic_31026\"",\""orient\""]"",""[\""synthetic\"",\""synthetic_31027\"",\""orient\""]"",""[\""synthetic\"",\""synthetic_31028\"",\""orient\""]"",""[\""synthetic\"",\""synthetic_31029\"",\""orient\""]"",""[\""synthetic\"",\""synthetic_31030\"",\""orient\""]"",""[\""synthetic\"",\""synthetic_31031\"",\""orient\""]""]",Descriptive direct ROI statistics; exact nonzero is not a clinical or material-change threshold. 
synthetic,orient,valid_control,correct_operation,roi_voxels,32,0,0,0.0,0.0,0.0,0,0.0,32,0,0,0.0,0.0,0.0,0,0.0,0,"[""[\""synthetic\"",\""synthetic_31000\"",\""orient\""]"",""[\""synthetic\"",\""synthetic_31001\"",\""orient\""]"",""[\""synthetic\"",\""synthetic_31002\"",\""orient\""]"",""[\""synthetic\"",\""synthetic_31003\"",\""orient\""]"",""[\""synthetic\"",\""synthetic_31004\"",\""orient\""]"",""[\""synthetic\"",\""synthetic_31005\"",\""orient\""]"",""[\""synthetic\"",\""synthetic_31006\"",\""orient\""]"",""[\""synthetic\"",\""synthetic_31007\"",\""orient\""]"",""[\""synthetic\"",\""synthetic_31008\"",\""orient\""]"",""[\""synthetic\"",\""synthetic_31009\"",\""orient\""]"",""[\""synthetic\"",\""synthetic_31010\"",\""orient\""]"",""[\""synthetic\"",\""synthetic_31011\"",\""orient\""]"",""[\""synthetic\"",\""synthetic_31012\"",\""orient\""]"",""[\""synthetic\"",\""synthetic_31013\"",\""orient\""]"",""[\""synthetic\"",\""synthetic_31014\"",\""orient\""]"",""[\""synthetic\"",\""synthetic_31015\"",\""orient\""]"",""[\""synthetic\"",\""synthetic_31016\"",\""orient\""]"",""[\""synthetic\"",\""synthetic_31017\"",\""orient\""]"",""[\""synthetic\"",\""synthetic_31018\"",\""orient\""]"",""[\""synthetic\"",\""synthetic_31019\"",\""orient\""]"",""[\""synthetic\"",\""synthetic_31020\"",\""orient\""]"",""[\""synthetic\"",\""synthetic_31021\"",\""orient\""]"",""[\""synthetic\"",\""synthetic_31022\"",\""orient\""]"",""[\""synthetic\"",\""synthetic_31023\"",\""orient\""]"",""[\""synthetic\"",\""synthetic_31024\"",\""orient\""]"",""[\""synthetic\"",\""synthetic_31025\"",\""orient\""]"",""[\""synthetic\"",\""synthetic_31026\"",\""orient\""]"",""[\""synthetic\"",\""synthetic_31027\"",\""orient\""]"",""[\""synthetic\"",\""synthetic_31028\"",\""orient\""]"",""[\""synthetic\"",\""synthetic_31029\"",\""orient\""]"",""[\""synthetic\"",\""synthetic_31030\"",\""orient\""]"",""[\""synthetic\"",\""synthetic_31031\"",\""orient\""]""]",Descriptive direct ROI statistics; exact nonzero is not a clinical or material-change threshold. Controls use their own observed output as correct_operation: their zero here is by construction.
synthetic,orient,valid_control,correct_operation,occupied_volume_mm3,32,0,0.0,0.0,0.0,0.0,0.0,0.0,32,0,0.0,0.0,0.0,0.0,0.0,0.0,0,"[""[\""synthetic\"",\""synthetic_31000\"",\""orient\""]"",""[\""synthetic\"",\""synthetic_31001\"",\""orient\""]"",""[\""synthetic\"",\""synthetic_31002\"",\""orient\""]"",""[\""synthetic\"",\""synthetic_31003\"",\""orient\""]"",""[\""synthetic\"",\""synthetic_31004\"",\""orient\""]"",""[\""synthetic\"",\""synthetic_31005\"",\""orient\""]"",""[\""synthetic\"",\""synthetic_31006\"",\""orient\""]"",""[\""synthetic\"",\""synthetic_31007\"",\""orient\""]"",""[\""synthetic\"",\""synthetic_31008\"",\""orient\""]"",""[\""synthetic\"",\""synthetic_31009\"",\""orient\""]"",""[\""synthetic\"",\""synthetic_31010\"",\""orient\""]"",""[\""synthetic\"",\""synthetic_31011\"",\""orient\""]"",""[\""synthetic\"",\""synthetic_31012\"",\""orient\""]"",""[\""synthetic\"",\""synthetic_31013\"",\""orient\""]"",""[\""synthetic\"",\""synthetic_31014\"",\""orient\""]"",""[\""synthetic\"",\""synthetic_31015\"",\""orient\""]"",""[\""synthetic\"",\""synthetic_31016\"",\""orient\""]"",""[\""synthetic\"",\""synthetic_31017\"",\""orient\""]"",""[\""synthetic\"",\""synthetic_31018\"",\""orient\""]"",""[\""synthetic\"",\""synthetic_31019\"",\""orient\""]"",""[\""synthetic\"",\""synthetic_31020\"",\""orient\""]"",""[\""synthetic\"",\""synthetic_31021\"",\""orient\""]"",""[\""synthetic\"",\""synthetic_31022\"",\""orient\""]"",""[\""synthetic\"",\""synthetic_31023\"",\""orient\""]"",""[\""synthetic\"",\""synthetic_31024\"",\""orient\""]"",""[\""synthetic\"",\""synthetic_31025\"",\""orient\""]"",""[\""synthetic\"",\""synthetic_31026\"",\""orient\""]"",""[\""synthetic\"",\""synthetic_31027\"",\""orient\""]"",""[\""synthetic\"",\""synthetic_31028\"",\""orient\""]"",""[\""synthetic\"",\""synthetic_31029\"",\""orient\""]"",""[\""synthetic\"",\""synthetic_31030\"",\""orient\""]"",""[\""synthetic\"",\""synthetic_31031\"",\""orient\""]""]",Descriptive direct ROI statistics; exact nonzero is not a clinical or material-change threshold. Controls use their own observed output as correct_operation: their zero here is by construction.
synthetic,orient,valid_control,correct_operation,mean,32,0,0.0,0.0,0.0,0.0,0.0,0.0,32,0,0.0,0.0,0.0,0.0,0.0,0.0,0,"[""[\""synthetic\"",\""synthetic_31000\"",\""orient\""]"",""[\""synthetic\"",\""synthetic_31001\"",\""orient\""]"",""[\""synthetic\"",\""synthetic_31002\"",\""orient\""]"",""[\""synthetic\"",\""synthetic_31003\"",\""orient\""]"",""[\""synthetic\"",\""synthetic_31004\"",\""orient\""]"",""[\""synthetic\"",\""synthetic_31005\"",\""orient\""]"",""[\""synthetic\"",\""synthetic_31006\"",\""orient\""]"",""[\""synthetic\"",\""synthetic_31007\"",\""orient\""]"",""[\""synthetic\"",\""synthetic_31008\"",\""orient\""]"",""[\""synthetic\"",\""synthetic_31009\"",\""orient\""]"",""[\""synthetic\"",\""synthetic_31010\"",\""orient\""]"",""[\""synthetic\"",\""synthetic_31011\"",\""orient\""]"",""[\""synthetic\"",\""synthetic_31012\"",\""orient\""]"",""[\""synthetic\"",\""synthetic_31013\"",\""orient\""]"",""[\""synthetic\"",\""synthetic_31014\"",\""orient\""]"",""[\""synthetic\"",\""synthetic_31015\"",\""orient\""]"",""[\""synthetic\"",\""synthetic_31016\"",\""orient\""]"",""[\""synthetic\"",\""synthetic_31017\"",\""orient\""]"",""[\""synthetic\"",\""synthetic_31018\"",\""orient\""]"",""[\""synthetic\"",\""synthetic_31019\"",\""orient\""]"",""[\""synthetic\"",\""synthetic_31020\"",\""orient\""]"",""[\""synthetic\"",\""synthetic_31021\"",\""orient\""]"",""[\""synthetic\"",\""synthetic_31022\"",\""orient\""]"",""[\""synthetic\"",\""synthetic_31023\"",\""orient\""]"",""[\""synthetic\"",\""synthetic_31024\"",\""orient\""]"",""[\""synthetic\"",\""synthetic_31025\"",\""orient\""]"",""[\""synthetic\"",\""synthetic_31026\"",\""orient\""]"",""[\""synthetic\"",\""synthetic_31027\"",\""orient\""]"",""[\""synthetic\"",\""synthetic_31028\"",\""orient\""]"",""[\""synthetic\"",\""synthetic_31029\"",\""orient\""]"",""[\""synthetic\"",\""synthetic_31030\"",\""orient\""]"",""[\""synthetic\"",\""synthetic_31031\"",\""orient\""]""]",Descriptive direct ROI statistics; exact nonzero is not a clinical or material-change threshold. Controls use their own observed output as correct_operation: their zero here is by construction.
synthetic,orient,valid_control,correct_operation,population_variance,32,0,0.0,0.0,0.0,0.0,0.0,0.0,32,0,0.0,0.0,0.0,0.0,0.0,0.0,0,"[""[\""synthetic\"",\""synthetic_31000\"",\""orient\""]"",""[\""synthetic\"",\""synthetic_31001\"",\""orient\""]"",""[\""synthetic\"",\""synthetic_31002\"",\""orient\""]"",""[\""synthetic\"",\""synthetic_31003\"",\""orient\""]"",""[\""synthetic\"",\""synthetic_31004\"",\""orient\""]"",""[\""synthetic\"",\""synthetic_31005\"",\""orient\""]"",""[\""synthetic\"",\""synthetic_31006\"",\""orient\""]"",""[\""synthetic\"",\""synthetic_31007\"",\""orient\""]"",""[\""synthetic\"",\""synthetic_31008\"",\""orient\""]"",""[\""synthetic\"",\""synthetic_31009\"",\""orient\""]"",""[\""synthetic\"",\""synthetic_31010\"",\""orient\""]"",""[\""synthetic\"",\""synthetic_31011\"",\""orient\""]"",""[\""synthetic\"",\""synthetic_31012\"",\""orient\""]"",""[\""synthetic\"",\""synthetic_31013\"",\""orient\""]"",""[\""synthetic\"",\""synthetic_31014\"",\""orient\""]"",""[\""synthetic\"",\""synthetic_31015\"",\""orient\""]"",""[\""synthetic\"",\""synthetic_31016\"",\""orient\""]"",""[\""synthetic\"",\""synthetic_31017\"",\""orient\""]"",""[\""synthetic\"",\""synthetic_31018\"",\""orient\""]"",""[\""synthetic\"",\""synthetic_31019\"",\""orient\""]"",""[\""synthetic\"",\""synthetic_31020\"",\""orient\""]"",""[\""synthetic\"",\""synthetic_31021\"",\""orient\""]"",""[\""synthetic\"",\""synthetic_31022\"",\""orient\""]"",""[\""synthetic\"",\""synthetic_31023\"",\""orient\""]"",""[\""synthetic\"",\""synthetic_31024\"",\""orient\""]"",""[\""synthetic\"",\""synthetic_31025\"",\""orient\""]"",""[\""synthetic\"",\""synthetic_31026\"",\""orient\""]"",""[\""synthetic\"",\""synthetic_31027\"",\""orient\""]"",""[\""synthetic\"",\""synthetic_31028\"",\""orient\""]"",""[\""synthetic\"",\""synthetic_31029\"",\""orient\""]"",""[\""synthetic\"",\""synthetic_31030\"",\""orient\""]"",""[\""synthetic\"",\""synthetic_31031\"",\""orient\""]""]",Descriptive direct ROI statistics; exact nonzero is not a clinical or material-change threshold. Controls use their own observed output as correct_operation: their zero here is by construction.
synthetic,pad,valid_control,source,roi_voxels,32,0,0,0.0,0.0,0.0,0,0.0,32,0,0,0.0,0.0,0.0,0,0.0,0,"[""[\""synthetic\"",\""synthetic_31000\"",\""pad\""]"",""[\""synthetic\"",\""synthetic_31001\"",\""pad\""]"",""[\""synthetic\"",\""synthetic_31002\"",\""pad\""]"",""[\""synthetic\"",\""synthetic_31003\"",\""pad\""]"",""[\""synthetic\"",\""synthetic_31004\"",\""pad\""]"",""[\""synthetic\"",\""synthetic_31005\"",\""pad\""]"",""[\""synthetic\"",\""synthetic_31006\"",\""pad\""]"",""[\""synthetic\"",\""synthetic_31007\"",\""pad\""]"",""[\""synthetic\"",\""synthetic_31008\"",\""pad\""]"",""[\""synthetic\"",\""synthetic_31009\"",\""pad\""]"",""[\""synthetic\"",\""synthetic_31010\"",\""pad\""]"",""[\""synthetic\"",\""synthetic_31011\"",\""pad\""]"",""[\""synthetic\"",\""synthetic_31012\"",\""pad\""]"",""[\""synthetic\"",\""synthetic_31013\"",\""pad\""]"",""[\""synthetic\"",\""synthetic_31014\"",\""pad\""]"",""[\""synthetic\"",\""synthetic_31015\"",\""pad\""]"",""[\""synthetic\"",\""synthetic_31016\"",\""pad\""]"",""[\""synthetic\"",\""synthetic_31017\"",\""pad\""]"",""[\""synthetic\"",\""synthetic_31018\"",\""pad\""]"",""[\""synthetic\"",\""synthetic_31019\"",\""pad\""]"",""[\""synthetic\"",\""synthetic_31020\"",\""pad\""]"",""[\""synthetic\"",\""synthetic_31021\"",\""pad\""]"",""[\""synthetic\"",\""synthetic_31022\"",\""pad\""]"",""[\""synthetic\"",\""synthetic_31023\"",\""pad\""]"",""[\""synthetic\"",\""synthetic_31024\"",\""pad\""]"",""[\""synthetic\"",\""synthetic_31025\"",\""pad\""]"",""[\""synthetic\"",\""synthetic_31026\"",\""pad\""]"",""[\""synthetic\"",\""synthetic_31027\"",\""pad\""]"",""[\""synthetic\"",\""synthetic_31028\"",\""pad\""]"",""[\""synthetic\"",\""synthetic_31029\"",\""pad\""]"",""[\""synthetic\"",\""synthetic_31030\"",\""pad\""]"",""[\""synthetic\"",\""synthetic_31031\"",\""pad\""]""]",Descriptive direct ROI statistics; exact nonzero is not a clinical or material-change threshold. 
synthetic,pad,valid_control,source,occupied_volume_mm3,32,0,0.0,0.0,0.0,0.0,0.0,0.0,32,0,0.0,0.0,0.0,0.0,0.0,0.0,0,"[""[\""synthetic\"",\""synthetic_31000\"",\""pad\""]"",""[\""synthetic\"",\""synthetic_31001\"",\""pad\""]"",""[\""synthetic\"",\""synthetic_31002\"",\""pad\""]"",""[\""synthetic\"",\""synthetic_31003\"",\""pad\""]"",""[\""synthetic\"",\""synthetic_31004\"",\""pad\""]"",""[\""synthetic\"",\""synthetic_31005\"",\""pad\""]"",""[\""synthetic\"",\""synthetic_31006\"",\""pad\""]"",""[\""synthetic\"",\""synthetic_31007\"",\""pad\""]"",""[\""synthetic\"",\""synthetic_31008\"",\""pad\""]"",""[\""synthetic\"",\""synthetic_31009\"",\""pad\""]"",""[\""synthetic\"",\""synthetic_31010\"",\""pad\""]"",""[\""synthetic\"",\""synthetic_31011\"",\""pad\""]"",""[\""synthetic\"",\""synthetic_31012\"",\""pad\""]"",""[\""synthetic\"",\""synthetic_31013\"",\""pad\""]"",""[\""synthetic\"",\""synthetic_31014\"",\""pad\""]"",""[\""synthetic\"",\""synthetic_31015\"",\""pad\""]"",""[\""synthetic\"",\""synthetic_31016\"",\""pad\""]"",""[\""synthetic\"",\""synthetic_31017\"",\""pad\""]"",""[\""synthetic\"",\""synthetic_31018\"",\""pad\""]"",""[\""synthetic\"",\""synthetic_31019\"",\""pad\""]"",""[\""synthetic\"",\""synthetic_31020\"",\""pad\""]"",""[\""synthetic\"",\""synthetic_31021\"",\""pad\""]"",""[\""synthetic\"",\""synthetic_31022\"",\""pad\""]"",""[\""synthetic\"",\""synthetic_31023\"",\""pad\""]"",""[\""synthetic\"",\""synthetic_31024\"",\""pad\""]"",""[\""synthetic\"",\""synthetic_31025\"",\""pad\""]"",""[\""synthetic\"",\""synthetic_31026\"",\""pad\""]"",""[\""synthetic\"",\""synthetic_31027\"",\""pad\""]"",""[\""synthetic\"",\""synthetic_31028\"",\""pad\""]"",""[\""synthetic\"",\""synthetic_31029\"",\""pad\""]"",""[\""synthetic\"",\""synthetic_31030\"",\""pad\""]"",""[\""synthetic\"",\""synthetic_31031\"",\""pad\""]""]",Descriptive direct ROI statistics; exact nonzero is not a clinical or material-change threshold. 
synthetic,pad,valid_control,source,mean,32,0,0.0,0.0,0.0,0.0,0.0,0.0,32,0,0.0,0.0,0.0,0.0,0.0,0.0,0,"[""[\""synthetic\"",\""synthetic_31000\"",\""pad\""]"",""[\""synthetic\"",\""synthetic_31001\"",\""pad\""]"",""[\""synthetic\"",\""synthetic_31002\"",\""pad\""]"",""[\""synthetic\"",\""synthetic_31003\"",\""pad\""]"",""[\""synthetic\"",\""synthetic_31004\"",\""pad\""]"",""[\""synthetic\"",\""synthetic_31005\"",\""pad\""]"",""[\""synthetic\"",\""synthetic_31006\"",\""pad\""]"",""[\""synthetic\"",\""synthetic_31007\"",\""pad\""]"",""[\""synthetic\"",\""synthetic_31008\"",\""pad\""]"",""[\""synthetic\"",\""synthetic_31009\"",\""pad\""]"",""[\""synthetic\"",\""synthetic_31010\"",\""pad\""]"",""[\""synthetic\"",\""synthetic_31011\"",\""pad\""]"",""[\""synthetic\"",\""synthetic_31012\"",\""pad\""]"",""[\""synthetic\"",\""synthetic_31013\"",\""pad\""]"",""[\""synthetic\"",\""synthetic_31014\"",\""pad\""]"",""[\""synthetic\"",\""synthetic_31015\"",\""pad\""]"",""[\""synthetic\"",\""synthetic_31016\"",\""pad\""]"",""[\""synthetic\"",\""synthetic_31017\"",\""pad\""]"",""[\""synthetic\"",\""synthetic_31018\"",\""pad\""]"",""[\""synthetic\"",\""synthetic_31019\"",\""pad\""]"",""[\""synthetic\"",\""synthetic_31020\"",\""pad\""]"",""[\""synthetic\"",\""synthetic_31021\"",\""pad\""]"",""[\""synthetic\"",\""synthetic_31022\"",\""pad\""]"",""[\""synthetic\"",\""synthetic_31023\"",\""pad\""]"",""[\""synthetic\"",\""synthetic_31024\"",\""pad\""]"",""[\""synthetic\"",\""synthetic_31025\"",\""pad\""]"",""[\""synthetic\"",\""synthetic_31026\"",\""pad\""]"",""[\""synthetic\"",\""synthetic_31027\"",\""pad\""]"",""[\""synthetic\"",\""synthetic_31028\"",\""pad\""]"",""[\""synthetic\"",\""synthetic_31029\"",\""pad\""]"",""[\""synthetic\"",\""synthetic_31030\"",\""pad\""]"",""[\""synthetic\"",\""synthetic_31031\"",\""pad\""]""]",Descriptive direct ROI statistics; exact nonzero is not a clinical or material-change threshold. 
synthetic,pad,valid_control,source,population_variance,32,0,0.0,0.0,0.0,0.0,0.0,0.0,32,0,0.0,0.0,0.0,0.0,0.0,0.0,0,"[""[\""synthetic\"",\""synthetic_31000\"",\""pad\""]"",""[\""synthetic\"",\""synthetic_31001\"",\""pad\""]"",""[\""synthetic\"",\""synthetic_31002\"",\""pad\""]"",""[\""synthetic\"",\""synthetic_31003\"",\""pad\""]"",""[\""synthetic\"",\""synthetic_31004\"",\""pad\""]"",""[\""synthetic\"",\""synthetic_31005\"",\""pad\""]"",""[\""synthetic\"",\""synthetic_31006\"",\""pad\""]"",""[\""synthetic\"",\""synthetic_31007\"",\""pad\""]"",""[\""synthetic\"",\""synthetic_31008\"",\""pad\""]"",""[\""synthetic\"",\""synthetic_31009\"",\""pad\""]"",""[\""synthetic\"",\""synthetic_31010\"",\""pad\""]"",""[\""synthetic\"",\""synthetic_31011\"",\""pad\""]"",""[\""synthetic\"",\""synthetic_31012\"",\""pad\""]"",""[\""synthetic\"",\""synthetic_31013\"",\""pad\""]"",""[\""synthetic\"",\""synthetic_31014\"",\""pad\""]"",""[\""synthetic\"",\""synthetic_31015\"",\""pad\""]"",""[\""synthetic\"",\""synthetic_31016\"",\""pad\""]"",""[\""synthetic\"",\""synthetic_31017\"",\""pad\""]"",""[\""synthetic\"",\""synthetic_31018\"",\""pad\""]"",""[\""synthetic\"",\""synthetic_31019\"",\""pad\""]"",""[\""synthetic\"",\""synthetic_31020\"",\""pad\""]"",""[\""synthetic\"",\""synthetic_31021\"",\""pad\""]"",""[\""synthetic\"",\""synthetic_31022\"",\""pad\""]"",""[\""synthetic\"",\""synthetic_31023\"",\""pad\""]"",""[\""synthetic\"",\""synthetic_31024\"",\""pad\""]"",""[\""synthetic\"",\""synthetic_31025\"",\""pad\""]"",""[\""synthetic\"",\""synthetic_31026\"",\""pad\""]"",""[\""synthetic\"",\""synthetic_31027\"",\""pad\""]"",""[\""synthetic\"",\""synthetic_31028\"",\""pad\""]"",""[\""synthetic\"",\""synthetic_31029\"",\""pad\""]"",""[\""synthetic\"",\""synthetic_31030\"",\""pad\""]"",""[\""synthetic\"",\""synthetic_31031\"",\""pad\""]""]",Descriptive direct ROI statistics; exact nonzero is not a clinical or material-change threshold. 
synthetic,pad,valid_control,correct_operation,roi_voxels,32,0,0,0.0,0.0,0.0,0,0.0,32,0,0,0.0,0.0,0.0,0,0.0,0,"[""[\""synthetic\"",\""synthetic_31000\"",\""pad\""]"",""[\""synthetic\"",\""synthetic_31001\"",\""pad\""]"",""[\""synthetic\"",\""synthetic_31002\"",\""pad\""]"",""[\""synthetic\"",\""synthetic_31003\"",\""pad\""]"",""[\""synthetic\"",\""synthetic_31004\"",\""pad\""]"",""[\""synthetic\"",\""synthetic_31005\"",\""pad\""]"",""[\""synthetic\"",\""synthetic_31006\"",\""pad\""]"",""[\""synthetic\"",\""synthetic_31007\"",\""pad\""]"",""[\""synthetic\"",\""synthetic_31008\"",\""pad\""]"",""[\""synthetic\"",\""synthetic_31009\"",\""pad\""]"",""[\""synthetic\"",\""synthetic_31010\"",\""pad\""]"",""[\""synthetic\"",\""synthetic_31011\"",\""pad\""]"",""[\""synthetic\"",\""synthetic_31012\"",\""pad\""]"",""[\""synthetic\"",\""synthetic_31013\"",\""pad\""]"",""[\""synthetic\"",\""synthetic_31014\"",\""pad\""]"",""[\""synthetic\"",\""synthetic_31015\"",\""pad\""]"",""[\""synthetic\"",\""synthetic_31016\"",\""pad\""]"",""[\""synthetic\"",\""synthetic_31017\"",\""pad\""]"",""[\""synthetic\"",\""synthetic_31018\"",\""pad\""]"",""[\""synthetic\"",\""synthetic_31019\"",\""pad\""]"",""[\""synthetic\"",\""synthetic_31020\"",\""pad\""]"",""[\""synthetic\"",\""synthetic_31021\"",\""pad\""]"",""[\""synthetic\"",\""synthetic_31022\"",\""pad\""]"",""[\""synthetic\"",\""synthetic_31023\"",\""pad\""]"",""[\""synthetic\"",\""synthetic_31024\"",\""pad\""]"",""[\""synthetic\"",\""synthetic_31025\"",\""pad\""]"",""[\""synthetic\"",\""synthetic_31026\"",\""pad\""]"",""[\""synthetic\"",\""synthetic_31027\"",\""pad\""]"",""[\""synthetic\"",\""synthetic_31028\"",\""pad\""]"",""[\""synthetic\"",\""synthetic_31029\"",\""pad\""]"",""[\""synthetic\"",\""synthetic_31030\"",\""pad\""]"",""[\""synthetic\"",\""synthetic_31031\"",\""pad\""]""]",Descriptive direct ROI statistics; exact nonzero is not a clinical or material-change threshold. Controls use their own observed output as correct_operation: their zero here is by construction.
synthetic,pad,valid_control,correct_operation,occupied_volume_mm3,32,0,0.0,0.0,0.0,0.0,0.0,0.0,32,0,0.0,0.0,0.0,0.0,0.0,0.0,0,"[""[\""synthetic\"",\""synthetic_31000\"",\""pad\""]"",""[\""synthetic\"",\""synthetic_31001\"",\""pad\""]"",""[\""synthetic\"",\""synthetic_31002\"",\""pad\""]"",""[\""synthetic\"",\""synthetic_31003\"",\""pad\""]"",""[\""synthetic\"",\""synthetic_31004\"",\""pad\""]"",""[\""synthetic\"",\""synthetic_31005\"",\""pad\""]"",""[\""synthetic\"",\""synthetic_31006\"",\""pad\""]"",""[\""synthetic\"",\""synthetic_31007\"",\""pad\""]"",""[\""synthetic\"",\""synthetic_31008\"",\""pad\""]"",""[\""synthetic\"",\""synthetic_31009\"",\""pad\""]"",""[\""synthetic\"",\""synthetic_31010\"",\""pad\""]"",""[\""synthetic\"",\""synthetic_31011\"",\""pad\""]"",""[\""synthetic\"",\""synthetic_31012\"",\""pad\""]"",""[\""synthetic\"",\""synthetic_31013\"",\""pad\""]"",""[\""synthetic\"",\""synthetic_31014\"",\""pad\""]"",""[\""synthetic\"",\""synthetic_31015\"",\""pad\""]"",""[\""synthetic\"",\""synthetic_31016\"",\""pad\""]"",""[\""synthetic\"",\""synthetic_31017\"",\""pad\""]"",""[\""synthetic\"",\""synthetic_31018\"",\""pad\""]"",""[\""synthetic\"",\""synthetic_31019\"",\""pad\""]"",""[\""synthetic\"",\""synthetic_31020\"",\""pad\""]"",""[\""synthetic\"",\""synthetic_31021\"",\""pad\""]"",""[\""synthetic\"",\""synthetic_31022\"",\""pad\""]"",""[\""synthetic\"",\""synthetic_31023\"",\""pad\""]"",""[\""synthetic\"",\""synthetic_31024\"",\""pad\""]"",""[\""synthetic\"",\""synthetic_31025\"",\""pad\""]"",""[\""synthetic\"",\""synthetic_31026\"",\""pad\""]"",""[\""synthetic\"",\""synthetic_31027\"",\""pad\""]"",""[\""synthetic\"",\""synthetic_31028\"",\""pad\""]"",""[\""synthetic\"",\""synthetic_31029\"",\""pad\""]"",""[\""synthetic\"",\""synthetic_31030\"",\""pad\""]"",""[\""synthetic\"",\""synthetic_31031\"",\""pad\""]""]",Descriptive direct ROI statistics; exact nonzero is not a clinical or material-change threshold. Controls use their own observed output as correct_operation: their zero here is by construction.
synthetic,pad,valid_control,correct_operation,mean,32,0,0.0,0.0,0.0,0.0,0.0,0.0,32,0,0.0,0.0,0.0,0.0,0.0,0.0,0,"[""[\""synthetic\"",\""synthetic_31000\"",\""pad\""]"",""[\""synthetic\"",\""synthetic_31001\"",\""pad\""]"",""[\""synthetic\"",\""synthetic_31002\"",\""pad\""]"",""[\""synthetic\"",\""synthetic_31003\"",\""pad\""]"",""[\""synthetic\"",\""synthetic_31004\"",\""pad\""]"",""[\""synthetic\"",\""synthetic_31005\"",\""pad\""]"",""[\""synthetic\"",\""synthetic_31006\"",\""pad\""]"",""[\""synthetic\"",\""synthetic_31007\"",\""pad\""]"",""[\""synthetic\"",\""synthetic_31008\"",\""pad\""]"",""[\""synthetic\"",\""synthetic_31009\"",\""pad\""]"",""[\""synthetic\"",\""synthetic_31010\"",\""pad\""]"",""[\""synthetic\"",\""synthetic_31011\"",\""pad\""]"",""[\""synthetic\"",\""synthetic_31012\"",\""pad\""]"",""[\""synthetic\"",\""synthetic_31013\"",\""pad\""]"",""[\""synthetic\"",\""synthetic_31014\"",\""pad\""]"",""[\""synthetic\"",\""synthetic_31015\"",\""pad\""]"",""[\""synthetic\"",\""synthetic_31016\"",\""pad\""]"",""[\""synthetic\"",\""synthetic_31017\"",\""pad\""]"",""[\""synthetic\"",\""synthetic_31018\"",\""pad\""]"",""[\""synthetic\"",\""synthetic_31019\"",\""pad\""]"",""[\""synthetic\"",\""synthetic_31020\"",\""pad\""]"",""[\""synthetic\"",\""synthetic_31021\"",\""pad\""]"",""[\""synthetic\"",\""synthetic_31022\"",\""pad\""]"",""[\""synthetic\"",\""synthetic_31023\"",\""pad\""]"",""[\""synthetic\"",\""synthetic_31024\"",\""pad\""]"",""[\""synthetic\"",\""synthetic_31025\"",\""pad\""]"",""[\""synthetic\"",\""synthetic_31026\"",\""pad\""]"",""[\""synthetic\"",\""synthetic_31027\"",\""pad\""]"",""[\""synthetic\"",\""synthetic_31028\"",\""pad\""]"",""[\""synthetic\"",\""synthetic_31029\"",\""pad\""]"",""[\""synthetic\"",\""synthetic_31030\"",\""pad\""]"",""[\""synthetic\"",\""synthetic_31031\"",\""pad\""]""]",Descriptive direct ROI statistics; exact nonzero is not a clinical or material-change threshold. Controls use their own observed output as correct_operation: their zero here is by construction.
synthetic,pad,valid_control,correct_operation,population_variance,32,0,0.0,0.0,0.0,0.0,0.0,0.0,32,0,0.0,0.0,0.0,0.0,0.0,0.0,0,"[""[\""synthetic\"",\""synthetic_31000\"",\""pad\""]"",""[\""synthetic\"",\""synthetic_31001\"",\""pad\""]"",""[\""synthetic\"",\""synthetic_31002\"",\""pad\""]"",""[\""synthetic\"",\""synthetic_31003\"",\""pad\""]"",""[\""synthetic\"",\""synthetic_31004\"",\""pad\""]"",""[\""synthetic\"",\""synthetic_31005\"",\""pad\""]"",""[\""synthetic\"",\""synthetic_31006\"",\""pad\""]"",""[\""synthetic\"",\""synthetic_31007\"",\""pad\""]"",""[\""synthetic\"",\""synthetic_31008\"",\""pad\""]"",""[\""synthetic\"",\""synthetic_31009\"",\""pad\""]"",""[\""synthetic\"",\""synthetic_31010\"",\""pad\""]"",""[\""synthetic\"",\""synthetic_31011\"",\""pad\""]"",""[\""synthetic\"",\""synthetic_31012\"",\""pad\""]"",""[\""synthetic\"",\""synthetic_31013\"",\""pad\""]"",""[\""synthetic\"",\""synthetic_31014\"",\""pad\""]"",""[\""synthetic\"",\""synthetic_31015\"",\""pad\""]"",""[\""synthetic\"",\""synthetic_31016\"",\""pad\""]"",""[\""synthetic\"",\""synthetic_31017\"",\""pad\""]"",""[\""synthetic\"",\""synthetic_31018\"",\""pad\""]"",""[\""synthetic\"",\""synthetic_31019\"",\""pad\""]"",""[\""synthetic\"",\""synthetic_31020\"",\""pad\""]"",""[\""synthetic\"",\""synthetic_31021\"",\""pad\""]"",""[\""synthetic\"",\""synthetic_31022\"",\""pad\""]"",""[\""synthetic\"",\""synthetic_31023\"",\""pad\""]"",""[\""synthetic\"",\""synthetic_31024\"",\""pad\""]"",""[\""synthetic\"",\""synthetic_31025\"",\""pad\""]"",""[\""synthetic\"",\""synthetic_31026\"",\""pad\""]"",""[\""synthetic\"",\""synthetic_31027\"",\""pad\""]"",""[\""synthetic\"",\""synthetic_31028\"",\""pad\""]"",""[\""synthetic\"",\""synthetic_31029\"",\""pad\""]"",""[\""synthetic\"",\""synthetic_31030\"",\""pad\""]"",""[\""synthetic\"",\""synthetic_31031\"",\""pad\""]""]",Descriptive direct ROI statistics; exact nonzero is not a clinical or material-change threshold. Controls use their own observed output as correct_operation: their zero here is by construction.
synthetic,premature_integer_storage,own_wrapper_mutation,source,roi_voxels,32,0,4346,7939.5,10830.0,13789.25,21806,11297.125,32,0,4346,7939.5,10830.0,13789.25,21806,11297.125,32,"[""[\""synthetic\"",\""synthetic_31000\"",\""premature_integer_storage\""]"",""[\""synthetic\"",\""synthetic_31001\"",\""premature_integer_storage\""]"",""[\""synthetic\"",\""synthetic_31002\"",\""premature_integer_storage\""]"",""[\""synthetic\"",\""synthetic_31003\"",\""premature_integer_storage\""]"",""[\""synthetic\"",\""synthetic_31004\"",\""premature_integer_storage\""]"",""[\""synthetic\"",\""synthetic_31005\"",\""premature_integer_storage\""]"",""[\""synthetic\"",\""synthetic_31006\"",\""premature_integer_storage\""]"",""[\""synthetic\"",\""synthetic_31007\"",\""premature_integer_storage\""]"",""[\""synthetic\"",\""synthetic_31008\"",\""premature_integer_storage\""]"",""[\""synthetic\"",\""synthetic_31009\"",\""premature_integer_storage\""]"",""[\""synthetic\"",\""synthetic_31010\"",\""premature_integer_storage\""]"",""[\""synthetic\"",\""synthetic_31011\"",\""premature_integer_storage\""]"",""[\""synthetic\"",\""synthetic_31012\"",\""premature_integer_storage\""]"",""[\""synthetic\"",\""synthetic_31013\"",\""premature_integer_storage\""]"",""[\""synthetic\"",\""synthetic_31014\"",\""premature_integer_storage\""]"",""[\""synthetic\"",\""synthetic_31015\"",\""premature_integer_storage\""]"",""[\""synthetic\"",\""synthetic_31016\"",\""premature_integer_storage\""]"",""[\""synthetic\"",\""synthetic_31017\"",\""premature_integer_storage\""]"",""[\""synthetic\"",\""synthetic_31018\"",\""premature_integer_storage\""]"",""[\""synthetic\"",\""synthetic_31019\"",\""premature_integer_storage\""]"",""[\""synthetic\"",\""synthetic_31020\"",\""premature_integer_storage\""]"",""[\""synthetic\"",\""synthetic_31021\"",\""premature_integer_storage\""]"",""[\""synthetic\"",\""synthetic_31022\"",\""premature_integer_storage\""]"",""[\""synthetic\"",\""synthetic_31023\"",\""premature_integer_storage\""]"",""[\""synthetic\"",\""synthetic_31024\"",\""premature_integer_storage\""]"",""[\""synthetic\"",\""synthetic_31025\"",\""premature_integer_storage\""]"",""[\""synthetic\"",\""synthetic_31026\"",\""premature_integer_storage\""]"",""[\""synthetic\"",\""synthetic_31027\"",\""premature_integer_storage\""]"",""[\""synthetic\"",\""synthetic_31028\"",\""premature_integer_storage\""]"",""[\""synthetic\"",\""synthetic_31029\"",\""premature_integer_storage\""]"",""[\""synthetic\"",\""synthetic_31030\"",\""premature_integer_storage\""]"",""[\""synthetic\"",\""synthetic_31031\"",\""premature_integer_storage\""]""]",Descriptive direct ROI statistics; exact nonzero is not a clinical or material-change threshold. 
synthetic,premature_integer_storage,own_wrapper_mutation,source,occupied_volume_mm3,32,0,-195.92596208865507,-16.71198555820979,37.97245018136482,124.82296102320652,551.5820418846233,64.29400374516015,32,0,1.496695386628744,25.12219567397642,76.69507017877959,147.75342863278547,551.5820418846233,109.09465654049197,32,"[""[\""synthetic\"",\""synthetic_31000\"",\""premature_integer_storage\""]"",""[\""synthetic\"",\""synthetic_31001\"",\""premature_integer_storage\""]"",""[\""synthetic\"",\""synthetic_31002\"",\""premature_integer_storage\""]"",""[\""synthetic\"",\""synthetic_31003\"",\""premature_integer_storage\""]"",""[\""synthetic\"",\""synthetic_31004\"",\""premature_integer_storage\""]"",""[\""synthetic\"",\""synthetic_31005\"",\""premature_integer_storage\""]"",""[\""synthetic\"",\""synthetic_31006\"",\""premature_integer_storage\""]"",""[\""synthetic\"",\""synthetic_31007\"",\""premature_integer_storage\""]"",""[\""synthetic\"",\""synthetic_31008\"",\""premature_integer_storage\""]"",""[\""synthetic\"",\""synthetic_31009\"",\""premature_integer_storage\""]"",""[\""synthetic\"",\""synthetic_31010\"",\""premature_integer_storage\""]"",""[\""synthetic\"",\""synthetic_31011\"",\""premature_integer_storage\""]"",""[\""synthetic\"",\""synthetic_31012\"",\""premature_integer_storage\""]"",""[\""synthetic\"",\""synthetic_31013\"",\""premature_integer_storage\""]"",""[\""synthetic\"",\""synthetic_31014\"",\""premature_integer_storage\""]"",""[\""synthetic\"",\""synthetic_31015\"",\""premature_integer_storage\""]"",""[\""synthetic\"",\""synthetic_31016\"",\""premature_integer_storage\""]"",""[\""synthetic\"",\""synthetic_31017\"",\""premature_integer_storage\""]"",""[\""synthetic\"",\""synthetic_31018\"",\""premature_integer_storage\""]"",""[\""synthetic\"",\""synthetic_31019\"",\""premature_integer_storage\""]"",""[\""synthetic\"",\""synthetic_31020\"",\""premature_integer_storage\""]"",""[\""synthetic\"",\""synthetic_31021\"",\""premature_integer_storage\""]"",""[\""synthetic\"",\""synthetic_31022\"",\""premature_integer_storage\""]"",""[\""synthetic\"",\""synthetic_31023\"",\""premature_integer_storage\""]"",""[\""synthetic\"",\""synthetic_31024\"",\""premature_integer_storage\""]"",""[\""synthetic\"",\""synthetic_31025\"",\""premature_integer_storage\""]"",""[\""synthetic\"",\""synthetic_31026\"",\""premature_integer_storage\""]"",""[\""synthetic\"",\""synthetic_31027\"",\""premature_integer_storage\""]"",""[\""synthetic\"",\""synthetic_31028\"",\""premature_integer_storage\""]"",""[\""synthetic\"",\""synthetic_31029\"",\""premature_integer_storage\""]"",""[\""synthetic\"",\""synthetic_31030\"",\""premature_integer_storage\""]"",""[\""synthetic\"",\""synthetic_31031\"",\""premature_integer_storage\""]""]",Descriptive direct ROI statistics; exact nonzero is not a clinical or material-change threshold. 
synthetic,premature_integer_storage,own_wrapper_mutation,source,mean,32,0,-0.8478065981808798,-0.34029839437269627,-0.149325002461426,0.17541754097589218,0.6348034350226645,-0.10151266320351501,32,0,0.061984946012734854,0.15730230712619614,0.26869796848993055,0.4354033727693889,0.8478065981808798,0.3157687750415283,32,"[""[\""synthetic\"",\""synthetic_31000\"",\""premature_integer_storage\""]"",""[\""synthetic\"",\""synthetic_31001\"",\""premature_integer_storage\""]"",""[\""synthetic\"",\""synthetic_31002\"",\""premature_integer_storage\""]"",""[\""synthetic\"",\""synthetic_31003\"",\""premature_integer_storage\""]"",""[\""synthetic\"",\""synthetic_31004\"",\""premature_integer_storage\""]"",""[\""synthetic\"",\""synthetic_31005\"",\""premature_integer_storage\""]"",""[\""synthetic\"",\""synthetic_31006\"",\""premature_integer_storage\""]"",""[\""synthetic\"",\""synthetic_31007\"",\""premature_integer_storage\""]"",""[\""synthetic\"",\""synthetic_31008\"",\""premature_integer_storage\""]"",""[\""synthetic\"",\""synthetic_31009\"",\""premature_integer_storage\""]"",""[\""synthetic\"",\""synthetic_31010\"",\""premature_integer_storage\""]"",""[\""synthetic\"",\""synthetic_31011\"",\""premature_integer_storage\""]"",""[\""synthetic\"",\""synthetic_31012\"",\""premature_integer_storage\""]"",""[\""synthetic\"",\""synthetic_31013\"",\""premature_integer_storage\""]"",""[\""synthetic\"",\""synthetic_31014\"",\""premature_integer_storage\""]"",""[\""synthetic\"",\""synthetic_31015\"",\""premature_integer_storage\""]"",""[\""synthetic\"",\""synthetic_31016\"",\""premature_integer_storage\""]"",""[\""synthetic\"",\""synthetic_31017\"",\""premature_integer_storage\""]"",""[\""synthetic\"",\""synthetic_31018\"",\""premature_integer_storage\""]"",""[\""synthetic\"",\""synthetic_31019\"",\""premature_integer_storage\""]"",""[\""synthetic\"",\""synthetic_31020\"",\""premature_integer_storage\""]"",""[\""synthetic\"",\""synthetic_31021\"",\""premature_integer_storage\""]"",""[\""synthetic\"",\""synthetic_31022\"",\""premature_integer_storage\""]"",""[\""synthetic\"",\""synthetic_31023\"",\""premature_integer_storage\""]"",""[\""synthetic\"",\""synthetic_31024\"",\""premature_integer_storage\""]"",""[\""synthetic\"",\""synthetic_31025\"",\""premature_integer_storage\""]"",""[\""synthetic\"",\""synthetic_31026\"",\""premature_integer_storage\""]"",""[\""synthetic\"",\""synthetic_31027\"",\""premature_integer_storage\""]"",""[\""synthetic\"",\""synthetic_31028\"",\""premature_integer_storage\""]"",""[\""synthetic\"",\""synthetic_31029\"",\""premature_integer_storage\""]"",""[\""synthetic\"",\""synthetic_31030\"",\""premature_integer_storage\""]"",""[\""synthetic\"",\""synthetic_31031\"",\""premature_integer_storage\""]""]",Descriptive direct ROI statistics; exact nonzero is not a clinical or material-change threshold. 
synthetic,premature_integer_storage,own_wrapper_mutation,source,population_variance,32,0,-48.533066300142934,-38.5777021751243,-34.02179620336673,-26.434096134030185,-18.270555449718643,-33.10307465236427,32,0,18.270555449718643,26.434096134030185,34.02179620336673,38.5777021751243,48.533066300142934,33.10307465236427,32,"[""[\""synthetic\"",\""synthetic_31000\"",\""premature_integer_storage\""]"",""[\""synthetic\"",\""synthetic_31001\"",\""premature_integer_storage\""]"",""[\""synthetic\"",\""synthetic_31002\"",\""premature_integer_storage\""]"",""[\""synthetic\"",\""synthetic_31003\"",\""premature_integer_storage\""]"",""[\""synthetic\"",\""synthetic_31004\"",\""premature_integer_storage\""]"",""[\""synthetic\"",\""synthetic_31005\"",\""premature_integer_storage\""]"",""[\""synthetic\"",\""synthetic_31006\"",\""premature_integer_storage\""]"",""[\""synthetic\"",\""synthetic_31007\"",\""premature_integer_storage\""]"",""[\""synthetic\"",\""synthetic_31008\"",\""premature_integer_storage\""]"",""[\""synthetic\"",\""synthetic_31009\"",\""premature_integer_storage\""]"",""[\""synthetic\"",\""synthetic_31010\"",\""premature_integer_storage\""]"",""[\""synthetic\"",\""synthetic_31011\"",\""premature_integer_storage\""]"",""[\""synthetic\"",\""synthetic_31012\"",\""premature_integer_storage\""]"",""[\""synthetic\"",\""synthetic_31013\"",\""premature_integer_storage\""]"",""[\""synthetic\"",\""synthetic_31014\"",\""premature_integer_storage\""]"",""[\""synthetic\"",\""synthetic_31015\"",\""premature_integer_storage\""]"",""[\""synthetic\"",\""synthetic_31016\"",\""premature_integer_storage\""]"",""[\""synthetic\"",\""synthetic_31017\"",\""premature_integer_storage\""]"",""[\""synthetic\"",\""synthetic_31018\"",\""premature_integer_storage\""]"",""[\""synthetic\"",\""synthetic_31019\"",\""premature_integer_storage\""]"",""[\""synthetic\"",\""synthetic_31020\"",\""premature_integer_storage\""]"",""[\""synthetic\"",\""synthetic_31021\"",\""premature_integer_storage\""]"",""[\""synthetic\"",\""synthetic_31022\"",\""premature_integer_storage\""]"",""[\""synthetic\"",\""synthetic_31023\"",\""premature_integer_storage\""]"",""[\""synthetic\"",\""synthetic_31024\"",\""premature_integer_storage\""]"",""[\""synthetic\"",\""synthetic_31025\"",\""premature_integer_storage\""]"",""[\""synthetic\"",\""synthetic_31026\"",\""premature_integer_storage\""]"",""[\""synthetic\"",\""synthetic_31027\"",\""premature_integer_storage\""]"",""[\""synthetic\"",\""synthetic_31028\"",\""premature_integer_storage\""]"",""[\""synthetic\"",\""synthetic_31029\"",\""premature_integer_storage\""]"",""[\""synthetic\"",\""synthetic_31030\"",\""premature_integer_storage\""]"",""[\""synthetic\"",\""synthetic_31031\"",\""premature_integer_storage\""]""]",Descriptive direct ROI statistics; exact nonzero is not a clinical or material-change threshold. 
synthetic,premature_integer_storage,own_wrapper_mutation,correct_operation,roi_voxels,32,0,0,0.0,0.0,0.0,0,0.0,32,0,0,0.0,0.0,0.0,0,0.0,0,"[""[\""synthetic\"",\""synthetic_31000\"",\""premature_integer_storage\""]"",""[\""synthetic\"",\""synthetic_31001\"",\""premature_integer_storage\""]"",""[\""synthetic\"",\""synthetic_31002\"",\""premature_integer_storage\""]"",""[\""synthetic\"",\""synthetic_31003\"",\""premature_integer_storage\""]"",""[\""synthetic\"",\""synthetic_31004\"",\""premature_integer_storage\""]"",""[\""synthetic\"",\""synthetic_31005\"",\""premature_integer_storage\""]"",""[\""synthetic\"",\""synthetic_31006\"",\""premature_integer_storage\""]"",""[\""synthetic\"",\""synthetic_31007\"",\""premature_integer_storage\""]"",""[\""synthetic\"",\""synthetic_31008\"",\""premature_integer_storage\""]"",""[\""synthetic\"",\""synthetic_31009\"",\""premature_integer_storage\""]"",""[\""synthetic\"",\""synthetic_31010\"",\""premature_integer_storage\""]"",""[\""synthetic\"",\""synthetic_31011\"",\""premature_integer_storage\""]"",""[\""synthetic\"",\""synthetic_31012\"",\""premature_integer_storage\""]"",""[\""synthetic\"",\""synthetic_31013\"",\""premature_integer_storage\""]"",""[\""synthetic\"",\""synthetic_31014\"",\""premature_integer_storage\""]"",""[\""synthetic\"",\""synthetic_31015\"",\""premature_integer_storage\""]"",""[\""synthetic\"",\""synthetic_31016\"",\""premature_integer_storage\""]"",""[\""synthetic\"",\""synthetic_31017\"",\""premature_integer_storage\""]"",""[\""synthetic\"",\""synthetic_31018\"",\""premature_integer_storage\""]"",""[\""synthetic\"",\""synthetic_31019\"",\""premature_integer_storage\""]"",""[\""synthetic\"",\""synthetic_31020\"",\""premature_integer_storage\""]"",""[\""synthetic\"",\""synthetic_31021\"",\""premature_integer_storage\""]"",""[\""synthetic\"",\""synthetic_31022\"",\""premature_integer_storage\""]"",""[\""synthetic\"",\""synthetic_31023\"",\""premature_integer_storage\""]"",""[\""synthetic\"",\""synthetic_31024\"",\""premature_integer_storage\""]"",""[\""synthetic\"",\""synthetic_31025\"",\""premature_integer_storage\""]"",""[\""synthetic\"",\""synthetic_31026\"",\""premature_integer_storage\""]"",""[\""synthetic\"",\""synthetic_31027\"",\""premature_integer_storage\""]"",""[\""synthetic\"",\""synthetic_31028\"",\""premature_integer_storage\""]"",""[\""synthetic\"",\""synthetic_31029\"",\""premature_integer_storage\""]"",""[\""synthetic\"",\""synthetic_31030\"",\""premature_integer_storage\""]"",""[\""synthetic\"",\""synthetic_31031\"",\""premature_integer_storage\""]""]",Descriptive direct ROI statistics; exact nonzero is not a clinical or material-change threshold. 
synthetic,premature_integer_storage,own_wrapper_mutation,correct_operation,occupied_volume_mm3,32,0,0.0,0.0,0.0,0.0,0.0,0.0,32,0,0.0,0.0,0.0,0.0,0.0,0.0,0,"[""[\""synthetic\"",\""synthetic_31000\"",\""premature_integer_storage\""]"",""[\""synthetic\"",\""synthetic_31001\"",\""premature_integer_storage\""]"",""[\""synthetic\"",\""synthetic_31002\"",\""premature_integer_storage\""]"",""[\""synthetic\"",\""synthetic_31003\"",\""premature_integer_storage\""]"",""[\""synthetic\"",\""synthetic_31004\"",\""premature_integer_storage\""]"",""[\""synthetic\"",\""synthetic_31005\"",\""premature_integer_storage\""]"",""[\""synthetic\"",\""synthetic_31006\"",\""premature_integer_storage\""]"",""[\""synthetic\"",\""synthetic_31007\"",\""premature_integer_storage\""]"",""[\""synthetic\"",\""synthetic_31008\"",\""premature_integer_storage\""]"",""[\""synthetic\"",\""synthetic_31009\"",\""premature_integer_storage\""]"",""[\""synthetic\"",\""synthetic_31010\"",\""premature_integer_storage\""]"",""[\""synthetic\"",\""synthetic_31011\"",\""premature_integer_storage\""]"",""[\""synthetic\"",\""synthetic_31012\"",\""premature_integer_storage\""]"",""[\""synthetic\"",\""synthetic_31013\"",\""premature_integer_storage\""]"",""[\""synthetic\"",\""synthetic_31014\"",\""premature_integer_storage\""]"",""[\""synthetic\"",\""synthetic_31015\"",\""premature_integer_storage\""]"",""[\""synthetic\"",\""synthetic_31016\"",\""premature_integer_storage\""]"",""[\""synthetic\"",\""synthetic_31017\"",\""premature_integer_storage\""]"",""[\""synthetic\"",\""synthetic_31018\"",\""premature_integer_storage\""]"",""[\""synthetic\"",\""synthetic_31019\"",\""premature_integer_storage\""]"",""[\""synthetic\"",\""synthetic_31020\"",\""premature_integer_storage\""]"",""[\""synthetic\"",\""synthetic_31021\"",\""premature_integer_storage\""]"",""[\""synthetic\"",\""synthetic_31022\"",\""premature_integer_storage\""]"",""[\""synthetic\"",\""synthetic_31023\"",\""premature_integer_storage\""]"",""[\""synthetic\"",\""synthetic_31024\"",\""premature_integer_storage\""]"",""[\""synthetic\"",\""synthetic_31025\"",\""premature_integer_storage\""]"",""[\""synthetic\"",\""synthetic_31026\"",\""premature_integer_storage\""]"",""[\""synthetic\"",\""synthetic_31027\"",\""premature_integer_storage\""]"",""[\""synthetic\"",\""synthetic_31028\"",\""premature_integer_storage\""]"",""[\""synthetic\"",\""synthetic_31029\"",\""premature_integer_storage\""]"",""[\""synthetic\"",\""synthetic_31030\"",\""premature_integer_storage\""]"",""[\""synthetic\"",\""synthetic_31031\"",\""premature_integer_storage\""]""]",Descriptive direct ROI statistics; exact nonzero is not a clinical or material-change threshold. 
synthetic,premature_integer_storage,own_wrapper_mutation,correct_operation,mean,32,0,0.0026678342157928636,0.010209278886920081,0.018058241367937433,0.024988713885988,0.037824469013762574,0.01824309360474531,32,0,0.0026678342157928636,0.010209278886920081,0.018058241367937433,0.024988713885988,0.037824469013762574,0.01824309360474531,32,"[""[\""synthetic\"",\""synthetic_31000\"",\""premature_integer_storage\""]"",""[\""synthetic\"",\""synthetic_31001\"",\""premature_integer_storage\""]"",""[\""synthetic\"",\""synthetic_31002\"",\""premature_integer_storage\""]"",""[\""synthetic\"",\""synthetic_31003\"",\""premature_integer_storage\""]"",""[\""synthetic\"",\""synthetic_31004\"",\""premature_integer_storage\""]"",""[\""synthetic\"",\""synthetic_31005\"",\""premature_integer_storage\""]"",""[\""synthetic\"",\""synthetic_31006\"",\""premature_integer_storage\""]"",""[\""synthetic\"",\""synthetic_31007\"",\""premature_integer_storage\""]"",""[\""synthetic\"",\""synthetic_31008\"",\""premature_integer_storage\""]"",""[\""synthetic\"",\""synthetic_31009\"",\""premature_integer_storage\""]"",""[\""synthetic\"",\""synthetic_31010\"",\""premature_integer_storage\""]"",""[\""synthetic\"",\""synthetic_31011\"",\""premature_integer_storage\""]"",""[\""synthetic\"",\""synthetic_31012\"",\""premature_integer_storage\""]"",""[\""synthetic\"",\""synthetic_31013\"",\""premature_integer_storage\""]"",""[\""synthetic\"",\""synthetic_31014\"",\""premature_integer_storage\""]"",""[\""synthetic\"",\""synthetic_31015\"",\""premature_integer_storage\""]"",""[\""synthetic\"",\""synthetic_31016\"",\""premature_integer_storage\""]"",""[\""synthetic\"",\""synthetic_31017\"",\""premature_integer_storage\""]"",""[\""synthetic\"",\""synthetic_31018\"",\""premature_integer_storage\""]"",""[\""synthetic\"",\""synthetic_31019\"",\""premature_integer_storage\""]"",""[\""synthetic\"",\""synthetic_31020\"",\""premature_integer_storage\""]"",""[\""synthetic\"",\""synthetic_31021\"",\""premature_integer_storage\""]"",""[\""synthetic\"",\""synthetic_31022\"",\""premature_integer_storage\""]"",""[\""synthetic\"",\""synthetic_31023\"",\""premature_integer_storage\""]"",""[\""synthetic\"",\""synthetic_31024\"",\""premature_integer_storage\""]"",""[\""synthetic\"",\""synthetic_31025\"",\""premature_integer_storage\""]"",""[\""synthetic\"",\""synthetic_31026\"",\""premature_integer_storage\""]"",""[\""synthetic\"",\""synthetic_31027\"",\""premature_integer_storage\""]"",""[\""synthetic\"",\""synthetic_31028\"",\""premature_integer_storage\""]"",""[\""synthetic\"",\""synthetic_31029\"",\""premature_integer_storage\""]"",""[\""synthetic\"",\""synthetic_31030\"",\""premature_integer_storage\""]"",""[\""synthetic\"",\""synthetic_31031\"",\""premature_integer_storage\""]""]",Descriptive direct ROI statistics; exact nonzero is not a clinical or material-change threshold. 
synthetic,premature_integer_storage,own_wrapper_mutation,correct_operation,population_variance,32,0,-16.283898594499817,-16.045914411988548,-15.931669587001693,-15.81424683803661,-15.521760647928943,-15.921367855095555,32,0,15.521760647928943,15.81424683803661,15.931669587001693,16.045914411988548,16.283898594499817,15.921367855095555,32,"[""[\""synthetic\"",\""synthetic_31000\"",\""premature_integer_storage\""]"",""[\""synthetic\"",\""synthetic_31001\"",\""premature_integer_storage\""]"",""[\""synthetic\"",\""synthetic_31002\"",\""premature_integer_storage\""]"",""[\""synthetic\"",\""synthetic_31003\"",\""premature_integer_storage\""]"",""[\""synthetic\"",\""synthetic_31004\"",\""premature_integer_storage\""]"",""[\""synthetic\"",\""synthetic_31005\"",\""premature_integer_storage\""]"",""[\""synthetic\"",\""synthetic_31006\"",\""premature_integer_storage\""]"",""[\""synthetic\"",\""synthetic_31007\"",\""premature_integer_storage\""]"",""[\""synthetic\"",\""synthetic_31008\"",\""premature_integer_storage\""]"",""[\""synthetic\"",\""synthetic_31009\"",\""premature_integer_storage\""]"",""[\""synthetic\"",\""synthetic_31010\"",\""premature_integer_storage\""]"",""[\""synthetic\"",\""synthetic_31011\"",\""premature_integer_storage\""]"",""[\""synthetic\"",\""synthetic_31012\"",\""premature_integer_storage\""]"",""[\""synthetic\"",\""synthetic_31013\"",\""premature_integer_storage\""]"",""[\""synthetic\"",\""synthetic_31014\"",\""premature_integer_storage\""]"",""[\""synthetic\"",\""synthetic_31015\"",\""premature_integer_storage\""]"",""[\""synthetic\"",\""synthetic_31016\"",\""premature_integer_storage\""]"",""[\""synthetic\"",\""synthetic_31017\"",\""premature_integer_storage\""]"",""[\""synthetic\"",\""synthetic_31018\"",\""premature_integer_storage\""]"",""[\""synthetic\"",\""synthetic_31019\"",\""premature_integer_storage\""]"",""[\""synthetic\"",\""synthetic_31020\"",\""premature_integer_storage\""]"",""[\""synthetic\"",\""synthetic_31021\"",\""premature_integer_storage\""]"",""[\""synthetic\"",\""synthetic_31022\"",\""premature_integer_storage\""]"",""[\""synthetic\"",\""synthetic_31023\"",\""premature_integer_storage\""]"",""[\""synthetic\"",\""synthetic_31024\"",\""premature_integer_storage\""]"",""[\""synthetic\"",\""synthetic_31025\"",\""premature_integer_storage\""]"",""[\""synthetic\"",\""synthetic_31026\"",\""premature_integer_storage\""]"",""[\""synthetic\"",\""synthetic_31027\"",\""premature_integer_storage\""]"",""[\""synthetic\"",\""synthetic_31028\"",\""premature_integer_storage\""]"",""[\""synthetic\"",\""synthetic_31029\"",\""premature_integer_storage\""]"",""[\""synthetic\"",\""synthetic_31030\"",\""premature_integer_storage\""]"",""[\""synthetic\"",\""synthetic_31031\"",\""premature_integer_storage\""]""]",Descriptive direct ROI statistics; exact nonzero is not a clinical or material-change threshold. 
synthetic,roi_truncation,support_policy_control,source,roi_voxels,32,0,-1766,-1305.25,-1041.0,-877.0,-753,-1128.8125,32,0,753,877.0,1041.0,1305.25,1766,1128.8125,32,"[""[\""synthetic\"",\""synthetic_31000\"",\""roi_truncation\""]"",""[\""synthetic\"",\""synthetic_31001\"",\""roi_truncation\""]"",""[\""synthetic\"",\""synthetic_31002\"",\""roi_truncation\""]"",""[\""synthetic\"",\""synthetic_31003\"",\""roi_truncation\""]"",""[\""synthetic\"",\""synthetic_31004\"",\""roi_truncation\""]"",""[\""synthetic\"",\""synthetic_31005\"",\""roi_truncation\""]"",""[\""synthetic\"",\""synthetic_31006\"",\""roi_truncation\""]"",""[\""synthetic\"",\""synthetic_31007\"",\""roi_truncation\""]"",""[\""synthetic\"",\""synthetic_31008\"",\""roi_truncation\""]"",""[\""synthetic\"",\""synthetic_31009\"",\""roi_truncation\""]"",""[\""synthetic\"",\""synthetic_31010\"",\""roi_truncation\""]"",""[\""synthetic\"",\""synthetic_31011\"",\""roi_truncation\""]"",""[\""synthetic\"",\""synthetic_31012\"",\""roi_truncation\""]"",""[\""synthetic\"",\""synthetic_31013\"",\""roi_truncation\""]"",""[\""synthetic\"",\""synthetic_31014\"",\""roi_truncation\""]"",""[\""synthetic\"",\""synthetic_31015\"",\""roi_truncation\""]"",""[\""synthetic\"",\""synthetic_31016\"",\""roi_truncation\""]"",""[\""synthetic\"",\""synthetic_31017\"",\""roi_truncation\""]"",""[\""synthetic\"",\""synthetic_31018\"",\""roi_truncation\""]"",""[\""synthetic\"",\""synthetic_31019\"",\""roi_truncation\""]"",""[\""synthetic\"",\""synthetic_31020\"",\""roi_truncation\""]"",""[\""synthetic\"",\""synthetic_31021\"",\""roi_truncation\""]"",""[\""synthetic\"",\""synthetic_31022\"",\""roi_truncation\""]"",""[\""synthetic\"",\""synthetic_31023\"",\""roi_truncation\""]"",""[\""synthetic\"",\""synthetic_31024\"",\""roi_truncation\""]"",""[\""synthetic\"",\""synthetic_31025\"",\""roi_truncation\""]"",""[\""synthetic\"",\""synthetic_31026\"",\""roi_truncation\""]"",""[\""synthetic\"",\""synthetic_31027\"",\""roi_truncation\""]"",""[\""synthetic\"",\""synthetic_31028\"",\""roi_truncation\""]"",""[\""synthetic\"",\""synthetic_31029\"",\""roi_truncation\""]"",""[\""synthetic\"",\""synthetic_31030\"",\""roi_truncation\""]"",""[\""synthetic\"",\""synthetic_31031\"",\""roi_truncation\""]""]",Descriptive direct ROI statistics; exact nonzero is not a clinical or material-change threshold. 
synthetic,roi_truncation,support_policy_control,source,occupied_volume_mm3,32,0,-6458.745698609623,-3907.8272967042617,-3200.108565763051,-2515.7987513380644,-1391.1071325976168,-3337.754903204281,32,0,1391.1071325976168,2515.7987513380644,3200.108565763051,3907.8272967042617,6458.745698609623,3337.754903204281,32,"[""[\""synthetic\"",\""synthetic_31000\"",\""roi_truncation\""]"",""[\""synthetic\"",\""synthetic_31001\"",\""roi_truncation\""]"",""[\""synthetic\"",\""synthetic_31002\"",\""roi_truncation\""]"",""[\""synthetic\"",\""synthetic_31003\"",\""roi_truncation\""]"",""[\""synthetic\"",\""synthetic_31004\"",\""roi_truncation\""]"",""[\""synthetic\"",\""synthetic_31005\"",\""roi_truncation\""]"",""[\""synthetic\"",\""synthetic_31006\"",\""roi_truncation\""]"",""[\""synthetic\"",\""synthetic_31007\"",\""roi_truncation\""]"",""[\""synthetic\"",\""synthetic_31008\"",\""roi_truncation\""]"",""[\""synthetic\"",\""synthetic_31009\"",\""roi_truncation\""]"",""[\""synthetic\"",\""synthetic_31010\"",\""roi_truncation\""]"",""[\""synthetic\"",\""synthetic_31011\"",\""roi_truncation\""]"",""[\""synthetic\"",\""synthetic_31012\"",\""roi_truncation\""]"",""[\""synthetic\"",\""synthetic_31013\"",\""roi_truncation\""]"",""[\""synthetic\"",\""synthetic_31014\"",\""roi_truncation\""]"",""[\""synthetic\"",\""synthetic_31015\"",\""roi_truncation\""]"",""[\""synthetic\"",\""synthetic_31016\"",\""roi_truncation\""]"",""[\""synthetic\"",\""synthetic_31017\"",\""roi_truncation\""]"",""[\""synthetic\"",\""synthetic_31018\"",\""roi_truncation\""]"",""[\""synthetic\"",\""synthetic_31019\"",\""roi_truncation\""]"",""[\""synthetic\"",\""synthetic_31020\"",\""roi_truncation\""]"",""[\""synthetic\"",\""synthetic_31021\"",\""roi_truncation\""]"",""[\""synthetic\"",\""synthetic_31022\"",\""roi_truncation\""]"",""[\""synthetic\"",\""synthetic_31023\"",\""roi_truncation\""]"",""[\""synthetic\"",\""synthetic_31024\"",\""roi_truncation\""]"",""[\""synthetic\"",\""synthetic_31025\"",\""roi_truncation\""]"",""[\""synthetic\"",\""synthetic_31026\"",\""roi_truncation\""]"",""[\""synthetic\"",\""synthetic_31027\"",\""roi_truncation\""]"",""[\""synthetic\"",\""synthetic_31028\"",\""roi_truncation\""]"",""[\""synthetic\"",\""synthetic_31029\"",\""roi_truncation\""]"",""[\""synthetic\"",\""synthetic_31030\"",\""roi_truncation\""]"",""[\""synthetic\"",\""synthetic_31031\"",\""roi_truncation\""]""]",Descriptive direct ROI statistics; exact nonzero is not a clinical or material-change threshold. 
synthetic,roi_truncation,support_policy_control,source,mean,32,0,-13.298052879475422,-12.28132811507989,-11.73583974672346,-11.35147023446536,-10.208507133504652,-11.745619252095842,32,0,10.208507133504652,11.35147023446536,11.73583974672346,12.28132811507989,13.298052879475422,11.745619252095842,32,"[""[\""synthetic\"",\""synthetic_31000\"",\""roi_truncation\""]"",""[\""synthetic\"",\""synthetic_31001\"",\""roi_truncation\""]"",""[\""synthetic\"",\""synthetic_31002\"",\""roi_truncation\""]"",""[\""synthetic\"",\""synthetic_31003\"",\""roi_truncation\""]"",""[\""synthetic\"",\""synthetic_31004\"",\""roi_truncation\""]"",""[\""synthetic\"",\""synthetic_31005\"",\""roi_truncation\""]"",""[\""synthetic\"",\""synthetic_31006\"",\""roi_truncation\""]"",""[\""synthetic\"",\""synthetic_31007\"",\""roi_truncation\""]"",""[\""synthetic\"",\""synthetic_31008\"",\""roi_truncation\""]"",""[\""synthetic\"",\""synthetic_31009\"",\""roi_truncation\""]"",""[\""synthetic\"",\""synthetic_31010\"",\""roi_truncation\""]"",""[\""synthetic\"",\""synthetic_31011\"",\""roi_truncation\""]"",""[\""synthetic\"",\""synthetic_31012\"",\""roi_truncation\""]"",""[\""synthetic\"",\""synthetic_31013\"",\""roi_truncation\""]"",""[\""synthetic\"",\""synthetic_31014\"",\""roi_truncation\""]"",""[\""synthetic\"",\""synthetic_31015\"",\""roi_truncation\""]"",""[\""synthetic\"",\""synthetic_31016\"",\""roi_truncation\""]"",""[\""synthetic\"",\""synthetic_31017\"",\""roi_truncation\""]"",""[\""synthetic\"",\""synthetic_31018\"",\""roi_truncation\""]"",""[\""synthetic\"",\""synthetic_31019\"",\""roi_truncation\""]"",""[\""synthetic\"",\""synthetic_31020\"",\""roi_truncation\""]"",""[\""synthetic\"",\""synthetic_31021\"",\""roi_truncation\""]"",""[\""synthetic\"",\""synthetic_31022\"",\""roi_truncation\""]"",""[\""synthetic\"",\""synthetic_31023\"",\""roi_truncation\""]"",""[\""synthetic\"",\""synthetic_31024\"",\""roi_truncation\""]"",""[\""synthetic\"",\""synthetic_31025\"",\""roi_truncation\""]"",""[\""synthetic\"",\""synthetic_31026\"",\""roi_truncation\""]"",""[\""synthetic\"",\""synthetic_31027\"",\""roi_truncation\""]"",""[\""synthetic\"",\""synthetic_31028\"",\""roi_truncation\""]"",""[\""synthetic\"",\""synthetic_31029\"",\""roi_truncation\""]"",""[\""synthetic\"",\""synthetic_31030\"",\""roi_truncation\""]"",""[\""synthetic\"",\""synthetic_31031\"",\""roi_truncation\""]""]",Descriptive direct ROI statistics; exact nonzero is not a clinical or material-change threshold. 
synthetic,roi_truncation,support_policy_control,source,population_variance,32,0,-146.85560076121436,-140.3547295509328,-138.09695191353418,-136.13636571036767,-129.00898385340662,-138.22567743005044,32,0,129.00898385340662,136.13636571036767,138.09695191353418,140.3547295509328,146.85560076121436,138.22567743005044,32,"[""[\""synthetic\"",\""synthetic_31000\"",\""roi_truncation\""]"",""[\""synthetic\"",\""synthetic_31001\"",\""roi_truncation\""]"",""[\""synthetic\"",\""synthetic_31002\"",\""roi_truncation\""]"",""[\""synthetic\"",\""synthetic_31003\"",\""roi_truncation\""]"",""[\""synthetic\"",\""synthetic_31004\"",\""roi_truncation\""]"",""[\""synthetic\"",\""synthetic_31005\"",\""roi_truncation\""]"",""[\""synthetic\"",\""synthetic_31006\"",\""roi_truncation\""]"",""[\""synthetic\"",\""synthetic_31007\"",\""roi_truncation\""]"",""[\""synthetic\"",\""synthetic_31008\"",\""roi_truncation\""]"",""[\""synthetic\"",\""synthetic_31009\"",\""roi_truncation\""]"",""[\""synthetic\"",\""synthetic_31010\"",\""roi_truncation\""]"",""[\""synthetic\"",\""synthetic_31011\"",\""roi_truncation\""]"",""[\""synthetic\"",\""synthetic_31012\"",\""roi_truncation\""]"",""[\""synthetic\"",\""synthetic_31013\"",\""roi_truncation\""]"",""[\""synthetic\"",\""synthetic_31014\"",\""roi_truncation\""]"",""[\""synthetic\"",\""synthetic_31015\"",\""roi_truncation\""]"",""[\""synthetic\"",\""synthetic_31016\"",\""roi_truncation\""]"",""[\""synthetic\"",\""synthetic_31017\"",\""roi_truncation\""]"",""[\""synthetic\"",\""synthetic_31018\"",\""roi_truncation\""]"",""[\""synthetic\"",\""synthetic_31019\"",\""roi_truncation\""]"",""[\""synthetic\"",\""synthetic_31020\"",\""roi_truncation\""]"",""[\""synthetic\"",\""synthetic_31021\"",\""roi_truncation\""]"",""[\""synthetic\"",\""synthetic_31022\"",\""roi_truncation\""]"",""[\""synthetic\"",\""synthetic_31023\"",\""roi_truncation\""]"",""[\""synthetic\"",\""synthetic_31024\"",\""roi_truncation\""]"",""[\""synthetic\"",\""synthetic_31025\"",\""roi_truncation\""]"",""[\""synthetic\"",\""synthetic_31026\"",\""roi_truncation\""]"",""[\""synthetic\"",\""synthetic_31027\"",\""roi_truncation\""]"",""[\""synthetic\"",\""synthetic_31028\"",\""roi_truncation\""]"",""[\""synthetic\"",\""synthetic_31029\"",\""roi_truncation\""]"",""[\""synthetic\"",\""synthetic_31030\"",\""roi_truncation\""]"",""[\""synthetic\"",\""synthetic_31031\"",\""roi_truncation\""]""]",Descriptive direct ROI statistics; exact nonzero is not a clinical or material-change threshold. 
synthetic,roi_truncation,support_policy_control,correct_operation,roi_voxels,32,0,0,0.0,0.0,0.0,0,0.0,32,0,0,0.0,0.0,0.0,0,0.0,0,"[""[\""synthetic\"",\""synthetic_31000\"",\""roi_truncation\""]"",""[\""synthetic\"",\""synthetic_31001\"",\""roi_truncation\""]"",""[\""synthetic\"",\""synthetic_31002\"",\""roi_truncation\""]"",""[\""synthetic\"",\""synthetic_31003\"",\""roi_truncation\""]"",""[\""synthetic\"",\""synthetic_31004\"",\""roi_truncation\""]"",""[\""synthetic\"",\""synthetic_31005\"",\""roi_truncation\""]"",""[\""synthetic\"",\""synthetic_31006\"",\""roi_truncation\""]"",""[\""synthetic\"",\""synthetic_31007\"",\""roi_truncation\""]"",""[\""synthetic\"",\""synthetic_31008\"",\""roi_truncation\""]"",""[\""synthetic\"",\""synthetic_31009\"",\""roi_truncation\""]"",""[\""synthetic\"",\""synthetic_31010\"",\""roi_truncation\""]"",""[\""synthetic\"",\""synthetic_31011\"",\""roi_truncation\""]"",""[\""synthetic\"",\""synthetic_31012\"",\""roi_truncation\""]"",""[\""synthetic\"",\""synthetic_31013\"",\""roi_truncation\""]"",""[\""synthetic\"",\""synthetic_31014\"",\""roi_truncation\""]"",""[\""synthetic\"",\""synthetic_31015\"",\""roi_truncation\""]"",""[\""synthetic\"",\""synthetic_31016\"",\""roi_truncation\""]"",""[\""synthetic\"",\""synthetic_31017\"",\""roi_truncation\""]"",""[\""synthetic\"",\""synthetic_31018\"",\""roi_truncation\""]"",""[\""synthetic\"",\""synthetic_31019\"",\""roi_truncation\""]"",""[\""synthetic\"",\""synthetic_31020\"",\""roi_truncation\""]"",""[\""synthetic\"",\""synthetic_31021\"",\""roi_truncation\""]"",""[\""synthetic\"",\""synthetic_31022\"",\""roi_truncation\""]"",""[\""synthetic\"",\""synthetic_31023\"",\""roi_truncation\""]"",""[\""synthetic\"",\""synthetic_31024\"",\""roi_truncation\""]"",""[\""synthetic\"",\""synthetic_31025\"",\""roi_truncation\""]"",""[\""synthetic\"",\""synthetic_31026\"",\""roi_truncation\""]"",""[\""synthetic\"",\""synthetic_31027\"",\""roi_truncation\""]"",""[\""synthetic\"",\""synthetic_31028\"",\""roi_truncation\""]"",""[\""synthetic\"",\""synthetic_31029\"",\""roi_truncation\""]"",""[\""synthetic\"",\""synthetic_31030\"",\""roi_truncation\""]"",""[\""synthetic\"",\""synthetic_31031\"",\""roi_truncation\""]""]",Descriptive direct ROI statistics; exact nonzero is not a clinical or material-change threshold. Controls use their own observed output as correct_operation: their zero here is by construction.
synthetic,roi_truncation,support_policy_control,correct_operation,occupied_volume_mm3,32,0,0.0,0.0,0.0,0.0,0.0,0.0,32,0,0.0,0.0,0.0,0.0,0.0,0.0,0,"[""[\""synthetic\"",\""synthetic_31000\"",\""roi_truncation\""]"",""[\""synthetic\"",\""synthetic_31001\"",\""roi_truncation\""]"",""[\""synthetic\"",\""synthetic_31002\"",\""roi_truncation\""]"",""[\""synthetic\"",\""synthetic_31003\"",\""roi_truncation\""]"",""[\""synthetic\"",\""synthetic_31004\"",\""roi_truncation\""]"",""[\""synthetic\"",\""synthetic_31005\"",\""roi_truncation\""]"",""[\""synthetic\"",\""synthetic_31006\"",\""roi_truncation\""]"",""[\""synthetic\"",\""synthetic_31007\"",\""roi_truncation\""]"",""[\""synthetic\"",\""synthetic_31008\"",\""roi_truncation\""]"",""[\""synthetic\"",\""synthetic_31009\"",\""roi_truncation\""]"",""[\""synthetic\"",\""synthetic_31010\"",\""roi_truncation\""]"",""[\""synthetic\"",\""synthetic_31011\"",\""roi_truncation\""]"",""[\""synthetic\"",\""synthetic_31012\"",\""roi_truncation\""]"",""[\""synthetic\"",\""synthetic_31013\"",\""roi_truncation\""]"",""[\""synthetic\"",\""synthetic_31014\"",\""roi_truncation\""]"",""[\""synthetic\"",\""synthetic_31015\"",\""roi_truncation\""]"",""[\""synthetic\"",\""synthetic_31016\"",\""roi_truncation\""]"",""[\""synthetic\"",\""synthetic_31017\"",\""roi_truncation\""]"",""[\""synthetic\"",\""synthetic_31018\"",\""roi_truncation\""]"",""[\""synthetic\"",\""synthetic_31019\"",\""roi_truncation\""]"",""[\""synthetic\"",\""synthetic_31020\"",\""roi_truncation\""]"",""[\""synthetic\"",\""synthetic_31021\"",\""roi_truncation\""]"",""[\""synthetic\"",\""synthetic_31022\"",\""roi_truncation\""]"",""[\""synthetic\"",\""synthetic_31023\"",\""roi_truncation\""]"",""[\""synthetic\"",\""synthetic_31024\"",\""roi_truncation\""]"",""[\""synthetic\"",\""synthetic_31025\"",\""roi_truncation\""]"",""[\""synthetic\"",\""synthetic_31026\"",\""roi_truncation\""]"",""[\""synthetic\"",\""synthetic_31027\"",\""roi_truncation\""]"",""[\""synthetic\"",\""synthetic_31028\"",\""roi_truncation\""]"",""[\""synthetic\"",\""synthetic_31029\"",\""roi_truncation\""]"",""[\""synthetic\"",\""synthetic_31030\"",\""roi_truncation\""]"",""[\""synthetic\"",\""synthetic_31031\"",\""roi_truncation\""]""]",Descriptive direct ROI statistics; exact nonzero is not a clinical or material-change threshold. Controls use their own observed output as correct_operation: their zero here is by construction.
synthetic,roi_truncation,support_policy_control,correct_operation,mean,32,0,0.0,0.0,0.0,0.0,0.0,0.0,32,0,0.0,0.0,0.0,0.0,0.0,0.0,0,"[""[\""synthetic\"",\""synthetic_31000\"",\""roi_truncation\""]"",""[\""synthetic\"",\""synthetic_31001\"",\""roi_truncation\""]"",""[\""synthetic\"",\""synthetic_31002\"",\""roi_truncation\""]"",""[\""synthetic\"",\""synthetic_31003\"",\""roi_truncation\""]"",""[\""synthetic\"",\""synthetic_31004\"",\""roi_truncation\""]"",""[\""synthetic\"",\""synthetic_31005\"",\""roi_truncation\""]"",""[\""synthetic\"",\""synthetic_31006\"",\""roi_truncation\""]"",""[\""synthetic\"",\""synthetic_31007\"",\""roi_truncation\""]"",""[\""synthetic\"",\""synthetic_31008\"",\""roi_truncation\""]"",""[\""synthetic\"",\""synthetic_31009\"",\""roi_truncation\""]"",""[\""synthetic\"",\""synthetic_31010\"",\""roi_truncation\""]"",""[\""synthetic\"",\""synthetic_31011\"",\""roi_truncation\""]"",""[\""synthetic\"",\""synthetic_31012\"",\""roi_truncation\""]"",""[\""synthetic\"",\""synthetic_31013\"",\""roi_truncation\""]"",""[\""synthetic\"",\""synthetic_31014\"",\""roi_truncation\""]"",""[\""synthetic\"",\""synthetic_31015\"",\""roi_truncation\""]"",""[\""synthetic\"",\""synthetic_31016\"",\""roi_truncation\""]"",""[\""synthetic\"",\""synthetic_31017\"",\""roi_truncation\""]"",""[\""synthetic\"",\""synthetic_31018\"",\""roi_truncation\""]"",""[\""synthetic\"",\""synthetic_31019\"",\""roi_truncation\""]"",""[\""synthetic\"",\""synthetic_31020\"",\""roi_truncation\""]"",""[\""synthetic\"",\""synthetic_31021\"",\""roi_truncation\""]"",""[\""synthetic\"",\""synthetic_31022\"",\""roi_truncation\""]"",""[\""synthetic\"",\""synthetic_31023\"",\""roi_truncation\""]"",""[\""synthetic\"",\""synthetic_31024\"",\""roi_truncation\""]"",""[\""synthetic\"",\""synthetic_31025\"",\""roi_truncation\""]"",""[\""synthetic\"",\""synthetic_31026\"",\""roi_truncation\""]"",""[\""synthetic\"",\""synthetic_31027\"",\""roi_truncation\""]"",""[\""synthetic\"",\""synthetic_31028\"",\""roi_truncation\""]"",""[\""synthetic\"",\""synthetic_31029\"",\""roi_truncation\""]"",""[\""synthetic\"",\""synthetic_31030\"",\""roi_truncation\""]"",""[\""synthetic\"",\""synthetic_31031\"",\""roi_truncation\""]""]",Descriptive direct ROI statistics; exact nonzero is not a clinical or material-change threshold. Controls use their own observed output as correct_operation: their zero here is by construction.
synthetic,roi_truncation,support_policy_control,correct_operation,population_variance,32,0,0.0,0.0,0.0,0.0,0.0,0.0,32,0,0.0,0.0,0.0,0.0,0.0,0.0,0,"[""[\""synthetic\"",\""synthetic_31000\"",\""roi_truncation\""]"",""[\""synthetic\"",\""synthetic_31001\"",\""roi_truncation\""]"",""[\""synthetic\"",\""synthetic_31002\"",\""roi_truncation\""]"",""[\""synthetic\"",\""synthetic_31003\"",\""roi_truncation\""]"",""[\""synthetic\"",\""synthetic_31004\"",\""roi_truncation\""]"",""[\""synthetic\"",\""synthetic_31005\"",\""roi_truncation\""]"",""[\""synthetic\"",\""synthetic_31006\"",\""roi_truncation\""]"",""[\""synthetic\"",\""synthetic_31007\"",\""roi_truncation\""]"",""[\""synthetic\"",\""synthetic_31008\"",\""roi_truncation\""]"",""[\""synthetic\"",\""synthetic_31009\"",\""roi_truncation\""]"",""[\""synthetic\"",\""synthetic_31010\"",\""roi_truncation\""]"",""[\""synthetic\"",\""synthetic_31011\"",\""roi_truncation\""]"",""[\""synthetic\"",\""synthetic_31012\"",\""roi_truncation\""]"",""[\""synthetic\"",\""synthetic_31013\"",\""roi_truncation\""]"",""[\""synthetic\"",\""synthetic_31014\"",\""roi_truncation\""]"",""[\""synthetic\"",\""synthetic_31015\"",\""roi_truncation\""]"",""[\""synthetic\"",\""synthetic_31016\"",\""roi_truncation\""]"",""[\""synthetic\"",\""synthetic_31017\"",\""roi_truncation\""]"",""[\""synthetic\"",\""synthetic_31018\"",\""roi_truncation\""]"",""[\""synthetic\"",\""synthetic_31019\"",\""roi_truncation\""]"",""[\""synthetic\"",\""synthetic_31020\"",\""roi_truncation\""]"",""[\""synthetic\"",\""synthetic_31021\"",\""roi_truncation\""]"",""[\""synthetic\"",\""synthetic_31022\"",\""roi_truncation\""]"",""[\""synthetic\"",\""synthetic_31023\"",\""roi_truncation\""]"",""[\""synthetic\"",\""synthetic_31024\"",\""roi_truncation\""]"",""[\""synthetic\"",\""synthetic_31025\"",\""roi_truncation\""]"",""[\""synthetic\"",\""synthetic_31026\"",\""roi_truncation\""]"",""[\""synthetic\"",\""synthetic_31027\"",\""roi_truncation\""]"",""[\""synthetic\"",\""synthetic_31028\"",\""roi_truncation\""]"",""[\""synthetic\"",\""synthetic_31029\"",\""roi_truncation\""]"",""[\""synthetic\"",\""synthetic_31030\"",\""roi_truncation\""]"",""[\""synthetic\"",\""synthetic_31031\"",\""roi_truncation\""]""]",Descriptive direct ROI statistics; exact nonzero is not a clinical or material-change threshold. Controls use their own observed output as correct_operation: their zero here is by construction.
synthetic,shared_origin_shift,own_wrapper_mutation,source,roi_voxels,32,0,0,0.0,0.0,0.0,0,0.0,32,0,0,0.0,0.0,0.0,0,0.0,0,"[""[\""synthetic\"",\""synthetic_31000\"",\""shared_origin_shift\""]"",""[\""synthetic\"",\""synthetic_31001\"",\""shared_origin_shift\""]"",""[\""synthetic\"",\""synthetic_31002\"",\""shared_origin_shift\""]"",""[\""synthetic\"",\""synthetic_31003\"",\""shared_origin_shift\""]"",""[\""synthetic\"",\""synthetic_31004\"",\""shared_origin_shift\""]"",""[\""synthetic\"",\""synthetic_31005\"",\""shared_origin_shift\""]"",""[\""synthetic\"",\""synthetic_31006\"",\""shared_origin_shift\""]"",""[\""synthetic\"",\""synthetic_31007\"",\""shared_origin_shift\""]"",""[\""synthetic\"",\""synthetic_31008\"",\""shared_origin_shift\""]"",""[\""synthetic\"",\""synthetic_31009\"",\""shared_origin_shift\""]"",""[\""synthetic\"",\""synthetic_31010\"",\""shared_origin_shift\""]"",""[\""synthetic\"",\""synthetic_31011\"",\""shared_origin_shift\""]"",""[\""synthetic\"",\""synthetic_31012\"",\""shared_origin_shift\""]"",""[\""synthetic\"",\""synthetic_31013\"",\""shared_origin_shift\""]"",""[\""synthetic\"",\""synthetic_31014\"",\""shared_origin_shift\""]"",""[\""synthetic\"",\""synthetic_31015\"",\""shared_origin_shift\""]"",""[\""synthetic\"",\""synthetic_31016\"",\""shared_origin_shift\""]"",""[\""synthetic\"",\""synthetic_31017\"",\""shared_origin_shift\""]"",""[\""synthetic\"",\""synthetic_31018\"",\""shared_origin_shift\""]"",""[\""synthetic\"",\""synthetic_31019\"",\""shared_origin_shift\""]"",""[\""synthetic\"",\""synthetic_31020\"",\""shared_origin_shift\""]"",""[\""synthetic\"",\""synthetic_31021\"",\""shared_origin_shift\""]"",""[\""synthetic\"",\""synthetic_31022\"",\""shared_origin_shift\""]"",""[\""synthetic\"",\""synthetic_31023\"",\""shared_origin_shift\""]"",""[\""synthetic\"",\""synthetic_31024\"",\""shared_origin_shift\""]"",""[\""synthetic\"",\""synthetic_31025\"",\""shared_origin_shift\""]"",""[\""synthetic\"",\""synthetic_31026\"",\""shared_origin_shift\""]"",""[\""synthetic\"",\""synthetic_31027\"",\""shared_origin_shift\""]"",""[\""synthetic\"",\""synthetic_31028\"",\""shared_origin_shift\""]"",""[\""synthetic\"",\""synthetic_31029\"",\""shared_origin_shift\""]"",""[\""synthetic\"",\""synthetic_31030\"",\""shared_origin_shift\""]"",""[\""synthetic\"",\""synthetic_31031\"",\""shared_origin_shift\""]""]",Descriptive direct ROI statistics; exact nonzero is not a clinical or material-change threshold. 
synthetic,shared_origin_shift,own_wrapper_mutation,source,occupied_volume_mm3,32,0,0.0,0.0,0.0,0.0,0.0,0.0,32,0,0.0,0.0,0.0,0.0,0.0,0.0,0,"[""[\""synthetic\"",\""synthetic_31000\"",\""shared_origin_shift\""]"",""[\""synthetic\"",\""synthetic_31001\"",\""shared_origin_shift\""]"",""[\""synthetic\"",\""synthetic_31002\"",\""shared_origin_shift\""]"",""[\""synthetic\"",\""synthetic_31003\"",\""shared_origin_shift\""]"",""[\""synthetic\"",\""synthetic_31004\"",\""shared_origin_shift\""]"",""[\""synthetic\"",\""synthetic_31005\"",\""shared_origin_shift\""]"",""[\""synthetic\"",\""synthetic_31006\"",\""shared_origin_shift\""]"",""[\""synthetic\"",\""synthetic_31007\"",\""shared_origin_shift\""]"",""[\""synthetic\"",\""synthetic_31008\"",\""shared_origin_shift\""]"",""[\""synthetic\"",\""synthetic_31009\"",\""shared_origin_shift\""]"",""[\""synthetic\"",\""synthetic_31010\"",\""shared_origin_shift\""]"",""[\""synthetic\"",\""synthetic_31011\"",\""shared_origin_shift\""]"",""[\""synthetic\"",\""synthetic_31012\"",\""shared_origin_shift\""]"",""[\""synthetic\"",\""synthetic_31013\"",\""shared_origin_shift\""]"",""[\""synthetic\"",\""synthetic_31014\"",\""shared_origin_shift\""]"",""[\""synthetic\"",\""synthetic_31015\"",\""shared_origin_shift\""]"",""[\""synthetic\"",\""synthetic_31016\"",\""shared_origin_shift\""]"",""[\""synthetic\"",\""synthetic_31017\"",\""shared_origin_shift\""]"",""[\""synthetic\"",\""synthetic_31018\"",\""shared_origin_shift\""]"",""[\""synthetic\"",\""synthetic_31019\"",\""shared_origin_shift\""]"",""[\""synthetic\"",\""synthetic_31020\"",\""shared_origin_shift\""]"",""[\""synthetic\"",\""synthetic_31021\"",\""shared_origin_shift\""]"",""[\""synthetic\"",\""synthetic_31022\"",\""shared_origin_shift\""]"",""[\""synthetic\"",\""synthetic_31023\"",\""shared_origin_shift\""]"",""[\""synthetic\"",\""synthetic_31024\"",\""shared_origin_shift\""]"",""[\""synthetic\"",\""synthetic_31025\"",\""shared_origin_shift\""]"",""[\""synthetic\"",\""synthetic_31026\"",\""shared_origin_shift\""]"",""[\""synthetic\"",\""synthetic_31027\"",\""shared_origin_shift\""]"",""[\""synthetic\"",\""synthetic_31028\"",\""shared_origin_shift\""]"",""[\""synthetic\"",\""synthetic_31029\"",\""shared_origin_shift\""]"",""[\""synthetic\"",\""synthetic_31030\"",\""shared_origin_shift\""]"",""[\""synthetic\"",\""synthetic_31031\"",\""shared_origin_shift\""]""]",Descriptive direct ROI statistics; exact nonzero is not a clinical or material-change threshold. 
synthetic,shared_origin_shift,own_wrapper_mutation,source,mean,32,0,0.0,0.0,0.0,0.0,0.0,0.0,32,0,0.0,0.0,0.0,0.0,0.0,0.0,0,"[""[\""synthetic\"",\""synthetic_31000\"",\""shared_origin_shift\""]"",""[\""synthetic\"",\""synthetic_31001\"",\""shared_origin_shift\""]"",""[\""synthetic\"",\""synthetic_31002\"",\""shared_origin_shift\""]"",""[\""synthetic\"",\""synthetic_31003\"",\""shared_origin_shift\""]"",""[\""synthetic\"",\""synthetic_31004\"",\""shared_origin_shift\""]"",""[\""synthetic\"",\""synthetic_31005\"",\""shared_origin_shift\""]"",""[\""synthetic\"",\""synthetic_31006\"",\""shared_origin_shift\""]"",""[\""synthetic\"",\""synthetic_31007\"",\""shared_origin_shift\""]"",""[\""synthetic\"",\""synthetic_31008\"",\""shared_origin_shift\""]"",""[\""synthetic\"",\""synthetic_31009\"",\""shared_origin_shift\""]"",""[\""synthetic\"",\""synthetic_31010\"",\""shared_origin_shift\""]"",""[\""synthetic\"",\""synthetic_31011\"",\""shared_origin_shift\""]"",""[\""synthetic\"",\""synthetic_31012\"",\""shared_origin_shift\""]"",""[\""synthetic\"",\""synthetic_31013\"",\""shared_origin_shift\""]"",""[\""synthetic\"",\""synthetic_31014\"",\""shared_origin_shift\""]"",""[\""synthetic\"",\""synthetic_31015\"",\""shared_origin_shift\""]"",""[\""synthetic\"",\""synthetic_31016\"",\""shared_origin_shift\""]"",""[\""synthetic\"",\""synthetic_31017\"",\""shared_origin_shift\""]"",""[\""synthetic\"",\""synthetic_31018\"",\""shared_origin_shift\""]"",""[\""synthetic\"",\""synthetic_31019\"",\""shared_origin_shift\""]"",""[\""synthetic\"",\""synthetic_31020\"",\""shared_origin_shift\""]"",""[\""synthetic\"",\""synthetic_31021\"",\""shared_origin_shift\""]"",""[\""synthetic\"",\""synthetic_31022\"",\""shared_origin_shift\""]"",""[\""synthetic\"",\""synthetic_31023\"",\""shared_origin_shift\""]"",""[\""synthetic\"",\""synthetic_31024\"",\""shared_origin_shift\""]"",""[\""synthetic\"",\""synthetic_31025\"",\""shared_origin_shift\""]"",""[\""synthetic\"",\""synthetic_31026\"",\""shared_origin_shift\""]"",""[\""synthetic\"",\""synthetic_31027\"",\""shared_origin_shift\""]"",""[\""synthetic\"",\""synthetic_31028\"",\""shared_origin_shift\""]"",""[\""synthetic\"",\""synthetic_31029\"",\""shared_origin_shift\""]"",""[\""synthetic\"",\""synthetic_31030\"",\""shared_origin_shift\""]"",""[\""synthetic\"",\""synthetic_31031\"",\""shared_origin_shift\""]""]",Descriptive direct ROI statistics; exact nonzero is not a clinical or material-change threshold. 
synthetic,shared_origin_shift,own_wrapper_mutation,source,population_variance,32,0,0.0,0.0,0.0,0.0,0.0,0.0,32,0,0.0,0.0,0.0,0.0,0.0,0.0,0,"[""[\""synthetic\"",\""synthetic_31000\"",\""shared_origin_shift\""]"",""[\""synthetic\"",\""synthetic_31001\"",\""shared_origin_shift\""]"",""[\""synthetic\"",\""synthetic_31002\"",\""shared_origin_shift\""]"",""[\""synthetic\"",\""synthetic_31003\"",\""shared_origin_shift\""]"",""[\""synthetic\"",\""synthetic_31004\"",\""shared_origin_shift\""]"",""[\""synthetic\"",\""synthetic_31005\"",\""shared_origin_shift\""]"",""[\""synthetic\"",\""synthetic_31006\"",\""shared_origin_shift\""]"",""[\""synthetic\"",\""synthetic_31007\"",\""shared_origin_shift\""]"",""[\""synthetic\"",\""synthetic_31008\"",\""shared_origin_shift\""]"",""[\""synthetic\"",\""synthetic_31009\"",\""shared_origin_shift\""]"",""[\""synthetic\"",\""synthetic_31010\"",\""shared_origin_shift\""]"",""[\""synthetic\"",\""synthetic_31011\"",\""shared_origin_shift\""]"",""[\""synthetic\"",\""synthetic_31012\"",\""shared_origin_shift\""]"",""[\""synthetic\"",\""synthetic_31013\"",\""shared_origin_shift\""]"",""[\""synthetic\"",\""synthetic_31014\"",\""shared_origin_shift\""]"",""[\""synthetic\"",\""synthetic_31015\"",\""shared_origin_shift\""]"",""[\""synthetic\"",\""synthetic_31016\"",\""shared_origin_shift\""]"",""[\""synthetic\"",\""synthetic_31017\"",\""shared_origin_shift\""]"",""[\""synthetic\"",\""synthetic_31018\"",\""shared_origin_shift\""]"",""[\""synthetic\"",\""synthetic_31019\"",\""shared_origin_shift\""]"",""[\""synthetic\"",\""synthetic_31020\"",\""shared_origin_shift\""]"",""[\""synthetic\"",\""synthetic_31021\"",\""shared_origin_shift\""]"",""[\""synthetic\"",\""synthetic_31022\"",\""shared_origin_shift\""]"",""[\""synthetic\"",\""synthetic_31023\"",\""shared_origin_shift\""]"",""[\""synthetic\"",\""synthetic_31024\"",\""shared_origin_shift\""]"",""[\""synthetic\"",\""synthetic_31025\"",\""shared_origin_shift\""]"",""[\""synthetic\"",\""synthetic_31026\"",\""shared_origin_shift\""]"",""[\""synthetic\"",\""synthetic_31027\"",\""shared_origin_shift\""]"",""[\""synthetic\"",\""synthetic_31028\"",\""shared_origin_shift\""]"",""[\""synthetic\"",\""synthetic_31029\"",\""shared_origin_shift\""]"",""[\""synthetic\"",\""synthetic_31030\"",\""shared_origin_shift\""]"",""[\""synthetic\"",\""synthetic_31031\"",\""shared_origin_shift\""]""]",Descriptive direct ROI statistics; exact nonzero is not a clinical or material-change threshold. 
synthetic,shared_origin_shift,own_wrapper_mutation,correct_operation,roi_voxels,32,0,0,0.0,0.0,0.0,0,0.0,32,0,0,0.0,0.0,0.0,0,0.0,0,"[""[\""synthetic\"",\""synthetic_31000\"",\""shared_origin_shift\""]"",""[\""synthetic\"",\""synthetic_31001\"",\""shared_origin_shift\""]"",""[\""synthetic\"",\""synthetic_31002\"",\""shared_origin_shift\""]"",""[\""synthetic\"",\""synthetic_31003\"",\""shared_origin_shift\""]"",""[\""synthetic\"",\""synthetic_31004\"",\""shared_origin_shift\""]"",""[\""synthetic\"",\""synthetic_31005\"",\""shared_origin_shift\""]"",""[\""synthetic\"",\""synthetic_31006\"",\""shared_origin_shift\""]"",""[\""synthetic\"",\""synthetic_31007\"",\""shared_origin_shift\""]"",""[\""synthetic\"",\""synthetic_31008\"",\""shared_origin_shift\""]"",""[\""synthetic\"",\""synthetic_31009\"",\""shared_origin_shift\""]"",""[\""synthetic\"",\""synthetic_31010\"",\""shared_origin_shift\""]"",""[\""synthetic\"",\""synthetic_31011\"",\""shared_origin_shift\""]"",""[\""synthetic\"",\""synthetic_31012\"",\""shared_origin_shift\""]"",""[\""synthetic\"",\""synthetic_31013\"",\""shared_origin_shift\""]"",""[\""synthetic\"",\""synthetic_31014\"",\""shared_origin_shift\""]"",""[\""synthetic\"",\""synthetic_31015\"",\""shared_origin_shift\""]"",""[\""synthetic\"",\""synthetic_31016\"",\""shared_origin_shift\""]"",""[\""synthetic\"",\""synthetic_31017\"",\""shared_origin_shift\""]"",""[\""synthetic\"",\""synthetic_31018\"",\""shared_origin_shift\""]"",""[\""synthetic\"",\""synthetic_31019\"",\""shared_origin_shift\""]"",""[\""synthetic\"",\""synthetic_31020\"",\""shared_origin_shift\""]"",""[\""synthetic\"",\""synthetic_31021\"",\""shared_origin_shift\""]"",""[\""synthetic\"",\""synthetic_31022\"",\""shared_origin_shift\""]"",""[\""synthetic\"",\""synthetic_31023\"",\""shared_origin_shift\""]"",""[\""synthetic\"",\""synthetic_31024\"",\""shared_origin_shift\""]"",""[\""synthetic\"",\""synthetic_31025\"",\""shared_origin_shift\""]"",""[\""synthetic\"",\""synthetic_31026\"",\""shared_origin_shift\""]"",""[\""synthetic\"",\""synthetic_31027\"",\""shared_origin_shift\""]"",""[\""synthetic\"",\""synthetic_31028\"",\""shared_origin_shift\""]"",""[\""synthetic\"",\""synthetic_31029\"",\""shared_origin_shift\""]"",""[\""synthetic\"",\""synthetic_31030\"",\""shared_origin_shift\""]"",""[\""synthetic\"",\""synthetic_31031\"",\""shared_origin_shift\""]""]",Descriptive direct ROI statistics; exact nonzero is not a clinical or material-change threshold. 
synthetic,shared_origin_shift,own_wrapper_mutation,correct_operation,occupied_volume_mm3,32,0,0.0,0.0,0.0,0.0,0.0,0.0,32,0,0.0,0.0,0.0,0.0,0.0,0.0,0,"[""[\""synthetic\"",\""synthetic_31000\"",\""shared_origin_shift\""]"",""[\""synthetic\"",\""synthetic_31001\"",\""shared_origin_shift\""]"",""[\""synthetic\"",\""synthetic_31002\"",\""shared_origin_shift\""]"",""[\""synthetic\"",\""synthetic_31003\"",\""shared_origin_shift\""]"",""[\""synthetic\"",\""synthetic_31004\"",\""shared_origin_shift\""]"",""[\""synthetic\"",\""synthetic_31005\"",\""shared_origin_shift\""]"",""[\""synthetic\"",\""synthetic_31006\"",\""shared_origin_shift\""]"",""[\""synthetic\"",\""synthetic_31007\"",\""shared_origin_shift\""]"",""[\""synthetic\"",\""synthetic_31008\"",\""shared_origin_shift\""]"",""[\""synthetic\"",\""synthetic_31009\"",\""shared_origin_shift\""]"",""[\""synthetic\"",\""synthetic_31010\"",\""shared_origin_shift\""]"",""[\""synthetic\"",\""synthetic_31011\"",\""shared_origin_shift\""]"",""[\""synthetic\"",\""synthetic_31012\"",\""shared_origin_shift\""]"",""[\""synthetic\"",\""synthetic_31013\"",\""shared_origin_shift\""]"",""[\""synthetic\"",\""synthetic_31014\"",\""shared_origin_shift\""]"",""[\""synthetic\"",\""synthetic_31015\"",\""shared_origin_shift\""]"",""[\""synthetic\"",\""synthetic_31016\"",\""shared_origin_shift\""]"",""[\""synthetic\"",\""synthetic_31017\"",\""shared_origin_shift\""]"",""[\""synthetic\"",\""synthetic_31018\"",\""shared_origin_shift\""]"",""[\""synthetic\"",\""synthetic_31019\"",\""shared_origin_shift\""]"",""[\""synthetic\"",\""synthetic_31020\"",\""shared_origin_shift\""]"",""[\""synthetic\"",\""synthetic_31021\"",\""shared_origin_shift\""]"",""[\""synthetic\"",\""synthetic_31022\"",\""shared_origin_shift\""]"",""[\""synthetic\"",\""synthetic_31023\"",\""shared_origin_shift\""]"",""[\""synthetic\"",\""synthetic_31024\"",\""shared_origin_shift\""]"",""[\""synthetic\"",\""synthetic_31025\"",\""shared_origin_shift\""]"",""[\""synthetic\"",\""synthetic_31026\"",\""shared_origin_shift\""]"",""[\""synthetic\"",\""synthetic_31027\"",\""shared_origin_shift\""]"",""[\""synthetic\"",\""synthetic_31028\"",\""shared_origin_shift\""]"",""[\""synthetic\"",\""synthetic_31029\"",\""shared_origin_shift\""]"",""[\""synthetic\"",\""synthetic_31030\"",\""shared_origin_shift\""]"",""[\""synthetic\"",\""synthetic_31031\"",\""shared_origin_shift\""]""]",Descriptive direct ROI statistics; exact nonzero is not a clinical or material-change threshold. 
synthetic,shared_origin_shift,own_wrapper_mutation,correct_operation,mean,32,0,0.0,0.0,0.0,0.0,0.0,0.0,32,0,0.0,0.0,0.0,0.0,0.0,0.0,0,"[""[\""synthetic\"",\""synthetic_31000\"",\""shared_origin_shift\""]"",""[\""synthetic\"",\""synthetic_31001\"",\""shared_origin_shift\""]"",""[\""synthetic\"",\""synthetic_31002\"",\""shared_origin_shift\""]"",""[\""synthetic\"",\""synthetic_31003\"",\""shared_origin_shift\""]"",""[\""synthetic\"",\""synthetic_31004\"",\""shared_origin_shift\""]"",""[\""synthetic\"",\""synthetic_31005\"",\""shared_origin_shift\""]"",""[\""synthetic\"",\""synthetic_31006\"",\""shared_origin_shift\""]"",""[\""synthetic\"",\""synthetic_31007\"",\""shared_origin_shift\""]"",""[\""synthetic\"",\""synthetic_31008\"",\""shared_origin_shift\""]"",""[\""synthetic\"",\""synthetic_31009\"",\""shared_origin_shift\""]"",""[\""synthetic\"",\""synthetic_31010\"",\""shared_origin_shift\""]"",""[\""synthetic\"",\""synthetic_31011\"",\""shared_origin_shift\""]"",""[\""synthetic\"",\""synthetic_31012\"",\""shared_origin_shift\""]"",""[\""synthetic\"",\""synthetic_31013\"",\""shared_origin_shift\""]"",""[\""synthetic\"",\""synthetic_31014\"",\""shared_origin_shift\""]"",""[\""synthetic\"",\""synthetic_31015\"",\""shared_origin_shift\""]"",""[\""synthetic\"",\""synthetic_31016\"",\""shared_origin_shift\""]"",""[\""synthetic\"",\""synthetic_31017\"",\""shared_origin_shift\""]"",""[\""synthetic\"",\""synthetic_31018\"",\""shared_origin_shift\""]"",""[\""synthetic\"",\""synthetic_31019\"",\""shared_origin_shift\""]"",""[\""synthetic\"",\""synthetic_31020\"",\""shared_origin_shift\""]"",""[\""synthetic\"",\""synthetic_31021\"",\""shared_origin_shift\""]"",""[\""synthetic\"",\""synthetic_31022\"",\""shared_origin_shift\""]"",""[\""synthetic\"",\""synthetic_31023\"",\""shared_origin_shift\""]"",""[\""synthetic\"",\""synthetic_31024\"",\""shared_origin_shift\""]"",""[\""synthetic\"",\""synthetic_31025\"",\""shared_origin_shift\""]"",""[\""synthetic\"",\""synthetic_31026\"",\""shared_origin_shift\""]"",""[\""synthetic\"",\""synthetic_31027\"",\""shared_origin_shift\""]"",""[\""synthetic\"",\""synthetic_31028\"",\""shared_origin_shift\""]"",""[\""synthetic\"",\""synthetic_31029\"",\""shared_origin_shift\""]"",""[\""synthetic\"",\""synthetic_31030\"",\""shared_origin_shift\""]"",""[\""synthetic\"",\""synthetic_31031\"",\""shared_origin_shift\""]""]",Descriptive direct ROI statistics; exact nonzero is not a clinical or material-change threshold. 
synthetic,shared_origin_shift,own_wrapper_mutation,correct_operation,population_variance,32,0,0.0,0.0,0.0,0.0,0.0,0.0,32,0,0.0,0.0,0.0,0.0,0.0,0.0,0,"[""[\""synthetic\"",\""synthetic_31000\"",\""shared_origin_shift\""]"",""[\""synthetic\"",\""synthetic_31001\"",\""shared_origin_shift\""]"",""[\""synthetic\"",\""synthetic_31002\"",\""shared_origin_shift\""]"",""[\""synthetic\"",\""synthetic_31003\"",\""shared_origin_shift\""]"",""[\""synthetic\"",\""synthetic_31004\"",\""shared_origin_shift\""]"",""[\""synthetic\"",\""synthetic_31005\"",\""shared_origin_shift\""]"",""[\""synthetic\"",\""synthetic_31006\"",\""shared_origin_shift\""]"",""[\""synthetic\"",\""synthetic_31007\"",\""shared_origin_shift\""]"",""[\""synthetic\"",\""synthetic_31008\"",\""shared_origin_shift\""]"",""[\""synthetic\"",\""synthetic_31009\"",\""shared_origin_shift\""]"",""[\""synthetic\"",\""synthetic_31010\"",\""shared_origin_shift\""]"",""[\""synthetic\"",\""synthetic_31011\"",\""shared_origin_shift\""]"",""[\""synthetic\"",\""synthetic_31012\"",\""shared_origin_shift\""]"",""[\""synthetic\"",\""synthetic_31013\"",\""shared_origin_shift\""]"",""[\""synthetic\"",\""synthetic_31014\"",\""shared_origin_shift\""]"",""[\""synthetic\"",\""synthetic_31015\"",\""shared_origin_shift\""]"",""[\""synthetic\"",\""synthetic_31016\"",\""shared_origin_shift\""]"",""[\""synthetic\"",\""synthetic_31017\"",\""shared_origin_shift\""]"",""[\""synthetic\"",\""synthetic_31018\"",\""shared_origin_shift\""]"",""[\""synthetic\"",\""synthetic_31019\"",\""shared_origin_shift\""]"",""[\""synthetic\"",\""synthetic_31020\"",\""shared_origin_shift\""]"",""[\""synthetic\"",\""synthetic_31021\"",\""shared_origin_shift\""]"",""[\""synthetic\"",\""synthetic_31022\"",\""shared_origin_shift\""]"",""[\""synthetic\"",\""synthetic_31023\"",\""shared_origin_shift\""]"",""[\""synthetic\"",\""synthetic_31024\"",\""shared_origin_shift\""]"",""[\""synthetic\"",\""synthetic_31025\"",\""shared_origin_shift\""]"",""[\""synthetic\"",\""synthetic_31026\"",\""shared_origin_shift\""]"",""[\""synthetic\"",\""synthetic_31027\"",\""shared_origin_shift\""]"",""[\""synthetic\"",\""synthetic_31028\"",\""shared_origin_shift\""]"",""[\""synthetic\"",\""synthetic_31029\"",\""shared_origin_shift\""]"",""[\""synthetic\"",\""synthetic_31030\"",\""shared_origin_shift\""]"",""[\""synthetic\"",\""synthetic_31031\"",\""shared_origin_shift\""]""]",Descriptive direct ROI statistics; exact nonzero is not a clinical or material-change threshold. 
synthetic,stale_crop_origin,own_wrapper_mutation,source,roi_voxels,32,0,0,0.0,0.0,0.0,0,0.0,32,0,0,0.0,0.0,0.0,0,0.0,0,"[""[\""synthetic\"",\""synthetic_31000\"",\""stale_crop_origin\""]"",""[\""synthetic\"",\""synthetic_31001\"",\""stale_crop_origin\""]"",""[\""synthetic\"",\""synthetic_31002\"",\""stale_crop_origin\""]"",""[\""synthetic\"",\""synthetic_31003\"",\""stale_crop_origin\""]"",""[\""synthetic\"",\""synthetic_31004\"",\""stale_crop_origin\""]"",""[\""synthetic\"",\""synthetic_31005\"",\""stale_crop_origin\""]"",""[\""synthetic\"",\""synthetic_31006\"",\""stale_crop_origin\""]"",""[\""synthetic\"",\""synthetic_31007\"",\""stale_crop_origin\""]"",""[\""synthetic\"",\""synthetic_31008\"",\""stale_crop_origin\""]"",""[\""synthetic\"",\""synthetic_31009\"",\""stale_crop_origin\""]"",""[\""synthetic\"",\""synthetic_31010\"",\""stale_crop_origin\""]"",""[\""synthetic\"",\""synthetic_31011\"",\""stale_crop_origin\""]"",""[\""synthetic\"",\""synthetic_31012\"",\""stale_crop_origin\""]"",""[\""synthetic\"",\""synthetic_31013\"",\""stale_crop_origin\""]"",""[\""synthetic\"",\""synthetic_31014\"",\""stale_crop_origin\""]"",""[\""synthetic\"",\""synthetic_31015\"",\""stale_crop_origin\""]"",""[\""synthetic\"",\""synthetic_31016\"",\""stale_crop_origin\""]"",""[\""synthetic\"",\""synthetic_31017\"",\""stale_crop_origin\""]"",""[\""synthetic\"",\""synthetic_31018\"",\""stale_crop_origin\""]"",""[\""synthetic\"",\""synthetic_31019\"",\""stale_crop_origin\""]"",""[\""synthetic\"",\""synthetic_31020\"",\""stale_crop_origin\""]"",""[\""synthetic\"",\""synthetic_31021\"",\""stale_crop_origin\""]"",""[\""synthetic\"",\""synthetic_31022\"",\""stale_crop_origin\""]"",""[\""synthetic\"",\""synthetic_31023\"",\""stale_crop_origin\""]"",""[\""synthetic\"",\""synthetic_31024\"",\""stale_crop_origin\""]"",""[\""synthetic\"",\""synthetic_31025\"",\""stale_crop_origin\""]"",""[\""synthetic\"",\""synthetic_31026\"",\""stale_crop_origin\""]"",""[\""synthetic\"",\""synthetic_31027\"",\""stale_crop_origin\""]"",""[\""synthetic\"",\""synthetic_31028\"",\""stale_crop_origin\""]"",""[\""synthetic\"",\""synthetic_31029\"",\""stale_crop_origin\""]"",""[\""synthetic\"",\""synthetic_31030\"",\""stale_crop_origin\""]"",""[\""synthetic\"",\""synthetic_31031\"",\""stale_crop_origin\""]""]",Descriptive direct ROI statistics; exact nonzero is not a clinical or material-change threshold. 
synthetic,stale_crop_origin,own_wrapper_mutation,source,occupied_volume_mm3,32,0,0.0,0.0,0.0,0.0,0.0,0.0,32,0,0.0,0.0,0.0,0.0,0.0,0.0,0,"[""[\""synthetic\"",\""synthetic_31000\"",\""stale_crop_origin\""]"",""[\""synthetic\"",\""synthetic_31001\"",\""stale_crop_origin\""]"",""[\""synthetic\"",\""synthetic_31002\"",\""stale_crop_origin\""]"",""[\""synthetic\"",\""synthetic_31003\"",\""stale_crop_origin\""]"",""[\""synthetic\"",\""synthetic_31004\"",\""stale_crop_origin\""]"",""[\""synthetic\"",\""synthetic_31005\"",\""stale_crop_origin\""]"",""[\""synthetic\"",\""synthetic_31006\"",\""stale_crop_origin\""]"",""[\""synthetic\"",\""synthetic_31007\"",\""stale_crop_origin\""]"",""[\""synthetic\"",\""synthetic_31008\"",\""stale_crop_origin\""]"",""[\""synthetic\"",\""synthetic_31009\"",\""stale_crop_origin\""]"",""[\""synthetic\"",\""synthetic_31010\"",\""stale_crop_origin\""]"",""[\""synthetic\"",\""synthetic_31011\"",\""stale_crop_origin\""]"",""[\""synthetic\"",\""synthetic_31012\"",\""stale_crop_origin\""]"",""[\""synthetic\"",\""synthetic_31013\"",\""stale_crop_origin\""]"",""[\""synthetic\"",\""synthetic_31014\"",\""stale_crop_origin\""]"",""[\""synthetic\"",\""synthetic_31015\"",\""stale_crop_origin\""]"",""[\""synthetic\"",\""synthetic_31016\"",\""stale_crop_origin\""]"",""[\""synthetic\"",\""synthetic_31017\"",\""stale_crop_origin\""]"",""[\""synthetic\"",\""synthetic_31018\"",\""stale_crop_origin\""]"",""[\""synthetic\"",\""synthetic_31019\"",\""stale_crop_origin\""]"",""[\""synthetic\"",\""synthetic_31020\"",\""stale_crop_origin\""]"",""[\""synthetic\"",\""synthetic_31021\"",\""stale_crop_origin\""]"",""[\""synthetic\"",\""synthetic_31022\"",\""stale_crop_origin\""]"",""[\""synthetic\"",\""synthetic_31023\"",\""stale_crop_origin\""]"",""[\""synthetic\"",\""synthetic_31024\"",\""stale_crop_origin\""]"",""[\""synthetic\"",\""synthetic_31025\"",\""stale_crop_origin\""]"",""[\""synthetic\"",\""synthetic_31026\"",\""stale_crop_origin\""]"",""[\""synthetic\"",\""synthetic_31027\"",\""stale_crop_origin\""]"",""[\""synthetic\"",\""synthetic_31028\"",\""stale_crop_origin\""]"",""[\""synthetic\"",\""synthetic_31029\"",\""stale_crop_origin\""]"",""[\""synthetic\"",\""synthetic_31030\"",\""stale_crop_origin\""]"",""[\""synthetic\"",\""synthetic_31031\"",\""stale_crop_origin\""]""]",Descriptive direct ROI statistics; exact nonzero is not a clinical or material-change threshold. 
synthetic,stale_crop_origin,own_wrapper_mutation,source,mean,32,0,0.0,0.0,0.0,0.0,0.0,0.0,32,0,0.0,0.0,0.0,0.0,0.0,0.0,0,"[""[\""synthetic\"",\""synthetic_31000\"",\""stale_crop_origin\""]"",""[\""synthetic\"",\""synthetic_31001\"",\""stale_crop_origin\""]"",""[\""synthetic\"",\""synthetic_31002\"",\""stale_crop_origin\""]"",""[\""synthetic\"",\""synthetic_31003\"",\""stale_crop_origin\""]"",""[\""synthetic\"",\""synthetic_31004\"",\""stale_crop_origin\""]"",""[\""synthetic\"",\""synthetic_31005\"",\""stale_crop_origin\""]"",""[\""synthetic\"",\""synthetic_31006\"",\""stale_crop_origin\""]"",""[\""synthetic\"",\""synthetic_31007\"",\""stale_crop_origin\""]"",""[\""synthetic\"",\""synthetic_31008\"",\""stale_crop_origin\""]"",""[\""synthetic\"",\""synthetic_31009\"",\""stale_crop_origin\""]"",""[\""synthetic\"",\""synthetic_31010\"",\""stale_crop_origin\""]"",""[\""synthetic\"",\""synthetic_31011\"",\""stale_crop_origin\""]"",""[\""synthetic\"",\""synthetic_31012\"",\""stale_crop_origin\""]"",""[\""synthetic\"",\""synthetic_31013\"",\""stale_crop_origin\""]"",""[\""synthetic\"",\""synthetic_31014\"",\""stale_crop_origin\""]"",""[\""synthetic\"",\""synthetic_31015\"",\""stale_crop_origin\""]"",""[\""synthetic\"",\""synthetic_31016\"",\""stale_crop_origin\""]"",""[\""synthetic\"",\""synthetic_31017\"",\""stale_crop_origin\""]"",""[\""synthetic\"",\""synthetic_31018\"",\""stale_crop_origin\""]"",""[\""synthetic\"",\""synthetic_31019\"",\""stale_crop_origin\""]"",""[\""synthetic\"",\""synthetic_31020\"",\""stale_crop_origin\""]"",""[\""synthetic\"",\""synthetic_31021\"",\""stale_crop_origin\""]"",""[\""synthetic\"",\""synthetic_31022\"",\""stale_crop_origin\""]"",""[\""synthetic\"",\""synthetic_31023\"",\""stale_crop_origin\""]"",""[\""synthetic\"",\""synthetic_31024\"",\""stale_crop_origin\""]"",""[\""synthetic\"",\""synthetic_31025\"",\""stale_crop_origin\""]"",""[\""synthetic\"",\""synthetic_31026\"",\""stale_crop_origin\""]"",""[\""synthetic\"",\""synthetic_31027\"",\""stale_crop_origin\""]"",""[\""synthetic\"",\""synthetic_31028\"",\""stale_crop_origin\""]"",""[\""synthetic\"",\""synthetic_31029\"",\""stale_crop_origin\""]"",""[\""synthetic\"",\""synthetic_31030\"",\""stale_crop_origin\""]"",""[\""synthetic\"",\""synthetic_31031\"",\""stale_crop_origin\""]""]",Descriptive direct ROI statistics; exact nonzero is not a clinical or material-change threshold. 
synthetic,stale_crop_origin,own_wrapper_mutation,source,population_variance,32,0,0.0,0.0,0.0,0.0,0.0,0.0,32,0,0.0,0.0,0.0,0.0,0.0,0.0,0,"[""[\""synthetic\"",\""synthetic_31000\"",\""stale_crop_origin\""]"",""[\""synthetic\"",\""synthetic_31001\"",\""stale_crop_origin\""]"",""[\""synthetic\"",\""synthetic_31002\"",\""stale_crop_origin\""]"",""[\""synthetic\"",\""synthetic_31003\"",\""stale_crop_origin\""]"",""[\""synthetic\"",\""synthetic_31004\"",\""stale_crop_origin\""]"",""[\""synthetic\"",\""synthetic_31005\"",\""stale_crop_origin\""]"",""[\""synthetic\"",\""synthetic_31006\"",\""stale_crop_origin\""]"",""[\""synthetic\"",\""synthetic_31007\"",\""stale_crop_origin\""]"",""[\""synthetic\"",\""synthetic_31008\"",\""stale_crop_origin\""]"",""[\""synthetic\"",\""synthetic_31009\"",\""stale_crop_origin\""]"",""[\""synthetic\"",\""synthetic_31010\"",\""stale_crop_origin\""]"",""[\""synthetic\"",\""synthetic_31011\"",\""stale_crop_origin\""]"",""[\""synthetic\"",\""synthetic_31012\"",\""stale_crop_origin\""]"",""[\""synthetic\"",\""synthetic_31013\"",\""stale_crop_origin\""]"",""[\""synthetic\"",\""synthetic_31014\"",\""stale_crop_origin\""]"",""[\""synthetic\"",\""synthetic_31015\"",\""stale_crop_origin\""]"",""[\""synthetic\"",\""synthetic_31016\"",\""stale_crop_origin\""]"",""[\""synthetic\"",\""synthetic_31017\"",\""stale_crop_origin\""]"",""[\""synthetic\"",\""synthetic_31018\"",\""stale_crop_origin\""]"",""[\""synthetic\"",\""synthetic_31019\"",\""stale_crop_origin\""]"",""[\""synthetic\"",\""synthetic_31020\"",\""stale_crop_origin\""]"",""[\""synthetic\"",\""synthetic_31021\"",\""stale_crop_origin\""]"",""[\""synthetic\"",\""synthetic_31022\"",\""stale_crop_origin\""]"",""[\""synthetic\"",\""synthetic_31023\"",\""stale_crop_origin\""]"",""[\""synthetic\"",\""synthetic_31024\"",\""stale_crop_origin\""]"",""[\""synthetic\"",\""synthetic_31025\"",\""stale_crop_origin\""]"",""[\""synthetic\"",\""synthetic_31026\"",\""stale_crop_origin\""]"",""[\""synthetic\"",\""synthetic_31027\"",\""stale_crop_origin\""]"",""[\""synthetic\"",\""synthetic_31028\"",\""stale_crop_origin\""]"",""[\""synthetic\"",\""synthetic_31029\"",\""stale_crop_origin\""]"",""[\""synthetic\"",\""synthetic_31030\"",\""stale_crop_origin\""]"",""[\""synthetic\"",\""synthetic_31031\"",\""stale_crop_origin\""]""]",Descriptive direct ROI statistics; exact nonzero is not a clinical or material-change threshold. 
synthetic,stale_crop_origin,own_wrapper_mutation,correct_operation,roi_voxels,32,0,0,0.0,0.0,0.0,0,0.0,32,0,0,0.0,0.0,0.0,0,0.0,0,"[""[\""synthetic\"",\""synthetic_31000\"",\""stale_crop_origin\""]"",""[\""synthetic\"",\""synthetic_31001\"",\""stale_crop_origin\""]"",""[\""synthetic\"",\""synthetic_31002\"",\""stale_crop_origin\""]"",""[\""synthetic\"",\""synthetic_31003\"",\""stale_crop_origin\""]"",""[\""synthetic\"",\""synthetic_31004\"",\""stale_crop_origin\""]"",""[\""synthetic\"",\""synthetic_31005\"",\""stale_crop_origin\""]"",""[\""synthetic\"",\""synthetic_31006\"",\""stale_crop_origin\""]"",""[\""synthetic\"",\""synthetic_31007\"",\""stale_crop_origin\""]"",""[\""synthetic\"",\""synthetic_31008\"",\""stale_crop_origin\""]"",""[\""synthetic\"",\""synthetic_31009\"",\""stale_crop_origin\""]"",""[\""synthetic\"",\""synthetic_31010\"",\""stale_crop_origin\""]"",""[\""synthetic\"",\""synthetic_31011\"",\""stale_crop_origin\""]"",""[\""synthetic\"",\""synthetic_31012\"",\""stale_crop_origin\""]"",""[\""synthetic\"",\""synthetic_31013\"",\""stale_crop_origin\""]"",""[\""synthetic\"",\""synthetic_31014\"",\""stale_crop_origin\""]"",""[\""synthetic\"",\""synthetic_31015\"",\""stale_crop_origin\""]"",""[\""synthetic\"",\""synthetic_31016\"",\""stale_crop_origin\""]"",""[\""synthetic\"",\""synthetic_31017\"",\""stale_crop_origin\""]"",""[\""synthetic\"",\""synthetic_31018\"",\""stale_crop_origin\""]"",""[\""synthetic\"",\""synthetic_31019\"",\""stale_crop_origin\""]"",""[\""synthetic\"",\""synthetic_31020\"",\""stale_crop_origin\""]"",""[\""synthetic\"",\""synthetic_31021\"",\""stale_crop_origin\""]"",""[\""synthetic\"",\""synthetic_31022\"",\""stale_crop_origin\""]"",""[\""synthetic\"",\""synthetic_31023\"",\""stale_crop_origin\""]"",""[\""synthetic\"",\""synthetic_31024\"",\""stale_crop_origin\""]"",""[\""synthetic\"",\""synthetic_31025\"",\""stale_crop_origin\""]"",""[\""synthetic\"",\""synthetic_31026\"",\""stale_crop_origin\""]"",""[\""synthetic\"",\""synthetic_31027\"",\""stale_crop_origin\""]"",""[\""synthetic\"",\""synthetic_31028\"",\""stale_crop_origin\""]"",""[\""synthetic\"",\""synthetic_31029\"",\""stale_crop_origin\""]"",""[\""synthetic\"",\""synthetic_31030\"",\""stale_crop_origin\""]"",""[\""synthetic\"",\""synthetic_31031\"",\""stale_crop_origin\""]""]",Descriptive direct ROI statistics; exact nonzero is not a clinical or material-change threshold. 
synthetic,stale_crop_origin,own_wrapper_mutation,correct_operation,occupied_volume_mm3,32,0,0.0,0.0,0.0,0.0,0.0,0.0,32,0,0.0,0.0,0.0,0.0,0.0,0.0,0,"[""[\""synthetic\"",\""synthetic_31000\"",\""stale_crop_origin\""]"",""[\""synthetic\"",\""synthetic_31001\"",\""stale_crop_origin\""]"",""[\""synthetic\"",\""synthetic_31002\"",\""stale_crop_origin\""]"",""[\""synthetic\"",\""synthetic_31003\"",\""stale_crop_origin\""]"",""[\""synthetic\"",\""synthetic_31004\"",\""stale_crop_origin\""]"",""[\""synthetic\"",\""synthetic_31005\"",\""stale_crop_origin\""]"",""[\""synthetic\"",\""synthetic_31006\"",\""stale_crop_origin\""]"",""[\""synthetic\"",\""synthetic_31007\"",\""stale_crop_origin\""]"",""[\""synthetic\"",\""synthetic_31008\"",\""stale_crop_origin\""]"",""[\""synthetic\"",\""synthetic_31009\"",\""stale_crop_origin\""]"",""[\""synthetic\"",\""synthetic_31010\"",\""stale_crop_origin\""]"",""[\""synthetic\"",\""synthetic_31011\"",\""stale_crop_origin\""]"",""[\""synthetic\"",\""synthetic_31012\"",\""stale_crop_origin\""]"",""[\""synthetic\"",\""synthetic_31013\"",\""stale_crop_origin\""]"",""[\""synthetic\"",\""synthetic_31014\"",\""stale_crop_origin\""]"",""[\""synthetic\"",\""synthetic_31015\"",\""stale_crop_origin\""]"",""[\""synthetic\"",\""synthetic_31016\"",\""stale_crop_origin\""]"",""[\""synthetic\"",\""synthetic_31017\"",\""stale_crop_origin\""]"",""[\""synthetic\"",\""synthetic_31018\"",\""stale_crop_origin\""]"",""[\""synthetic\"",\""synthetic_31019\"",\""stale_crop_origin\""]"",""[\""synthetic\"",\""synthetic_31020\"",\""stale_crop_origin\""]"",""[\""synthetic\"",\""synthetic_31021\"",\""stale_crop_origin\""]"",""[\""synthetic\"",\""synthetic_31022\"",\""stale_crop_origin\""]"",""[\""synthetic\"",\""synthetic_31023\"",\""stale_crop_origin\""]"",""[\""synthetic\"",\""synthetic_31024\"",\""stale_crop_origin\""]"",""[\""synthetic\"",\""synthetic_31025\"",\""stale_crop_origin\""]"",""[\""synthetic\"",\""synthetic_31026\"",\""stale_crop_origin\""]"",""[\""synthetic\"",\""synthetic_31027\"",\""stale_crop_origin\""]"",""[\""synthetic\"",\""synthetic_31028\"",\""stale_crop_origin\""]"",""[\""synthetic\"",\""synthetic_31029\"",\""stale_crop_origin\""]"",""[\""synthetic\"",\""synthetic_31030\"",\""stale_crop_origin\""]"",""[\""synthetic\"",\""synthetic_31031\"",\""stale_crop_origin\""]""]",Descriptive direct ROI statistics; exact nonzero is not a clinical or material-change threshold. 
synthetic,stale_crop_origin,own_wrapper_mutation,correct_operation,mean,32,0,0.0,0.0,0.0,0.0,0.0,0.0,32,0,0.0,0.0,0.0,0.0,0.0,0.0,0,"[""[\""synthetic\"",\""synthetic_31000\"",\""stale_crop_origin\""]"",""[\""synthetic\"",\""synthetic_31001\"",\""stale_crop_origin\""]"",""[\""synthetic\"",\""synthetic_31002\"",\""stale_crop_origin\""]"",""[\""synthetic\"",\""synthetic_31003\"",\""stale_crop_origin\""]"",""[\""synthetic\"",\""synthetic_31004\"",\""stale_crop_origin\""]"",""[\""synthetic\"",\""synthetic_31005\"",\""stale_crop_origin\""]"",""[\""synthetic\"",\""synthetic_31006\"",\""stale_crop_origin\""]"",""[\""synthetic\"",\""synthetic_31007\"",\""stale_crop_origin\""]"",""[\""synthetic\"",\""synthetic_31008\"",\""stale_crop_origin\""]"",""[\""synthetic\"",\""synthetic_31009\"",\""stale_crop_origin\""]"",""[\""synthetic\"",\""synthetic_31010\"",\""stale_crop_origin\""]"",""[\""synthetic\"",\""synthetic_31011\"",\""stale_crop_origin\""]"",""[\""synthetic\"",\""synthetic_31012\"",\""stale_crop_origin\""]"",""[\""synthetic\"",\""synthetic_31013\"",\""stale_crop_origin\""]"",""[\""synthetic\"",\""synthetic_31014\"",\""stale_crop_origin\""]"",""[\""synthetic\"",\""synthetic_31015\"",\""stale_crop_origin\""]"",""[\""synthetic\"",\""synthetic_31016\"",\""stale_crop_origin\""]"",""[\""synthetic\"",\""synthetic_31017\"",\""stale_crop_origin\""]"",""[\""synthetic\"",\""synthetic_31018\"",\""stale_crop_origin\""]"",""[\""synthetic\"",\""synthetic_31019\"",\""stale_crop_origin\""]"",""[\""synthetic\"",\""synthetic_31020\"",\""stale_crop_origin\""]"",""[\""synthetic\"",\""synthetic_31021\"",\""stale_crop_origin\""]"",""[\""synthetic\"",\""synthetic_31022\"",\""stale_crop_origin\""]"",""[\""synthetic\"",\""synthetic_31023\"",\""stale_crop_origin\""]"",""[\""synthetic\"",\""synthetic_31024\"",\""stale_crop_origin\""]"",""[\""synthetic\"",\""synthetic_31025\"",\""stale_crop_origin\""]"",""[\""synthetic\"",\""synthetic_31026\"",\""stale_crop_origin\""]"",""[\""synthetic\"",\""synthetic_31027\"",\""stale_crop_origin\""]"",""[\""synthetic\"",\""synthetic_31028\"",\""stale_crop_origin\""]"",""[\""synthetic\"",\""synthetic_31029\"",\""stale_crop_origin\""]"",""[\""synthetic\"",\""synthetic_31030\"",\""stale_crop_origin\""]"",""[\""synthetic\"",\""synthetic_31031\"",\""stale_crop_origin\""]""]",Descriptive direct ROI statistics; exact nonzero is not a clinical or material-change threshold. 
synthetic,stale_crop_origin,own_wrapper_mutation,correct_operation,population_variance,32,0,0.0,0.0,0.0,0.0,0.0,0.0,32,0,0.0,0.0,0.0,0.0,0.0,0.0,0,"[""[\""synthetic\"",\""synthetic_31000\"",\""stale_crop_origin\""]"",""[\""synthetic\"",\""synthetic_31001\"",\""stale_crop_origin\""]"",""[\""synthetic\"",\""synthetic_31002\"",\""stale_crop_origin\""]"",""[\""synthetic\"",\""synthetic_31003\"",\""stale_crop_origin\""]"",""[\""synthetic\"",\""synthetic_31004\"",\""stale_crop_origin\""]"",""[\""synthetic\"",\""synthetic_31005\"",\""stale_crop_origin\""]"",""[\""synthetic\"",\""synthetic_31006\"",\""stale_crop_origin\""]"",""[\""synthetic\"",\""synthetic_31007\"",\""stale_crop_origin\""]"",""[\""synthetic\"",\""synthetic_31008\"",\""stale_crop_origin\""]"",""[\""synthetic\"",\""synthetic_31009\"",\""stale_crop_origin\""]"",""[\""synthetic\"",\""synthetic_31010\"",\""stale_crop_origin\""]"",""[\""synthetic\"",\""synthetic_31011\"",\""stale_crop_origin\""]"",""[\""synthetic\"",\""synthetic_31012\"",\""stale_crop_origin\""]"",""[\""synthetic\"",\""synthetic_31013\"",\""stale_crop_origin\""]"",""[\""synthetic\"",\""synthetic_31014\"",\""stale_crop_origin\""]"",""[\""synthetic\"",\""synthetic_31015\"",\""stale_crop_origin\""]"",""[\""synthetic\"",\""synthetic_31016\"",\""stale_crop_origin\""]"",""[\""synthetic\"",\""synthetic_31017\"",\""stale_crop_origin\""]"",""[\""synthetic\"",\""synthetic_31018\"",\""stale_crop_origin\""]"",""[\""synthetic\"",\""synthetic_31019\"",\""stale_crop_origin\""]"",""[\""synthetic\"",\""synthetic_31020\"",\""stale_crop_origin\""]"",""[\""synthetic\"",\""synthetic_31021\"",\""stale_crop_origin\""]"",""[\""synthetic\"",\""synthetic_31022\"",\""stale_crop_origin\""]"",""[\""synthetic\"",\""synthetic_31023\"",\""stale_crop_origin\""]"",""[\""synthetic\"",\""synthetic_31024\"",\""stale_crop_origin\""]"",""[\""synthetic\"",\""synthetic_31025\"",\""stale_crop_origin\""]"",""[\""synthetic\"",\""synthetic_31026\"",\""stale_crop_origin\""]"",""[\""synthetic\"",\""synthetic_31027\"",\""stale_crop_origin\""]"",""[\""synthetic\"",\""synthetic_31028\"",\""stale_crop_origin\""]"",""[\""synthetic\"",\""synthetic_31029\"",\""stale_crop_origin\""]"",""[\""synthetic\"",\""synthetic_31030\"",\""stale_crop_origin\""]"",""[\""synthetic\"",\""synthetic_31031\"",\""stale_crop_origin\""]""]",Descriptive direct ROI statistics; exact nonzero is not a clinical or material-change threshold. 
synthetic,wrong_image_kernel,own_wrapper_mutation,source,roi_voxels,32,0,4346,7939.5,10830.0,13789.25,21806,11297.125,32,0,4346,7939.5,10830.0,13789.25,21806,11297.125,32,"[""[\""synthetic\"",\""synthetic_31000\"",\""wrong_image_kernel\""]"",""[\""synthetic\"",\""synthetic_31001\"",\""wrong_image_kernel\""]"",""[\""synthetic\"",\""synthetic_31002\"",\""wrong_image_kernel\""]"",""[\""synthetic\"",\""synthetic_31003\"",\""wrong_image_kernel\""]"",""[\""synthetic\"",\""synthetic_31004\"",\""wrong_image_kernel\""]"",""[\""synthetic\"",\""synthetic_31005\"",\""wrong_image_kernel\""]"",""[\""synthetic\"",\""synthetic_31006\"",\""wrong_image_kernel\""]"",""[\""synthetic\"",\""synthetic_31007\"",\""wrong_image_kernel\""]"",""[\""synthetic\"",\""synthetic_31008\"",\""wrong_image_kernel\""]"",""[\""synthetic\"",\""synthetic_31009\"",\""wrong_image_kernel\""]"",""[\""synthetic\"",\""synthetic_31010\"",\""wrong_image_kernel\""]"",""[\""synthetic\"",\""synthetic_31011\"",\""wrong_image_kernel\""]"",""[\""synthetic\"",\""synthetic_31012\"",\""wrong_image_kernel\""]"",""[\""synthetic\"",\""synthetic_31013\"",\""wrong_image_kernel\""]"",""[\""synthetic\"",\""synthetic_31014\"",\""wrong_image_kernel\""]"",""[\""synthetic\"",\""synthetic_31015\"",\""wrong_image_kernel\""]"",""[\""synthetic\"",\""synthetic_31016\"",\""wrong_image_kernel\""]"",""[\""synthetic\"",\""synthetic_31017\"",\""wrong_image_kernel\""]"",""[\""synthetic\"",\""synthetic_31018\"",\""wrong_image_kernel\""]"",""[\""synthetic\"",\""synthetic_31019\"",\""wrong_image_kernel\""]"",""[\""synthetic\"",\""synthetic_31020\"",\""wrong_image_kernel\""]"",""[\""synthetic\"",\""synthetic_31021\"",\""wrong_image_kernel\""]"",""[\""synthetic\"",\""synthetic_31022\"",\""wrong_image_kernel\""]"",""[\""synthetic\"",\""synthetic_31023\"",\""wrong_image_kernel\""]"",""[\""synthetic\"",\""synthetic_31024\"",\""wrong_image_kernel\""]"",""[\""synthetic\"",\""synthetic_31025\"",\""wrong_image_kernel\""]"",""[\""synthetic\"",\""synthetic_31026\"",\""wrong_image_kernel\""]"",""[\""synthetic\"",\""synthetic_31027\"",\""wrong_image_kernel\""]"",""[\""synthetic\"",\""synthetic_31028\"",\""wrong_image_kernel\""]"",""[\""synthetic\"",\""synthetic_31029\"",\""wrong_image_kernel\""]"",""[\""synthetic\"",\""synthetic_31030\"",\""wrong_image_kernel\""]"",""[\""synthetic\"",\""synthetic_31031\"",\""wrong_image_kernel\""]""]",Descriptive direct ROI statistics; exact nonzero is not a clinical or material-change threshold. 
synthetic,wrong_image_kernel,own_wrapper_mutation,source,occupied_volume_mm3,32,0,-195.92596208865507,-16.71198555820979,37.97245018136482,124.82296102320652,551.5820418846233,64.29400374516015,32,0,1.496695386628744,25.12219567397642,76.69507017877959,147.75342863278547,551.5820418846233,109.09465654049197,32,"[""[\""synthetic\"",\""synthetic_31000\"",\""wrong_image_kernel\""]"",""[\""synthetic\"",\""synthetic_31001\"",\""wrong_image_kernel\""]"",""[\""synthetic\"",\""synthetic_31002\"",\""wrong_image_kernel\""]"",""[\""synthetic\"",\""synthetic_31003\"",\""wrong_image_kernel\""]"",""[\""synthetic\"",\""synthetic_31004\"",\""wrong_image_kernel\""]"",""[\""synthetic\"",\""synthetic_31005\"",\""wrong_image_kernel\""]"",""[\""synthetic\"",\""synthetic_31006\"",\""wrong_image_kernel\""]"",""[\""synthetic\"",\""synthetic_31007\"",\""wrong_image_kernel\""]"",""[\""synthetic\"",\""synthetic_31008\"",\""wrong_image_kernel\""]"",""[\""synthetic\"",\""synthetic_31009\"",\""wrong_image_kernel\""]"",""[\""synthetic\"",\""synthetic_31010\"",\""wrong_image_kernel\""]"",""[\""synthetic\"",\""synthetic_31011\"",\""wrong_image_kernel\""]"",""[\""synthetic\"",\""synthetic_31012\"",\""wrong_image_kernel\""]"",""[\""synthetic\"",\""synthetic_31013\"",\""wrong_image_kernel\""]"",""[\""synthetic\"",\""synthetic_31014\"",\""wrong_image_kernel\""]"",""[\""synthetic\"",\""synthetic_31015\"",\""wrong_image_kernel\""]"",""[\""synthetic\"",\""synthetic_31016\"",\""wrong_image_kernel\""]"",""[\""synthetic\"",\""synthetic_31017\"",\""wrong_image_kernel\""]"",""[\""synthetic\"",\""synthetic_31018\"",\""wrong_image_kernel\""]"",""[\""synthetic\"",\""synthetic_31019\"",\""wrong_image_kernel\""]"",""[\""synthetic\"",\""synthetic_31020\"",\""wrong_image_kernel\""]"",""[\""synthetic\"",\""synthetic_31021\"",\""wrong_image_kernel\""]"",""[\""synthetic\"",\""synthetic_31022\"",\""wrong_image_kernel\""]"",""[\""synthetic\"",\""synthetic_31023\"",\""wrong_image_kernel\""]"",""[\""synthetic\"",\""synthetic_31024\"",\""wrong_image_kernel\""]"",""[\""synthetic\"",\""synthetic_31025\"",\""wrong_image_kernel\""]"",""[\""synthetic\"",\""synthetic_31026\"",\""wrong_image_kernel\""]"",""[\""synthetic\"",\""synthetic_31027\"",\""wrong_image_kernel\""]"",""[\""synthetic\"",\""synthetic_31028\"",\""wrong_image_kernel\""]"",""[\""synthetic\"",\""synthetic_31029\"",\""wrong_image_kernel\""]"",""[\""synthetic\"",\""synthetic_31030\"",\""wrong_image_kernel\""]"",""[\""synthetic\"",\""synthetic_31031\"",\""wrong_image_kernel\""]""]",Descriptive direct ROI statistics; exact nonzero is not a clinical or material-change threshold. 
synthetic,wrong_image_kernel,own_wrapper_mutation,source,mean,32,0,-1.2744417076639394,-0.33386184876928177,-0.0922619332139849,0.22805253386261026,1.6009848986482924,-0.03197578127559359,32,0,0.011095327098162855,0.15205786623483009,0.31040854543136276,0.5750095456006847,1.6009848986482924,0.4233976674486083,32,"[""[\""synthetic\"",\""synthetic_31000\"",\""wrong_image_kernel\""]"",""[\""synthetic\"",\""synthetic_31001\"",\""wrong_image_kernel\""]"",""[\""synthetic\"",\""synthetic_31002\"",\""wrong_image_kernel\""]"",""[\""synthetic\"",\""synthetic_31003\"",\""wrong_image_kernel\""]"",""[\""synthetic\"",\""synthetic_31004\"",\""wrong_image_kernel\""]"",""[\""synthetic\"",\""synthetic_31005\"",\""wrong_image_kernel\""]"",""[\""synthetic\"",\""synthetic_31006\"",\""wrong_image_kernel\""]"",""[\""synthetic\"",\""synthetic_31007\"",\""wrong_image_kernel\""]"",""[\""synthetic\"",\""synthetic_31008\"",\""wrong_image_kernel\""]"",""[\""synthetic\"",\""synthetic_31009\"",\""wrong_image_kernel\""]"",""[\""synthetic\"",\""synthetic_31010\"",\""wrong_image_kernel\""]"",""[\""synthetic\"",\""synthetic_31011\"",\""wrong_image_kernel\""]"",""[\""synthetic\"",\""synthetic_31012\"",\""wrong_image_kernel\""]"",""[\""synthetic\"",\""synthetic_31013\"",\""wrong_image_kernel\""]"",""[\""synthetic\"",\""synthetic_31014\"",\""wrong_image_kernel\""]"",""[\""synthetic\"",\""synthetic_31015\"",\""wrong_image_kernel\""]"",""[\""synthetic\"",\""synthetic_31016\"",\""wrong_image_kernel\""]"",""[\""synthetic\"",\""synthetic_31017\"",\""wrong_image_kernel\""]"",""[\""synthetic\"",\""synthetic_31018\"",\""wrong_image_kernel\""]"",""[\""synthetic\"",\""synthetic_31019\"",\""wrong_image_kernel\""]"",""[\""synthetic\"",\""synthetic_31020\"",\""wrong_image_kernel\""]"",""[\""synthetic\"",\""synthetic_31021\"",\""wrong_image_kernel\""]"",""[\""synthetic\"",\""synthetic_31022\"",\""wrong_image_kernel\""]"",""[\""synthetic\"",\""synthetic_31023\"",\""wrong_image_kernel\""]"",""[\""synthetic\"",\""synthetic_31024\"",\""wrong_image_kernel\""]"",""[\""synthetic\"",\""synthetic_31025\"",\""wrong_image_kernel\""]"",""[\""synthetic\"",\""synthetic_31026\"",\""wrong_image_kernel\""]"",""[\""synthetic\"",\""synthetic_31027\"",\""wrong_image_kernel\""]"",""[\""synthetic\"",\""synthetic_31028\"",\""wrong_image_kernel\""]"",""[\""synthetic\"",\""synthetic_31029\"",\""wrong_image_kernel\""]"",""[\""synthetic\"",\""synthetic_31030\"",\""wrong_image_kernel\""]"",""[\""synthetic\"",\""synthetic_31031\"",\""wrong_image_kernel\""]""]",Descriptive direct ROI statistics; exact nonzero is not a clinical or material-change threshold. 
synthetic,wrong_image_kernel,own_wrapper_mutation,source,population_variance,32,0,-30.620268228122825,-15.47820395068446,-5.236126964944219,0.392112534890515,30.986715782079443,-5.756392293455372,32,0,0.23621682251598486,3.61861047039163,9.855046447010949,17.567696548319987,30.986715782079443,11.857176754150187,32,"[""[\""synthetic\"",\""synthetic_31000\"",\""wrong_image_kernel\""]"",""[\""synthetic\"",\""synthetic_31001\"",\""wrong_image_kernel\""]"",""[\""synthetic\"",\""synthetic_31002\"",\""wrong_image_kernel\""]"",""[\""synthetic\"",\""synthetic_31003\"",\""wrong_image_kernel\""]"",""[\""synthetic\"",\""synthetic_31004\"",\""wrong_image_kernel\""]"",""[\""synthetic\"",\""synthetic_31005\"",\""wrong_image_kernel\""]"",""[\""synthetic\"",\""synthetic_31006\"",\""wrong_image_kernel\""]"",""[\""synthetic\"",\""synthetic_31007\"",\""wrong_image_kernel\""]"",""[\""synthetic\"",\""synthetic_31008\"",\""wrong_image_kernel\""]"",""[\""synthetic\"",\""synthetic_31009\"",\""wrong_image_kernel\""]"",""[\""synthetic\"",\""synthetic_31010\"",\""wrong_image_kernel\""]"",""[\""synthetic\"",\""synthetic_31011\"",\""wrong_image_kernel\""]"",""[\""synthetic\"",\""synthetic_31012\"",\""wrong_image_kernel\""]"",""[\""synthetic\"",\""synthetic_31013\"",\""wrong_image_kernel\""]"",""[\""synthetic\"",\""synthetic_31014\"",\""wrong_image_kernel\""]"",""[\""synthetic\"",\""synthetic_31015\"",\""wrong_image_kernel\""]"",""[\""synthetic\"",\""synthetic_31016\"",\""wrong_image_kernel\""]"",""[\""synthetic\"",\""synthetic_31017\"",\""wrong_image_kernel\""]"",""[\""synthetic\"",\""synthetic_31018\"",\""wrong_image_kernel\""]"",""[\""synthetic\"",\""synthetic_31019\"",\""wrong_image_kernel\""]"",""[\""synthetic\"",\""synthetic_31020\"",\""wrong_image_kernel\""]"",""[\""synthetic\"",\""synthetic_31021\"",\""wrong_image_kernel\""]"",""[\""synthetic\"",\""synthetic_31022\"",\""wrong_image_kernel\""]"",""[\""synthetic\"",\""synthetic_31023\"",\""wrong_image_kernel\""]"",""[\""synthetic\"",\""synthetic_31024\"",\""wrong_image_kernel\""]"",""[\""synthetic\"",\""synthetic_31025\"",\""wrong_image_kernel\""]"",""[\""synthetic\"",\""synthetic_31026\"",\""wrong_image_kernel\""]"",""[\""synthetic\"",\""synthetic_31027\"",\""wrong_image_kernel\""]"",""[\""synthetic\"",\""synthetic_31028\"",\""wrong_image_kernel\""]"",""[\""synthetic\"",\""synthetic_31029\"",\""wrong_image_kernel\""]"",""[\""synthetic\"",\""synthetic_31030\"",\""wrong_image_kernel\""]"",""[\""synthetic\"",\""synthetic_31031\"",\""wrong_image_kernel\""]""]",Descriptive direct ROI statistics; exact nonzero is not a clinical or material-change threshold. 
synthetic,wrong_image_kernel,own_wrapper_mutation,correct_operation,roi_voxels,32,0,0,0.0,0.0,0.0,0,0.0,32,0,0,0.0,0.0,0.0,0,0.0,0,"[""[\""synthetic\"",\""synthetic_31000\"",\""wrong_image_kernel\""]"",""[\""synthetic\"",\""synthetic_31001\"",\""wrong_image_kernel\""]"",""[\""synthetic\"",\""synthetic_31002\"",\""wrong_image_kernel\""]"",""[\""synthetic\"",\""synthetic_31003\"",\""wrong_image_kernel\""]"",""[\""synthetic\"",\""synthetic_31004\"",\""wrong_image_kernel\""]"",""[\""synthetic\"",\""synthetic_31005\"",\""wrong_image_kernel\""]"",""[\""synthetic\"",\""synthetic_31006\"",\""wrong_image_kernel\""]"",""[\""synthetic\"",\""synthetic_31007\"",\""wrong_image_kernel\""]"",""[\""synthetic\"",\""synthetic_31008\"",\""wrong_image_kernel\""]"",""[\""synthetic\"",\""synthetic_31009\"",\""wrong_image_kernel\""]"",""[\""synthetic\"",\""synthetic_31010\"",\""wrong_image_kernel\""]"",""[\""synthetic\"",\""synthetic_31011\"",\""wrong_image_kernel\""]"",""[\""synthetic\"",\""synthetic_31012\"",\""wrong_image_kernel\""]"",""[\""synthetic\"",\""synthetic_31013\"",\""wrong_image_kernel\""]"",""[\""synthetic\"",\""synthetic_31014\"",\""wrong_image_kernel\""]"",""[\""synthetic\"",\""synthetic_31015\"",\""wrong_image_kernel\""]"",""[\""synthetic\"",\""synthetic_31016\"",\""wrong_image_kernel\""]"",""[\""synthetic\"",\""synthetic_31017\"",\""wrong_image_kernel\""]"",""[\""synthetic\"",\""synthetic_31018\"",\""wrong_image_kernel\""]"",""[\""synthetic\"",\""synthetic_31019\"",\""wrong_image_kernel\""]"",""[\""synthetic\"",\""synthetic_31020\"",\""wrong_image_kernel\""]"",""[\""synthetic\"",\""synthetic_31021\"",\""wrong_image_kernel\""]"",""[\""synthetic\"",\""synthetic_31022\"",\""wrong_image_kernel\""]"",""[\""synthetic\"",\""synthetic_31023\"",\""wrong_image_kernel\""]"",""[\""synthetic\"",\""synthetic_31024\"",\""wrong_image_kernel\""]"",""[\""synthetic\"",\""synthetic_31025\"",\""wrong_image_kernel\""]"",""[\""synthetic\"",\""synthetic_31026\"",\""wrong_image_kernel\""]"",""[\""synthetic\"",\""synthetic_31027\"",\""wrong_image_kernel\""]"",""[\""synthetic\"",\""synthetic_31028\"",\""wrong_image_kernel\""]"",""[\""synthetic\"",\""synthetic_31029\"",\""wrong_image_kernel\""]"",""[\""synthetic\"",\""synthetic_31030\"",\""wrong_image_kernel\""]"",""[\""synthetic\"",\""synthetic_31031\"",\""wrong_image_kernel\""]""]",Descriptive direct ROI statistics; exact nonzero is not a clinical or material-change threshold. 
synthetic,wrong_image_kernel,own_wrapper_mutation,correct_operation,occupied_volume_mm3,32,0,0.0,0.0,0.0,0.0,0.0,0.0,32,0,0.0,0.0,0.0,0.0,0.0,0.0,0,"[""[\""synthetic\"",\""synthetic_31000\"",\""wrong_image_kernel\""]"",""[\""synthetic\"",\""synthetic_31001\"",\""wrong_image_kernel\""]"",""[\""synthetic\"",\""synthetic_31002\"",\""wrong_image_kernel\""]"",""[\""synthetic\"",\""synthetic_31003\"",\""wrong_image_kernel\""]"",""[\""synthetic\"",\""synthetic_31004\"",\""wrong_image_kernel\""]"",""[\""synthetic\"",\""synthetic_31005\"",\""wrong_image_kernel\""]"",""[\""synthetic\"",\""synthetic_31006\"",\""wrong_image_kernel\""]"",""[\""synthetic\"",\""synthetic_31007\"",\""wrong_image_kernel\""]"",""[\""synthetic\"",\""synthetic_31008\"",\""wrong_image_kernel\""]"",""[\""synthetic\"",\""synthetic_31009\"",\""wrong_image_kernel\""]"",""[\""synthetic\"",\""synthetic_31010\"",\""wrong_image_kernel\""]"",""[\""synthetic\"",\""synthetic_31011\"",\""wrong_image_kernel\""]"",""[\""synthetic\"",\""synthetic_31012\"",\""wrong_image_kernel\""]"",""[\""synthetic\"",\""synthetic_31013\"",\""wrong_image_kernel\""]"",""[\""synthetic\"",\""synthetic_31014\"",\""wrong_image_kernel\""]"",""[\""synthetic\"",\""synthetic_31015\"",\""wrong_image_kernel\""]"",""[\""synthetic\"",\""synthetic_31016\"",\""wrong_image_kernel\""]"",""[\""synthetic\"",\""synthetic_31017\"",\""wrong_image_kernel\""]"",""[\""synthetic\"",\""synthetic_31018\"",\""wrong_image_kernel\""]"",""[\""synthetic\"",\""synthetic_31019\"",\""wrong_image_kernel\""]"",""[\""synthetic\"",\""synthetic_31020\"",\""wrong_image_kernel\""]"",""[\""synthetic\"",\""synthetic_31021\"",\""wrong_image_kernel\""]"",""[\""synthetic\"",\""synthetic_31022\"",\""wrong_image_kernel\""]"",""[\""synthetic\"",\""synthetic_31023\"",\""wrong_image_kernel\""]"",""[\""synthetic\"",\""synthetic_31024\"",\""wrong_image_kernel\""]"",""[\""synthetic\"",\""synthetic_31025\"",\""wrong_image_kernel\""]"",""[\""synthetic\"",\""synthetic_31026\"",\""wrong_image_kernel\""]"",""[\""synthetic\"",\""synthetic_31027\"",\""wrong_image_kernel\""]"",""[\""synthetic\"",\""synthetic_31028\"",\""wrong_image_kernel\""]"",""[\""synthetic\"",\""synthetic_31029\"",\""wrong_image_kernel\""]"",""[\""synthetic\"",\""synthetic_31030\"",\""wrong_image_kernel\""]"",""[\""synthetic\"",\""synthetic_31031\"",\""wrong_image_kernel\""]""]",Descriptive direct ROI statistics; exact nonzero is not a clinical or material-change threshold. 
synthetic,wrong_image_kernel,own_wrapper_mutation,correct_operation,mean,32,0,-1.093762750166293,-0.06459366507015629,0.09381946904805061,0.2912625052915761,1.1291195772265605,0.08777997553266673,32,0,0.004807845875526517,0.06630876944461972,0.2191489913416942,0.33078583716133236,1.1291195772265605,0.2792376306676893,32,"[""[\""synthetic\"",\""synthetic_31000\"",\""wrong_image_kernel\""]"",""[\""synthetic\"",\""synthetic_31001\"",\""wrong_image_kernel\""]"",""[\""synthetic\"",\""synthetic_31002\"",\""wrong_image_kernel\""]"",""[\""synthetic\"",\""synthetic_31003\"",\""wrong_image_kernel\""]"",""[\""synthetic\"",\""synthetic_31004\"",\""wrong_image_kernel\""]"",""[\""synthetic\"",\""synthetic_31005\"",\""wrong_image_kernel\""]"",""[\""synthetic\"",\""synthetic_31006\"",\""wrong_image_kernel\""]"",""[\""synthetic\"",\""synthetic_31007\"",\""wrong_image_kernel\""]"",""[\""synthetic\"",\""synthetic_31008\"",\""wrong_image_kernel\""]"",""[\""synthetic\"",\""synthetic_31009\"",\""wrong_image_kernel\""]"",""[\""synthetic\"",\""synthetic_31010\"",\""wrong_image_kernel\""]"",""[\""synthetic\"",\""synthetic_31011\"",\""wrong_image_kernel\""]"",""[\""synthetic\"",\""synthetic_31012\"",\""wrong_image_kernel\""]"",""[\""synthetic\"",\""synthetic_31013\"",\""wrong_image_kernel\""]"",""[\""synthetic\"",\""synthetic_31014\"",\""wrong_image_kernel\""]"",""[\""synthetic\"",\""synthetic_31015\"",\""wrong_image_kernel\""]"",""[\""synthetic\"",\""synthetic_31016\"",\""wrong_image_kernel\""]"",""[\""synthetic\"",\""synthetic_31017\"",\""wrong_image_kernel\""]"",""[\""synthetic\"",\""synthetic_31018\"",\""wrong_image_kernel\""]"",""[\""synthetic\"",\""synthetic_31019\"",\""wrong_image_kernel\""]"",""[\""synthetic\"",\""synthetic_31020\"",\""wrong_image_kernel\""]"",""[\""synthetic\"",\""synthetic_31021\"",\""wrong_image_kernel\""]"",""[\""synthetic\"",\""synthetic_31022\"",\""wrong_image_kernel\""]"",""[\""synthetic\"",\""synthetic_31023\"",\""wrong_image_kernel\""]"",""[\""synthetic\"",\""synthetic_31024\"",\""wrong_image_kernel\""]"",""[\""synthetic\"",\""synthetic_31025\"",\""wrong_image_kernel\""]"",""[\""synthetic\"",\""synthetic_31026\"",\""wrong_image_kernel\""]"",""[\""synthetic\"",\""synthetic_31027\"",\""wrong_image_kernel\""]"",""[\""synthetic\"",\""synthetic_31028\"",\""wrong_image_kernel\""]"",""[\""synthetic\"",\""synthetic_31029\"",\""wrong_image_kernel\""]"",""[\""synthetic\"",\""synthetic_31030\"",\""wrong_image_kernel\""]"",""[\""synthetic\"",\""synthetic_31031\"",\""wrong_image_kernel\""]""]",Descriptive direct ROI statistics; exact nonzero is not a clinical or material-change threshold. 
synthetic,wrong_image_kernel,own_wrapper_mutation,correct_operation,population_variance,32,0,-11.122540679150234,5.132037991762871,13.552639840645043,19.76201220361054,37.90724118677997,11.425314503813345,32,0,0.862723978358872,8.829584289718994,13.552639840645043,19.76201220361054,37.90724118677997,14.320525673180613,32,"[""[\""synthetic\"",\""synthetic_31000\"",\""wrong_image_kernel\""]"",""[\""synthetic\"",\""synthetic_31001\"",\""wrong_image_kernel\""]"",""[\""synthetic\"",\""synthetic_31002\"",\""wrong_image_kernel\""]"",""[\""synthetic\"",\""synthetic_31003\"",\""wrong_image_kernel\""]"",""[\""synthetic\"",\""synthetic_31004\"",\""wrong_image_kernel\""]"",""[\""synthetic\"",\""synthetic_31005\"",\""wrong_image_kernel\""]"",""[\""synthetic\"",\""synthetic_31006\"",\""wrong_image_kernel\""]"",""[\""synthetic\"",\""synthetic_31007\"",\""wrong_image_kernel\""]"",""[\""synthetic\"",\""synthetic_31008\"",\""wrong_image_kernel\""]"",""[\""synthetic\"",\""synthetic_31009\"",\""wrong_image_kernel\""]"",""[\""synthetic\"",\""synthetic_31010\"",\""wrong_image_kernel\""]"",""[\""synthetic\"",\""synthetic_31011\"",\""wrong_image_kernel\""]"",""[\""synthetic\"",\""synthetic_31012\"",\""wrong_image_kernel\""]"",""[\""synthetic\"",\""synthetic_31013\"",\""wrong_image_kernel\""]"",""[\""synthetic\"",\""synthetic_31014\"",\""wrong_image_kernel\""]"",""[\""synthetic\"",\""synthetic_31015\"",\""wrong_image_kernel\""]"",""[\""synthetic\"",\""synthetic_31016\"",\""wrong_image_kernel\""]"",""[\""synthetic\"",\""synthetic_31017\"",\""wrong_image_kernel\""]"",""[\""synthetic\"",\""synthetic_31018\"",\""wrong_image_kernel\""]"",""[\""synthetic\"",\""synthetic_31019\"",\""wrong_image_kernel\""]"",""[\""synthetic\"",\""synthetic_31020\"",\""wrong_image_kernel\""]"",""[\""synthetic\"",\""synthetic_31021\"",\""wrong_image_kernel\""]"",""[\""synthetic\"",\""synthetic_31022\"",\""wrong_image_kernel\""]"",""[\""synthetic\"",\""synthetic_31023\"",\""wrong_image_kernel\""]"",""[\""synthetic\"",\""synthetic_31024\"",\""wrong_image_kernel\""]"",""[\""synthetic\"",\""synthetic_31025\"",\""wrong_image_kernel\""]"",""[\""synthetic\"",\""synthetic_31026\"",\""wrong_image_kernel\""]"",""[\""synthetic\"",\""synthetic_31027\"",\""wrong_image_kernel\""]"",""[\""synthetic\"",\""synthetic_31028\"",\""wrong_image_kernel\""]"",""[\""synthetic\"",\""synthetic_31029\"",\""wrong_image_kernel\""]"",""[\""synthetic\"",\""synthetic_31030\"",\""wrong_image_kernel\""]"",""[\""synthetic\"",\""synthetic_31031\"",\""wrong_image_kernel\""]""]",Descriptive direct ROI statistics; exact nonzero is not a clinical or material-change threshold. 
